code,name,price,trend,momentum,volatility,volume,sr,pattern,sentiment,raw,adj,final,zone,action,weekly_raw,g5,g10,ext,rsi,dist_flags,mct,sector,mcap,avgvol
IDOWF,iShares VII Public Limited Company - iShares Dow Jones Industrial Average UCITS ETF,622.303,19,8,10,14,6,12,5,74,-1.0,78.0,Strong,Enter w/ confidence,68,2.8,2.1,2.5,76.1,0,,nan,nan,140.74
CBAN,Colony Bankcorp Inc.,20.24,13,14,12,16,8,7,4,74,-1.0,76.0,Strong,Enter w/ confidence,59,2.2,2.3,2.1,58.6,0,,Financial Services,428271680.0,143348.32
ATLO,Ames National Corporation,29.81,17,11,6,17,6,10,5,72,3.0,76.0,Strong,Enter w/ confidence,71,3.7,3.5,4.0,65.8,0,,Financial Services,264033728.0,36753.0
FULT,Fulton Financial Corporation,21.95,16,14,9,15,7,8,4,73,2.0,75.0,Strong,Enter w/ confidence,67,1.2,2.6,2.1,57.3,0,,Financial Services,4195382272.0,1784300.5
WTBA,West Bancorporation,24.09,14,12,10,16,8,5,3,68,2.0,75.0,Strong,🔥 COILED: Enter w/ confidence,52,0.6,1.3,1.4,53.8,0,,Financial Services,410206944.0,38746.0
SMBK,"SmartFinancial, Inc.",42.27,15,16,8,16,6,5,3,69,2.0,74.0,Strong,Enter w/ confidence,54,1.4,1.6,2.0,56.3,0,,Financial Services,722752448.0,70646.0
FCNCA,"First Citizens BancShares, Inc.",2075.1,18,14,9,15,7,8,5,76,-2.0,74.0,Strong,Enter w/ confidence,60,4.2,4.3,4.5,62.6,1,,Financial Services,24044130304.0,106517.0
FNLC,First Bancorp Inc,29.81,16,14,6,18,6,8,4,72,0.0,73.0,Strong,Enter w/ confidence,68,2.4,3.9,3.1,61.0,0,,Financial Services,336130336.0,19439.0
ISUPF,iShares II Public Limited Company - iShares US Property Yield UCITS ETF,32.913,12,11,6,16,7,6,3,61,4.0,73.0,Strong,Enter w/ confidence,68,0.6,1.2,0.8,55.7,0,,nan,nan,9538.55
ARGX,argenx NV ADR,891.32,16,13,6,17,6,9,5,72,0.0,73.0,Strong,Enter w/ confidence,64,6.6,9.2,8.6,67.8,1,,Healthcare,55703015424.0,349302.47
CENT,Central Garden & Pet Company,40.16,18,14,9,13,6,5,5,70,3.0,71.0,Strong,Enter w/ confidence,75,4.4,4.0,4.1,62.7,0,,Consumer Defensive,2512842496.0,77002.89
BKUT,Bank of Utica,700.0,15,8,10,14,4,11,3,65,1.0,71.0,Strong,🔥 COILED: Enter w/ confidence,59,0.0,1.1,0.8,68.5,0,,Financial Services,175000000.0,0.0
RBB,RBB Bancorp,24.0,15,12,9,10,7,6,3,62,0.0,70.0,Strong,Enter w/ confidence,58,0.3,1.0,1.2,56.7,0,,Financial Services,406461312.0,62694.5
IVSXF,Investor AB (publ),40.41,16,5,13,16,6,8,5,69,-2.0,70.0,Strong,Enter w/ confidence,57,2.8,3.1,2.6,63.7,0,,Financial Services,123804786688.0,0.0
FCBC,First Community Bancshares Inc,43.12,15,16,7,14,7,5,3,67,2.0,70.0,Strong,Enter w/ confidence,65,0.0,1.8,1.3,54.6,0,,Financial Services,813533312.0,61437.0
MBXCX,CATALYST/MILLBURN HEDGE STRATEGY FUND CATALYST/MILLBURN HEDGE STRATEGY FUND CLASS C,43.98,16,11,10,9,6,7,4,63,2.0,70.0,Strong,🔥 COILED: Enter w/ confidence,52,1.0,0.2,0.5,57.8,0,,nan,0.0,0.0
MBXFX,Catalyst/Millburn Hedge Strategy Fund Class C-1,43.6,16,11,10,9,6,7,4,63,2.0,70.0,Strong,🔥 COILED: Enter w/ confidence,52,1.0,0.2,0.5,57.7,0,,nan,nan,0.0
MTB,M&T Bank Corporation,222.44,17,12,6,16,7,8,5,71,-1.0,70.0,Strong,Enter w/ confidence,51,2.9,4.8,3.6,62.2,0,,Financial Services,32575238144.0,1106630.13
GBNXF,Gibson Energy Inc,21.185,11,14,9,13,8,8,4,67,-1.0,69.0,Moderate,🔥 COILED: Enter w/ caution,56,2.1,0.4,0.6,53.0,0,,Energy,3653745408.0,21777.55
OSBC,Old Second Bancorp Inc,21.56,16,12,8,14,7,8,4,69,2.0,69.0,Moderate,Enter w/ caution,71,1.1,2.3,2.2,57.4,0,,Financial Services,1108881920.0,351753.0
HST,Host Hotels & Resorts Inc,24.62,18,8,7,16,7,8,5,69,0.0,69.0,Moderate,Enter w/ caution,72,7.1,9.9,7.6,78.4,1,,Real Estate,17080525824.0,8354819.0
HBT,Hbt Financial Inc,28.95,17,12,5,14,6,9,4,67,2.0,69.0,Moderate,Enter w/ caution,73,1.1,1.7,2.4,58.3,0,,Financial Services,1053232320.0,49754.5
XBTOX,John Hancock Financial Opportunities Fund,38.6,17,12,9,9,6,8,3,64,2.0,69.0,Moderate,Enter w/ caution,53,0.9,1.4,1.5,56.6,0,,Other,0.0,0.0
CMFSX,MFS Value 529 Port A,39.55,17,8,11,9,6,9,4,64,2.0,69.0,Moderate,Enter w/ caution,58,1.1,1.2,1.0,59.2,0,,Other,0.0,0.0
MVAAX,MFS Value 529 Port Ag,39.55,17,8,11,9,6,9,4,64,2.0,69.0,Moderate,Enter w/ caution,58,1.1,1.2,1.0,59.2,0,,Other,0.0,0.0
PEBK,Peoples Bancorp of North Carolina,43.08,18,12,5,11,6,11,5,68,1.0,69.0,Moderate,Enter w/ caution,71,2.3,1.2,3.8,62.5,0,,Financial Services,228744864.0,18417.6
PEB-PE,Pebblebrook Hotel Trust,20.0,14,8,9,14,9,4,3,61,4.0,68.0,Moderate,Enter w/ caution,55,0.8,0.9,0.4,52.8,2,,Real Estate,2997099520.0,8288.65
MYFW,First Western Financial Inc,29.18,14,14,8,16,7,2,3,64,0.0,68.0,Moderate,Enter w/ caution,68,0.0,2.9,2.0,59.0,0,,Financial Services,283891296.0,27675.48
DHLRX,DIAMOND HILL LARGE CAP FUND DIAMOND HILL LARGE CAP FUND CLASS I,32.56,14,12,11,9,6,7,4,63,2.0,68.0,Moderate,Enter w/ caution,51,1.1,1.1,1.0,58.6,0,,nan,0.0,0.0
AIZ,"Assurant, Inc.",257.35,17,13,6,13,6,7,5,67,1.0,68.0,Moderate,Enter w/ caution,71,3.4,0.6,3.5,67.4,0,,Financial Services,12751084544.0,369997.0
BNL,Broadstone Net Lease Inc,20.58,15,9,9,16,6,7,4,66,1.0,67.0,Moderate,Enter w/ caution,73,1.7,0.8,2.0,61.2,0,,Real Estate,4117287424.0,2026056.04
CWBC,Community West Bancshares,24.65,16,14,8,11,6,9,4,68,-2.0,67.0,Moderate,Enter w/ caution,68,2.7,3.8,3.0,62.3,0,,Financial Services,668858176.0,140941.5
PCB,PCB Bancorp,25.2,16,12,7,15,6,12,3,71,-4.0,67.0,Moderate,Enter w/ caution,72,2.6,2.6,3.2,61.1,0,,Financial Services,358715040.0,25047.96
BFST,Business First Bancshares Inc,28.45,15,11,9,15,7,6,4,67,2.0,67.0,Moderate,Enter w/ caution,56,-0.1,1.6,1.9,57.6,0,,Financial Services,929688192.0,146243.0
BUSA,2023 EFT Series Trust - Brandes U S Value ETF,39.469,16,10,9,15,7,9,4,70,-3.0,67.0,Moderate,Enter w/ caution,60,1.4,2.0,1.5,64.8,1,,nan,nan,27138.68
PNC,PNC Financial Services Group Inc,228.37,17,12,6,16,7,8,5,71,-2.0,67.0,Moderate,Enter w/ caution,60,3.3,4.6,3.8,62.9,0,,Financial Services,91705311232.0,2159283.0
KEY,KeyCorp,21.76,16,14,8,11,7,5,3,64,2.0,66.0,Moderate,Enter w/ caution,58,2.0,1.3,1.8,55.9,1,,Financial Services,23592751104.0,17881490.78
GATCX,THE GABELLI ASSET FUND CLASS C,43.18,15,8,11,9,6,7,3,59,2.0,66.0,Moderate,🔥 COILED: Enter w/ caution,53,1.1,2.1,1.1,58.2,0,,nan,0.0,0.0
CDVCX,Columbia Dividend Income 529 Port C,42.53,16,8,10,9,6,9,4,62,1.0,66.0,Moderate,Enter w/ caution,66,1.0,1.0,1.0,61.5,0,,Other,0.0,0.0
GHC,Graham Holdings Co,1132.53,15,14,11,9,8,3,3,63,2.0,66.0,Moderate,Enter w/ caution,56,3.2,3.3,1.7,56.2,0,,Consumer Defensive,4877901824.0,25386.02
THNOF,Technology One Limited,21.37,16,6,8,14,6,9,5,64,-4.0,65.0,Moderate,🔥 COILED: Enter w/ caution,55,0.0,3.2,1.6,68.0,0,,Technology,7073804800.0,41.84
SHBI,Shore Bancshares Inc,20.99,16,12,5,17,7,7,5,69,-4.0,65.0,Moderate,Enter w/ caution,75,1.6,5.2,4.2,62.3,0,,Financial Services,702240000.0,195472.57
OSW,OneSpaWorld Holdings Ltd,24.07,12,14,9,8,7,7,3,60,2.0,65.0,Moderate,🔥 COILED: Enter w/ caution,64,1.3,-0.2,0.4,51.5,1,,Consumer Cyclical,2443462400.0,813874.5
NRIM,Northrim BanCorp Inc,24.8,16,14,8,9,7,5,3,62,2.0,65.0,Moderate,Enter w/ caution,37,0.4,1.3,1.7,54.9,0,,Financial Services,551670208.0,152471.18
COSO,"CoastalSouth Bancshares, Inc.",25.97,17,16,8,10,7,11,3,72,-8.0,65.0,Moderate,Enter w/ caution,66,1.7,1.8,1.4,58.1,0,,Financial Services,315994816.0,70142.5
FTXO,First Trust Nasdaq Bank ETF,39.378,18,14,9,17,7,8,4,77,-12.0,65.0,Moderate,Enter w/ caution,50,3.0,3.5,2.9,60.2,0,,nan,nan,430439.99
EFSI,Eagle Financial Services Inc Common Stock,41.01,19,9,5,11,7,8,5,64,0.0,65.0,Moderate,Enter w/ caution,63,3.9,3.9,4.9,70.9,0,,Financial Services,221961536.0,15296.4
NBHC,National Bank Holdings Corporation,42.19,9,14,8,13,6,3,3,56,4.0,65.0,Moderate,🔥 COILED: Enter w/ caution,56,0.9,0.6,1.0,53.6,1,,Financial Services,1889724800.0,410010.0
OILD,MicroSectorsTM Oil & Gas Exploration & Production -3X Inverse Leveraged ETNs,42.135,12,16,6,12,8,2,2,58,2.0,65.0,Moderate,🔥 COILED: Enter w/ caution,34,-6.1,8.2,2.4,52.4,1,,nan,nan,55800.15
UNF,Unifirst Corporation,269.92,17,8,8,15,3,8,5,64,1.0,65.0,Moderate,Enter w/ caution,60,1.7,1.9,2.3,63.4,0,,Industrials,4881207808.0,222800.5
MCS,Marcus Corporation,20.35,18,8,5,16,7,9,5,68,-4.0,64.0,Moderate,Enter w/ caution,79,7.6,11.1,7.4,67.7,2,,Communication Services,625321536.0,189441.0
EBF,Ennis Inc,20.59,11,16,8,13,4,6,3,61,0.0,64.0,Moderate,Enter w/ caution,47,0.6,2.7,0.6,51.7,0,,Industrials,520891424.0,178841.0
CURB,Curbline Properties Corp.,29.27,18,10,5,16,7,2,5,63,1.0,64.0,Moderate,Enter w/ caution,72,0.5,2.0,2.6,63.6,0,,Real Estate,3089136640.0,750243.36
ISTR,Investar Holding Corp,29.03,16,14,8,10,8,5,4,65,-2.0,64.0,Moderate,Enter w/ caution,60,2.7,1.6,2.6,60.2,0,,Financial Services,400427776.0,90183.0
CART,Maplebear Inc.,41.26,15,10,7,7,9,4,5,57,2.0,64.0,Moderate,🔥 COILED: Enter w/ caution,53,3.7,2.9,1.3,52.3,1,,Consumer Cyclical,9697329152.0,5088868.11
LPG,Dorian LPG Ltd,41.58,12,14,3,13,8,4,5,59,4.0,64.0,Moderate,Enter w/ caution,64,3.4,-9.3,0.4,52.6,0,,Energy,1778903936.0,535124.0
TSBK,Timberland Bancorp Inc,41.59,16,14,3,15,5,8,3,64,2.0,64.0,Moderate,Enter w/ caution,65,2.5,2.3,2.4,58.1,0,,Financial Services,325564576.0,22962.16
HFBK,Harford Bank,40.24,8,14,11,10,8,7,4,62,1.0,64.0,Moderate,Enter w/ caution,50,0.6,1.2,0.4,52.7,0,,Financial Services,60806828.0,1157.26
HGHIX,The Hartford Global Health Fund Class,42.29,18,8,5,9,6,9,4,59,2.0,64.0,Moderate,Enter w/ caution,53,0.9,1.8,1.9,59.0,0,,nan,0.0,0.0
HGHSX,THE HARTFORD HEALTHCARE FUND CLASS R4,43.14,18,8,5,9,6,9,4,59,2.0,64.0,Moderate,Enter w/ caution,53,0.9,1.8,1.9,59.0,0,,nan,0.0,0.0
HGHFX,THE HARTFORD HEALTHCARE FUND CLASS F,42.73,18,8,5,9,6,9,4,59,2.0,64.0,Moderate,Enter w/ caution,53,0.9,1.8,2.0,59.1,0,,nan,0.0,0.0
JBHT,JB Hunt Transport Services Inc,284.95,18,6,6,15,7,9,5,66,-2.0,64.0,Moderate,Enter w/ caution,68,3.1,9.9,6.9,72.0,1,,Industrials,26870558720.0,1150656.5
AZLCZ,Aztec Land Comb Cert,2299.36,15,10,8,16,7,9,5,70,-6.0,64.0,Moderate,Enter w/ caution,64,3.3,7.4,5.4,70.2,0,,Real Estate,325741152.0,61.28
BKRIF,Bank of Ireland Group PLC,20.334,15,9,7,14,3,8,5,61,2.0,63.0,Moderate,Enter w/ caution,60,1.3,3.1,2.6,57.3,0,,Financial Services,19319711744.0,2941.28
KIM,Kimco Realty Corporation,24.23,14,14,3,12,6,6,4,59,4.0,63.0,Moderate,Enter w/ caution,69,0.6,0.7,1.6,58.9,0,,Real Estate,16340463616.0,4866526.0
GRDN,"Guardian Pharmacy Services, Inc.",40.48,17,8,6,15,7,6,5,64,-1.0,63.0,Moderate,Enter w/ caution,71,4.5,5.5,5.3,66.8,0,,Healthcare,2563219200.0,365061.51
SPFI,South Plains Financial Inc,41.13,9,14,8,16,5,3,3,58,2.0,63.0,Moderate,Enter w/ caution,57,1.3,2.5,1.4,53.4,0,,Financial Services,787464896.0,73596.5
FSBC,Five Star Bancorp,43.02,17,12,5,12,7,9,5,67,-4.0,63.0,Moderate,Enter w/ caution,83,1.9,2.4,2.7,62.8,0,,Financial Services,919602048.0,71207.69
SCHL,Scholastic Corporation,43.16,17,8,6,15,7,9,5,67,-4.0,63.0,Moderate,Enter w/ caution,65,6.6,7.5,4.7,64.2,1,,Communication Services,796482944.0,413682.0
R,Ryder System Inc,265.22,19,7,6,15,7,6,5,65,-2.0,63.0,Moderate,Enter w/ caution,70,5.7,11.2,7.0,73.7,2,,Industrials,10261630976.0,373893.5
ESS,Essex Property Trust Inc,285.43,19,10,8,15,7,4,5,68,-3.0,63.0,Moderate,Enter w/ caution,66,4.7,4.2,4.0,72.7,0,,Real Estate,19673602048.0,489840.64
GWW,WW Grainger Inc,1300.01,17,12,10,15,6,8,5,73,-8.0,63.0,Moderate,Enter w/ caution,72,5.3,4.9,4.2,71.3,0,,Industrials,61377527808.0,281466.0
FXNC,First National Corp,29.06,15,12,5,11,6,9,5,63,-2.0,62.0,Moderate,Enter w/ caution,63,4.5,4.3,4.3,63.3,0,,Financial Services,262730496.0,45007.0
HCKG,Hocking Valley Bancshares Inc,29.01,15,7,8,9,6,9,3,57,0.0,62.0,Moderate,🔥 COILED: Enter w/ caution,63,0.3,0.3,0.2,57.6,0,,Financial Services,36067844.0,0.0
HGHAX,THE HARTFORD HEALTHCARE FUND CLASS A,38.32,16,8,5,9,6,9,4,57,2.0,62.0,Moderate,Enter w/ caution,53,0.9,1.8,2.0,59.0,0,,nan,0.0,0.0
HGHRX,THE HARTFORD HEALTHCARE FUND CLASS R3,38.85,16,8,5,9,6,9,4,57,2.0,62.0,Moderate,Enter w/ caution,56,0.9,1.8,1.9,58.9,0,,nan,0.0,0.0
CAMVX,AM Century Mid Cap Value 529 Port A,38.84,16,8,7,9,6,8,4,58,1.0,62.0,Moderate,Enter w/ caution,67,1.7,2.1,1.6,64.9,0,,Other,0.0,0.0
CMAVX,Columbia Am Century Mid Cap Value 529 Po,38.84,16,8,7,9,6,8,4,58,1.0,62.0,Moderate,Enter w/ caution,67,1.7,2.1,1.6,64.9,0,,Other,0.0,0.0
DESK,VanEck ETF Trust,39.301,16,10,6,15,6,6,5,64,0.0,62.0,Moderate,Enter w/ caution,58,3.4,5.4,4.4,68.5,0,,nan,nan,893.96
PBF,PBF Energy Inc,42.5,15,9,11,13,5,3,5,61,-2.0,62.0,Moderate,🔥 COILED: Enter w/ caution,55,4.4,8.8,2.2,53.3,1,,Energy,5028109312.0,3321922.5
ITIC,Investors Title Company,242.97,13,12,9,9,6,7,3,59,2.0,62.0,Moderate,Enter w/ caution,49,3.5,-0.4,2.2,56.3,0,,Financial Services,458726400.0,22382.0
ALX,Alexanders Inc,258.59,16,11,7,15,6,6,5,66,-2.0,62.0,Moderate,Enter w/ caution,62,5.1,3.4,4.5,63.1,0,,Real Estate,1320694144.0,65596.5
FBP,First BanCorp.,24.32,14,14,8,8,7,11,4,66,-8.0,61.0,Moderate,Enter w/ caution,67,1.4,0.7,1.7,57.6,1,,Financial Services,3761923328.0,1287306.0
JFBC,Jeffersonville Bancorp,28.0,11,7,10,8,6,11,3,56,2.0,61.0,Moderate,Enter w/ caution,58,2.1,0.0,1.1,57.8,0,,Financial Services,118566144.0,1644.29
MVCAX,MFS MID CAP VALUE FUND A,32.91,16,9,7,9,6,6,4,57,1.0,61.0,Moderate,Enter w/ caution,63,1.4,2.5,1.7,65.1,0,,nan,0.0,0.0
PSCC,Invesco S&P SmallCap Consumer Staples ETF,33.17,12,14,10,14,6,2,3,61,-1.0,61.0,Moderate,Enter w/ caution,50,1.1,1.3,1.2,55.8,1,,nan,nan,9273.62
HCBC,High Country Bancorp Inc,40.0,18,4,7,16,6,12,5,68,-3.0,61.0,Moderate,Enter w/ caution,77,1.3,4.1,2.9,78.9,0,,Financial Services,39899280.0,0.0
BLHK,Blueharbor Bank,42.25,13,10,9,10,6,5,5,58,0.0,61.0,Moderate,Enter w/ caution,54,-1.6,-0.6,0.7,57.8,0,,Financial Services,125033128.0,0.0
RYREX,REAL ESTATE FUND CLASS A,43.0,15,10,9,9,6,4,3,56,2.0,61.0,Moderate,Enter w/ caution,58,1.3,0.7,1.4,58.6,0,,nan,0.0,0.0
RYHRX,REAL ESTATE FUND CLASS H,42.92,15,10,9,9,6,4,3,56,2.0,61.0,Moderate,Enter w/ caution,58,1.3,0.7,1.4,58.5,0,,nan,0.0,0.0
URI,United Rentals Inc,1067.77,18,6,6,16,5,8,5,64,-3.0,61.0,Moderate,Enter w/ caution,62,7.2,14.5,8.4,72.2,2,,Industrials,66892115968.0,602274.0
FINN,First National of Nebraska Inc,19000.0,19,9,5,9,6,7,5,60,1.0,61.0,Moderate,Enter w/ caution,60,7.3,2.8,4.4,65.7,1,,Financial Services,5066812416.0,0.0
OLP,One Liberty Properties Inc,24.05,16,14,9,11,6,11,4,71,-9.0,60.0,Moderate,Enter w/ caution,69,2.1,2.9,2.9,62.4,0,,Real Estate,524757696.0,79749.33
MVCGX,MFS MID CAP VALUE FUND R1,29.28,16,8,7,9,6,6,4,56,1.0,60.0,Moderate,Enter w/ caution,63,1.4,2.5,1.7,64.7,0,,nan,0.0,0.0
KMDIX,KEELEY MID CAP DIVIDEND VALUE FUND CLASS I,33.41,15,7,7,9,3,11,3,55,0.0,60.0,Moderate,🔥 COILED: Enter w/ caution,48,-0.1,0.7,0.0,51.1,0,,nan,0.0,0.0
ARDGX,Archer Dividend Growth Fund,32.34,13,10,5,9,6,6,4,53,2.0,60.0,Moderate,🔥 COILED: Enter w/ caution,55,0.2,-0.1,0.4,54.6,0,,nan,0.0,0.0
RNST,Renasant Corporation,40.83,12,12,6,15,7,2,4,58,2.0,60.0,Moderate,Enter w/ caution,56,0.3,-0.8,1.4,55.5,0,,Financial Services,3767470848.0,627117.5
ALL,The Allstate Corporation,221.01,16,15,2,8,6,8,4,59,3.0,60.0,Moderate,Enter w/ caution,59,7.2,3.1,3.6,60.0,1,,Financial Services,56892596224.0,1547066.5
BAC-PL,Bank of America Corporation,1222.0,16,10,7,14,7,4,3,61,-1.0,60.0,Moderate,Enter w/ caution,39,1.3,2.1,1.2,59.9,0,,Financial Services,241314086912.0,8492.92
BAC-P-L,Bank of America Corporation Non Cumulative Perpetual Conv Pfd Ser L,1222.0,16,10,7,14,7,4,3,61,-1.0,60.0,Moderate,Enter w/ caution,39,1.3,2.1,1.2,59.9,0,,Other,nan,8492.9
LNXSF,Lanxess AG,20.8,14,7,11,8,4,4,3,51,0.0,59.0,Moderate,🔥 COILED: Enter w/ caution,33,0.0,0.0,0.1,49.8,1,,Basic Materials,1821656576.0,0.0
ALH,Alliance Laundry Holdings Inc.,25.05,13,11,7,15,7,1,3,57,-1.0,59.0,Moderate,🔥 COILED: Enter w/ caution,54,-0.8,3.3,0.6,53.8,1,,Consumer Cyclical,4975146496.0,0.0
TPOR,Direxion Daily Transportation Bull 3X Shares,39.67,16,10,5,16,7,2,5,61,-2.0,59.0,Moderate,Enter w/ caution,65,2.2,11.3,6.5,62.0,2,,nan,nan,21562.03
NSA,National Storage Affiliates Trust,43.43,14,12,8,9,6,4,3,56,2.0,59.0,Moderate,Enter w/ caution,61,1.8,1.5,2.2,58.1,0,,Real Estate,6386808832.0,1387259.76
AMAL,Amalgamated Bank,42.42,15,14,7,9,5,7,4,61,0.0,59.0,Moderate,Enter w/ caution,66,2.3,2.5,2.5,56.8,0,,Financial Services,1266972800.0,164773.17
FRESX,FIDELITY REAL ESTATE INVESTMENT PORTFOLIO FIDELITY REAL ESTATE INVESTMENT PORTFOLIO,42.47,14,10,4,9,6,8,3,54,2.0,59.0,Moderate,Enter w/ caution,59,1.0,-0.1,0.9,56.0,0,,nan,0.0,0.0
ABBV,AbbVie Inc,227.23,15,8,6,15,6,6,5,61,-2.0,59.0,Moderate,Enter w/ caution,50,4.4,5.9,5.7,68.9,0,,Healthcare,401468325888.0,6274022.95
PKG,Packaging Corp of America,222.82,14,10,4,14,3,6,3,54,0.0,59.0,Moderate,🔥 COILED: Enter w/ caution,55,1.8,4.2,1.6,56.6,0,,Consumer Cyclical,19852961792.0,876813.64
LGND,Ligand Pharmaceuticals Incorporated,237.0,17,10,6,15,5,2,5,60,1.0,59.0,Moderate,Enter w/ caution,57,2.2,6.7,3.7,60.9,0,,Healthcare,4749731328.0,210601.0
GVDBF,Givaudan SA,3611.22,15,6,11,11,4,5,5,57,2.0,59.0,Moderate,Enter w/ caution,48,-0.0,7.0,2.9,58.4,0,,Basic Materials,33328660480.0,0.0
SEB,Seaboard Corporation,5433.1,16,8,5,16,4,3,5,57,-1.0,59.0,Moderate,Enter w/ caution,57,6.9,8.0,5.7,62.0,1,,Industrials,5203795968.0,11499.0
FMBL,Farmers And Merchants Bank of Long Beach,8600.0,16,10,5,16,6,2,4,59,-3.0,59.0,Moderate,Enter w/ caution,66,0.3,1.2,0.9,71.2,0,,Financial Services,1039963584.0,71.13
RMR,RMR Group Inc,20.29,16,7,9,14,7,6,5,64,-9.0,58.0,Moderate,Enter w/ caution,72,1.7,1.0,3.0,64.2,0,,Real Estate,346824704.0,162241.0
TWO-PB,Two Harbors Investment Corp,24.64,12,11,5,12,7,8,3,58,2.0,58.0,Moderate,Enter w/ caution,54,0.2,1.2,0.3,52.7,0,,Real Estate,3356767744.0,24401.34
NECB,Northeast Community Bancorp Inc,25.0,15,14,7,7,6,9,4,62,-2.0,58.0,Moderate,Enter w/ caution,73,3.1,3.6,3.1,60.5,0,,Financial Services,345850560.0,45063.77
ALRS,Alerus Financial Corp,28.95,14,8,5,15,7,6,5,60,-2.0,58.0,Moderate,Enter w/ caution,74,1.3,2.6,3.5,64.7,0,,Financial Services,727474304.0,118341.27
MSBI,"Midland States Bancorp, Inc.",28.53,16,11,10,15,7,5,3,67,-9.0,58.0,Moderate,Enter w/ caution,73,2.6,3.4,4.1,65.2,0,,Financial Services,591421184.0,159338.5
PRMY,Primary Bank,29.5,10,7,11,13,8,4,4,57,2.0,58.0,Moderate,Enter w/ caution,50,0.1,0.8,0.2,53.7,1,,Financial Services,142452368.0,572.0
BIIEX,BRANDES INTERNATIONAL EQUITY FUND CLASS I,29.32,13,9,9,7,3,6,3,50,0.0,58.0,Moderate,🔥 COILED: Enter w/ caution,46,-0.4,-0.8,0.0,51.1,0,,nan,0.0,0.0
PPTY,U.S. Diversified Real Estate,33.484,16,10,6,16,6,11,4,69,-9.0,58.0,Moderate,Enter w/ caution,64,1.8,1.5,2.1,63.1,0,,nan,nan,4653.18
FFSIX,FIDELITY ADVISOR FINANCIAL SERVICES FUND CLASS I,38.89,17,12,12,9,6,3,4,63,-8.0,58.0,Moderate,Enter w/ caution,48,1.6,0.8,1.3,57.7,0,,nan,0.0,0.0
FIKBX,FIDELITY ADVISOR FINANCIAL SERVICES FUND CLASS Z,38.85,17,12,12,9,6,3,4,63,-8.0,58.0,Moderate,Enter w/ caution,48,1.6,0.8,1.4,57.7,0,,nan,nan,0.0
RFIX,Simplify Bond Bull ETF,39.075,8,10,10,16,4,4,3,55,2.0,58.0,Moderate,Enter w/ caution,43,1.7,1.0,0.9,52.9,0,,nan,nan,557844.0
UVSP,Univest Corporation Pennsylvania,40.57,19,13,7,12,7,6,5,69,-9.0,58.0,Moderate,Enter w/ caution,74,2.9,3.2,3.7,65.0,0,,Financial Services,1129704192.0,152989.14
PEIOX,EQUITY INCOME FUND FORMERLY EQUITY INCOME FUND I R-3,43.98,15,3,10,9,3,7,3,50,0.0,58.0,Moderate,🔥 COILED: Enter w/ caution,55,0.5,0.3,0.2,53.1,0,,nan,0.0,0.0
PEUCX,EQUITY INCOME FUND FORMERLY EQUITY INCOME FUND I CLASS C,42.42,15,3,10,9,3,7,3,50,0.0,58.0,Moderate,🔥 COILED: Enter w/ caution,54,0.4,0.2,0.2,52.9,0,,nan,0.0,0.0
VWTNX,Tomorrow's Scholar College Savings Plan â ING Large Cap Value Fund,42.81,18,8,7,9,6,5,5,58,-3.0,58.0,Moderate,Enter w/ caution,64,0.7,2.9,2.1,70.6,0,,nan,nan,0.0
JNJ,Johnson & Johnson,232.77,14,14,3,9,4,7,5,56,2.0,58.0,Moderate,Enter w/ caution,49,3.3,0.4,2.0,56.6,0,,Healthcare,560327884800.0,8408601.5
KHNGF,Kuehne + Nagel International AG,237.76,14,9,9,9,6,7,3,57,-2.0,58.0,Moderate,Enter w/ caution,51,0.0,9.6,3.4,61.0,1,,Industrials,28236394496.0,0.0
VHT,Vanguard Health Care Index Fund ETF Shares,284.13,15,12,4,8,7,6,5,57,1.0,58.0,Moderate,Enter w/ caution,53,1.6,2.7,2.7,62.3,0,,nan,13248034816.0,238166.73
TDG,Transdigm Group Incorporated,1238.74,13,14,6,10,6,3,3,55,0.0,58.0,Moderate,🔥 COILED: Enter w/ caution,33,-1.6,2.4,1.5,54.9,0,,Industrials,69287165952.0,358639.52
MNPP,Merchants' National Properties Inc,2160.0,11,5,10,11,6,6,3,52,1.0,58.0,Moderate,🔥 COILED: Enter w/ caution,48,0.0,0.0,0.3,62.0,0,,Real Estate,196298640.0,0.0
SWIOU,Southwest Iowa Renewable Energy LLC,14000,15,7,9,10,6,6,4,57,-4.0,58.0,Moderate,🔥 COILED: Enter w/ caution,53,0.0,0.0,0.5,67.4,1,,nan,133376616.0,1.53
TCMD,Tactile Systems Technology Inc,25.4,14,12,6,10,5,5,2,54,2.0,57.0,Moderate,Enter w/ caution,40,3.2,-0.9,3.1,55.5,0,,Healthcare,572929024.0,337348.04
FMAO,Farmers & Merchants Bancorp Inc,28.09,16,14,8,15,7,3,4,67,-10.0,57.0,Moderate,Enter w/ caution,67,0.6,0.9,2.1,57.0,0,,Financial Services,386748416.0,38161.56
CFBK,CF Bankshares Inc,29.31,13,11,8,11,4,3,5,55,1.0,57.0,Moderate,Enter w/ caution,47,2.8,5.4,3.5,62.4,0,,Financial Services,190459712.0,40879.0
CUBE,CubeSmart,40.31,15,12,4,10,7,4,3,55,2.0,57.0,Moderate,Enter w/ caution,63,0.8,0.5,1.4,55.5,0,,Real Estate,9174892544.0,2108615.5
CWEN-A,Clearway Energy Inc,40.43,12,7,11,7,6,6,3,52,0.0,57.0,Moderate,🔥 COILED: Enter w/ caution,59,0.0,0.0,0.2,55.3,0,,Utilities,8307674112.0,233041.07
PRSU,"Pursuit Attractions and Hospitality, Inc.",43.92,13,7,5,15,7,5,5,57,0.0,57.0,Moderate,Enter w/ caution,59,-1.9,-1.4,0.8,55.6,0,,Consumer Cyclical,1205571584.0,222681.93
LVHD,Legg Mason Low Volatility High Dividend ETF,42.991,13,16,1,9,8,4,4,55,2.0,57.0,Moderate,Enter w/ caution,52,1.3,0.1,0.9,55.2,1,,nan,nan,53429.29
HOMZ,The Hoya Capital Housing ETF,43.85,11,10,7,8,7,3,3,49,2.0,57.0,Moderate,🔥 COILED: Enter w/ caution,26,0.1,0.9,0.3,51.1,0,,nan,nan,2444.04
FRVJX,Fidelity Advisor Real Estate Z,42.44,14,10,6,9,6,4,3,52,2.0,57.0,Moderate,Enter w/ caution,0,0.9,-0.2,0.8,55.7,0,,nan,nan,0.0
LECO,Lincoln Electric Holdings Inc,262.13,11,10,6,9,7,5,2,50,2.0,57.0,Moderate,🔥 COILED: Enter w/ caution,50,1.4,0.8,0.4,51.0,0,,Industrials,14361346048.0,343122.5
AGX,Argan Inc,694.72,15,12,4,15,7,3,3,59,2.0,57.0,Moderate,Enter w/ caution,61,4.2,7.8,3.5,57.9,0,,Industrials,9739450368.0,390860.0
GENE,Genetic Technologies Ltd,1912.7,12,14,10,9,7,2,3,57,-3.0,57.0,Moderate,Enter w/ caution,61,-0.2,0.5,0.4,55.0,1,,Healthcare,3708138.0,2664.99
SVKEF,Skandinaviska Enskilda Banken AB A,20.21,15,5,5,13,4,9,4,55,-2.0,56.0,Moderate,Enter w/ caution,42,0.0,8.0,2.2,63.4,0,,Financial Services,39461048320.0,249.02
CVBF,CVB Financial Corporation,20.5,14,16,7,8,7,6,3,61,-8.0,56.0,Moderate,Enter w/ caution,52,0.7,0.9,1.2,54.2,0,,Financial Services,3617331712.0,1285731.0
CLBK,Columbia Financial Inc,20.27,14,13,7,15,7,6,5,67,-12.0,56.0,Moderate,Enter w/ caution,71,0.7,0.2,2.1,60.0,0,,Financial Services,2109042304.0,208391.42
ZEGLF,ZEGLF,24.58,12,3,8,12,6,6,4,51,2.0,56.0,Moderate,Enter w/ caution,53,0.4,0.4,1.0,56.3,0,,Communication Services,5559106560.0,1873.14
FOR,Forestar Group Inc,28.18,17,6,6,15,5,8,4,61,-5.0,56.0,Moderate,Enter w/ caution,58,2.6,7.6,3.8,61.4,0,,Real Estate,1437426048.0,146359.5
RIGL,Rigel Pharmaceuticals Inc,29.93,8,12,5,11,5,5,5,51,0.0,56.0,Moderate,🔥 COILED: Enter w/ caution,42,-1.8,2.5,1.0,52.4,0,,Healthcare,553767232.0,506830.29
CBK,"Commercial Bancgroup, Inc. Common Stock",29.74,16,14,4,17,6,7,4,68,-12.0,56.0,Moderate,Enter w/ caution,66,2.9,2.2,2.9,60.2,0,,Financial Services,407475744.0,0.0
HILFX,HENNESSY LARGE CAP FINANCIAL FUND INSTITUTIONAL CLASS,32.38,14,8,9,9,3,8,4,55,-2.0,56.0,Moderate,Enter w/ caution,47,1.2,2.4,1.8,57.9,0,,nan,0.0,0.0
LBSAX,COLUMBIA DIVIDEND INCOME FUND COLUMBIA DIVIDEND INCOME FUND CLASS A,38.91,15,5,6,9,3,9,4,51,0.0,56.0,Moderate,🔥 COILED: Enter w/ caution,63,0.2,0.2,0.3,54.4,0,,nan,0.0,0.0
CDIRX,COLUMBIA DIVIDEND INCOME FUND COLUMBIA DIVIDEND INCOME FUND CLASS R,38.93,15,5,6,9,3,9,4,51,0.0,56.0,Moderate,🔥 COILED: Enter w/ caution,63,0.2,0.2,0.3,54.2,0,,nan,0.0,0.0
GSFTX,COLUMBIA DIVIDEND INCOME FUND COLUMBIA DIVIDEND INCOME FUND CLASS Z,38.96,15,5,6,9,3,9,4,51,0.0,56.0,Moderate,🔥 COILED: Enter w/ caution,63,0.2,0.2,0.3,54.4,0,,nan,0.0,0.0
CDDRX,COLUMBIA DIVIDEND INCOME FUND COLUMBIA DIVIDEND INCOME FUND CLASS R5,39.79,15,5,6,9,3,9,4,51,0.0,56.0,Moderate,🔥 COILED: Enter w/ caution,63,0.2,0.2,0.3,54.3,0,,nan,0.0,0.0
CDDYX,COLUMBIA DIVIDEND INCOME FUND COLUMBIA DIVIDEND INCOME FUND CLASS Y,39.88,15,5,6,9,3,9,4,51,0.0,56.0,Moderate,🔥 COILED: Enter w/ caution,65,0.2,0.3,0.3,54.5,0,,nan,0.0,0.0
HMOP,Hartford Municipal Opportunities ETF,39.21,14,9,4,14,5,4,3,53,3.0,56.0,Moderate,Enter w/ caution,50,0.4,0.9,0.4,62.4,0,,nan,nan,72841.88
GFSDX,Columbia Dividend Income S,38.97,15,5,6,9,3,9,4,51,0.0,56.0,Moderate,🔥 COILED: Enter w/ caution,63,0.2,0.2,0.3,54.4,0,,nan,nan,0.0
TBABY,Trelleborg AB (publ),41.144,15,8,11,8,6,2,3,53,-2.0,56.0,Moderate,🔥 COILED: Enter w/ caution,40,0.0,0.0,0.2,68.4,0,,Industrials,9186823168.0,219.64
REPSX,REAL ESTATE ULTRASECTOR PROFUND REAL ESTATE ULTRASECTOR PROFUND SERVICE CLASS,41.62,16,10,4,9,6,8,3,56,-3.0,56.0,Moderate,Enter w/ caution,53,2.4,0.4,1.9,57.3,0,,nan,0.0,0.0
AXGN,Axogen Inc,42.8,16,10,9,13,7,2,3,60,-4.0,56.0,Moderate,Enter w/ caution,66,8.4,3.6,4.9,60.5,2,,Healthcare,2276010752.0,968096.08
OXBC,Oxford Bank Corporation,43.3,18,7,6,15,6,4,4,60,-4.0,56.0,Moderate,Enter w/ caution,64,0.7,3.9,1.7,69.2,0,,Financial Services,107217728.0,0.0
RRPIX,RISING RATES OPPORTUNITY PROFUND RISING RATES OPPORTUNITY PROFUND INVESTOR CLASS,42.52,9,11,4,9,8,3,3,47,4.0,56.0,Moderate,🔥 COILED: Enter w/ caution,50,0.5,-1.5,-0.0,50.8,0,,nan,0.0,0.0
FRVDX,Fidelity Advisor Real Estate M,42.45,14,10,5,9,6,4,3,51,2.0,56.0,Moderate,Enter w/ caution,0,1.1,0.1,1.1,56.7,0,,nan,nan,0.0
FRVBX,Fidelity Advisor Real Estate A,42.46,14,10,5,9,6,4,3,51,2.0,56.0,Moderate,Enter w/ caution,0,1.1,0.0,1.0,56.5,0,,nan,nan,0.0
FRVHX,Fidelity Advisor Real Estate I,42.47,14,10,5,9,6,4,3,51,2.0,56.0,Moderate,Enter w/ caution,0,1.0,-0.1,0.9,56.2,0,,nan,nan,0.0
FRVEX,Fidelity Advisor Real Estate C,42.44,14,10,5,9,6,4,3,51,2.0,56.0,Moderate,Enter w/ caution,0,1.3,0.3,1.2,57.5,0,,nan,nan,0.0
SWGAF,The Swatch Group AG,263.85,13,6,10,10,6,5,5,55,-2.0,56.0,Moderate,Enter w/ caution,62,1.0,2.2,3.7,64.9,1,,Consumer Cyclical,13719151616.0,0.0
LH,Laboratory Corporation of America Holdings,265.15,12,12,8,10,5,8,4,59,-1.0,56.0,Moderate,Enter w/ caution,40,2.0,3.7,2.3,58.5,0,,Healthcare,21742299136.0,684132.0
0P00000M7O,AB American Growth A USD,261.59,14,11,9,7,6,2,4,53,-2.0,56.0,Moderate,🔥 COILED: Enter w/ caution,57,-0.7,0.9,1.0,62.0,0,,nan,nan,0.0
PPRUF,Kering SA,295.0,12,11,7,8,3,3,5,49,2.0,56.0,Moderate,🔥 COILED: Enter w/ caution,32,1.7,2.0,2.8,53.2,1,,Consumer Cyclical,36172591104.0,505.34
LLY,Eli Lilly and Company,1131.42,19,9,4,15,7,6,5,65,-9.0,56.0,Moderate,Enter w/ caution,64,2.4,8.6,7.3,68.4,1,,Healthcare,1008934060032.0,3396573.0
FCNCB,First Citizens BancShares Inc,1880.0,19,8,5,13,8,9,5,67,-16.0,56.0,Moderate,Enter w/ caution,68,17.1,16.9,13.7,83.1,2,,Financial Services,21783511040.0,101.33
HLTOF,Hellenic Telecommunications Organization S.A,20.85,13,7,10,8,4,2,3,47,0.0,55.0,Moderate,🔥 COILED: Enter w/ caution,48,0.0,0.0,0.0,53.2,0,,Communication Services,8442093056.0,32.32
NBPVF,NB Private Equity Partners Limited,20.0,18,4,7,12,6,7,4,58,-3.0,55.0,Moderate,Enter w/ caution,56,4.2,9.4,4.0,71.5,1,,nan,913547200.0,0.0
BSCAX,BRANDES SMALL CAP VALUE FUND CLASS A,22.77,16,8,9,9,6,6,3,57,-5.0,55.0,Moderate,Enter w/ caution,60,0.6,2.8,1.2,57.2,0,,nan,nan,0.0
BSCMX,BRANDES SMALL CAP VALUE FUND CLASS I,23.2,16,8,9,9,6,6,3,57,-5.0,55.0,Moderate,Enter w/ caution,60,0.7,2.9,1.2,57.4,0,,nan,nan,0.0
JPM-PC,JPMorgan Chase & Co,25.27,14,14,1,8,9,6,3,55,2.0,55.0,Moderate,Enter w/ caution,43,0.0,1.1,0.4,58.0,0,,Financial Services,333192134656.0,120869.67
EAASX,EATON VANCE ATLANTA CAPITAL SMID-CAP FUND EATON VANCE ATLANTA CAPITAL SMID-CAP FUND CLASS A,29.52,12,10,8,7,3,4,3,47,0.0,55.0,Moderate,🔥 COILED: Enter w/ caution,34,0.2,1.7,0.4,52.3,0,,nan,0.0,0.0
DALCX,DEAN MID CAP VALUE FUND DEAN MID CAP VALUE FUND,29.66,11,5,10,9,3,6,3,47,0.0,55.0,Moderate,🔥 COILED: Enter w/ caution,58,0.2,0.5,0.2,53.0,0,,nan,0.0,0.0
FEQTX,FIDELITY EQUITY DIVIDEND INCOME FUND FIDELITY EQUITY DIVIDEND INCOME FUND,32.17,16,5,10,9,3,9,4,56,-4.0,55.0,Moderate,Enter w/ caution,60,0.5,0.9,0.9,60.2,0,,nan,0.0,0.0
VEOEF,Veolia Environnement S.A,40.73,10,10,7,13,5,5,2,52,2.0,55.0,Moderate,🔥 COILED: Enter w/ caution,51,0.7,3.7,0.8,53.5,0,,Industrials,29823188992.0,0.0
RCBC,River City Bank,41.5,11,8,12,7,4,3,3,48,2.0,55.0,Moderate,🔥 COILED: Enter w/ caution,26,0.6,1.3,0.5,49.6,1,,Financial Services,597753600.0,2988.56
FSBW,FS Bancorp Inc,40.89,8,14,6,11,6,1,3,49,2.0,55.0,Moderate,Enter w/ caution,52,0.4,-0.8,1.0,52.9,0,,Financial Services,303180608.0,13528.3
ITA,iShares U.S. Aerospace & Defense ETF,229.45,13,7,5,15,3,3,4,50,2.0,55.0,Moderate,Enter w/ caution,39,-2.5,2.8,1.1,53.9,0,,nan,nan,925021.0
ROST,Ross Stores Inc,230.37,17,6,1,11,3,11,4,53,2.0,55.0,Moderate,Enter w/ caution,58,-0.6,6.1,1.9,55.8,1,,Consumer Cyclical,73898336256.0,2679052.5
VLO,Valero Energy Corporation,255.82,17,6,5,14,5,7,5,59,-4.0,55.0,Moderate,Enter w/ caution,64,4.5,6.1,2.2,56.0,1,,Energy,75961344000.0,3153639.0
TPRP,Tower Properties Company,26000,13,7,11,8,6,2,3,50,0.0,55.0,Moderate,🔥 COILED: Enter w/ caution,48,0.0,0.0,0.0,57.7,0,,Real Estate,115024000.0,0.0
SFNC,Simmons First National Corporation,21.58,17,12,8,10,7,4,4,62,-8.0,54.0,Weak,Watchlist only,69,0.6,1.1,1.7,56.2,1,,Financial Services,3130485504.0,1111781.0
BWLP,BW LPG Limited,20.5,12,13,4,11,6,7,4,57,-8.0,54.0,Weak,🔥 COILED: Watchlist only,66,4.6,-8.1,0.1,52.3,0,,Energy,3112199424.0,416489.0
PFSQX,PRUDENTIAL JENNISON FINANCIAL SERVICES FUND CLASS Q,23.85,17,10,10,9,6,3,4,59,-8.0,54.0,Weak,Watchlist only,41,1.4,0.6,1.4,57.8,0,,nan,nan,0.0
GPMXY,GPMXY,24.75,15,10,6,9,6,2,5,53,-2.0,54.0,Weak,Watchlist only,0,0.0,6.5,2.5,65.5,0,,Basic Materials,96339378176.0,0.0
KRT,Karat Packaging Inc,28.45,13,14,6,13,7,2,2,57,-1.0,54.0,Weak,Watchlist only,54,4.9,6.5,3.2,55.9,1,,Consumer Cyclical,567968192.0,94898.46
GBFH,GBank Financial Holdings Inc. Common Stock,29.41,13,14,7,11,7,1,3,56,-3.0,54.0,Weak,Watchlist only,33,-1.3,0.7,1.6,54.1,0,,Financial Services,425573056.0,55626.74
GGHYX,INVESCO GLOBAL HEALTH CARE FUND CLASS Y,38.95,13,10,3,9,6,4,4,49,2.0,54.0,Weak,Watchlist only,46,0.1,1.1,1.3,55.9,0,,nan,0.0,0.0
GGHSX,Invesco Global Health Care Fund Cl R6,39.27,13,10,3,9,6,4,4,49,2.0,54.0,Weak,Watchlist only,46,0.1,1.1,1.4,56.0,0,,nan,0.0,0.0
HSRT,Hartford Short Duration ETF,38.905,10,14,9,6,9,4,3,55,-6.0,54.0,Weak,🔥 COILED: Watchlist only,46,0.1,-0.1,0.0,51.2,0,,nan,nan,12536.2
SDVKF,Sandvik AB (publ),40.43,10,9,6,12,6,3,5,51,0.0,54.0,Weak,Watchlist only,48,-2.0,3.7,-0.4,50.9,0,,Industrials,53137047552.0,0.0
BREIX,BARON REAL ESTATE FUND INSTITUTIONAL SHARES,41.0,14,8,7,9,5,3,3,49,-3.0,54.0,Weak,🔥 COILED: Watchlist only,49,0.5,1.4,0.4,52.7,0,,nan,0.0,0.0
DREYX,DAVIS REAL ESTATE FUND CLASS Y,41.02,13,10,10,9,6,6,4,58,-9.0,54.0,Weak,🔥 COILED: Watchlist only,58,1.6,1.3,1.8,61.2,0,,nan,0.0,0.0
DRECX,DAVIS REAL ESTATE FUND CLASS C,40.3,13,10,10,9,6,6,4,58,-9.0,54.0,Weak,🔥 COILED: Watchlist only,58,1.6,1.3,1.8,60.9,0,,nan,0.0,0.0
VABK,Virginia National Bankshares Corp,42.25,11,9,5,13,9,0,2,49,2.0,54.0,Weak,Watchlist only,46,-2.6,-1.4,-0.1,50.3,0,,Financial Services,229101168.0,12674.78
CITZ,Citizens Bancshares Corporation,43.48,19,9,4,12,6,2,5,57,-3.0,54.0,Weak,Watchlist only,67,1.1,6.0,4.0,78.0,0,,Financial Services,90581488.0,0.0
JAZZ,Jazz Pharmaceuticals PLC,238.57,17,9,5,12,7,5,5,60,-9.0,54.0,Weak,Watchlist only,69,0.9,-0.3,3.4,63.1,0,,Healthcare,14968555520.0,965268.8
FLLMYX,FLLMYX,771.93,18,7,4,9,3,9,3,53,-2.0,54.0,Weak,Watchlist only,55,0.2,3.2,0.8,59.6,0,,nan,nan,0.0
LICT,Lict Corporation,11500.0,17,8,5,15,5,5,5,60,-6.0,54.0,Weak,Watchlist only,45,5.5,6.4,4.4,71.3,1,,Communication Services,176248992.0,68.14
CFRUY,Compagnie Financiere Richemont,20.52,13,7,4,15,3,2,4,48,0.0,53.0,Weak,🔥 COILED: Watchlist only,52,-4.6,2.1,0.6,53.7,0,,Consumer Cyclical,120645353472.0,505284.49
BKRIY,Bank of Ireland Group plc,20.12,12,7,5,10,5,7,4,50,0.0,53.0,Weak,🔥 COILED: Watchlist only,53,-0.6,1.1,1.1,54.7,0,,Financial Services,19116388352.0,38390.58
VECRX,VIRTUS RAMPART ENHANCED CORE EQUITY FUND CLASS R6,23.44,16,5,4,9,3,9,4,50,0.0,53.0,Weak,Watchlist only,58,-0.1,0.7,0.5,56.3,0,,nan,nan,0.0
AGNCN,AGNC Investment Corp.,25.82,12,13,7,16,6,1,3,58,-8.0,53.0,Weak,Watchlist only,67,0.1,0.2,0.2,56.2,1,,Real Estate,8854167552.0,26440.5
GTES,Gates Industrial Corporation plc,25.63,15,7,4,16,3,2,3,50,0.0,53.0,Weak,Watchlist only,55,-1.1,6.5,0.8,52.7,0,,Industrials,6510018048.0,2341583.25
MMNNF,Munters Group AB (publ),24.0,16,5,11,14,6,9,5,66,-13.0,53.0,Weak,Watchlist only,61,14.6,14.6,11.9,83.0,2,,Industrials,4380994560.0,0.0
NGL-PB,NGL Energy Partners LP,25.725,17,10,7,15,7,9,4,69,-14.0,53.0,Weak,Watchlist only,74,0.6,1.1,0.9,67.6,1,,Energy,1801631104.0,39981.89
BBT,Beacon Financial Corporation,28.83,6,13,8,13,4,3,3,50,0.0,53.0,Weak,Watchlist only,43,-0.9,-0.5,-0.2,47.8,0,,Financial Services,2416417792.0,861070.0
WKC,World Kinect Corporation,29.83,16,9,6,15,7,6,5,64,-9.0,53.0,Weak,Watchlist only,69,3.5,3.3,4.5,67.7,1,,Energy,1531933184.0,815525.27
GBMFX,GMO BENCHMARK-FREE ALLOCATION FUND CLASS III,33.89,17,8,11,9,6,2,4,57,-9.0,53.0,Weak,🔥 COILED: Watchlist only,63,0.4,1.5,1.0,69.0,0,,nan,0.0,0.0
CACAX,Janus Enterprise 529 PORT AG,33.27,18,6,7,9,6,4,5,55,-5.0,53.0,Weak,Watchlist only,63,1.2,3.8,2.5,72.4,0,,Other,0.0,0.0
CJEAX,Janus Enterprise 529 Port A,33.27,18,6,7,9,6,4,5,55,-5.0,53.0,Weak,Watchlist only,63,1.2,3.8,2.5,72.4,0,,Other,0.0,0.0
GBMBX,GMO BENCHMARK-FREE ALLOCATION FUND CLASS IV,33.91,17,8,11,9,6,2,4,57,-9.0,53.0,Weak,🔥 COILED: Watchlist only,63,0.4,1.5,1.1,69.5,0,,nan,0.0,0.0
GBMIX,GMO Benchmark-Free Allocation Fund,33.82,17,8,11,9,6,2,4,57,-9.0,53.0,Weak,🔥 COILED: Watchlist only,63,0.4,1.5,1.1,68.9,0,,nan,nan,0.0
GBMSX,GMO Benchmark-Free Allocation Fund Class R6,33.84,17,8,11,9,6,2,4,57,-9.0,53.0,Weak,🔥 COILED: Watchlist only,63,0.4,1.5,1.0,68.9,0,,nan,nan,0.0
RPPRX,Victory Rs Partners Fund Class R6,33.88,13,7,9,9,3,6,3,50,-2.0,53.0,Weak,🔥 COILED: Watchlist only,55,0.0,0.9,0.4,53.6,0,,nan,nan,0.0
BITC,Bitwise Trendwise Bitcoin and Treasuries Rotation Strategy ETF,39.033,6,10,6,10,8,5,2,47,4.0,53,Weak,Watchlist only,45,0.2,0.1,-0.5,47.2,1,,nan,nan,7399.2
TRPA,HARTFORD AAA CLO ETF,38.905,10,13,9,6,9,4,3,54,-6.0,53.0,Weak,🔥 COILED: Watchlist only,45,0.1,-0.1,0.0,51.2,0,,nan,nan,13272.5
WRTBF,Wärtsilä Oyj Abp,41.65,15,7,4,13,8,2,2,51,2.0,53.0,Weak,Watchlist only,51,7.6,11.6,4.3,59.3,2,,Industrials,24554602496.0,379.12
PRKS,United Parks & Resorts Inc,40.77,14,8,5,12,7,4,5,55,-2.0,53.0,Weak,Watchlist only,56,1.6,12.9,6.7,62.1,2,,Consumer Cyclical,1921715456.0,1084093.05
ALCO,Alico Inc,40.97,5,13,7,12,8,5,3,53,2.0,53,Weak,Watchlist only,56,0.8,0.3,0.2,50.0,1,,Consumer Defensive,303846912.0,25651.5
RPFRX,DAVIS REAL ESTATE FUND CLASS A,40.38,13,10,9,9,6,6,4,57,-9.0,53.0,Weak,🔥 COILED: Watchlist only,58,1.6,1.3,1.8,61.1,0,,nan,0.0,0.0
SHOO,Steven Madden Ltd,44.03,17,8,5,15,5,5,5,60,-5.0,53.0,Weak,Watchlist only,65,1.4,6.5,5.1,66.7,0,,Consumer Cyclical,3217951744.0,1302872.0
GSSIX,GOLDMAN SACHS SMALL CAP VALUE FUND INSTITUTIONAL,43.76,16,8,11,9,6,4,4,58,-8.0,53.0,Weak,Watchlist only,57,1.0,2.4,1.5,59.0,0,,nan,0.0,0.0
GSSUX,GOLDMAN SACHS SMALL CAP VALUE FUND CLASS R6 SHARES,43.69,16,8,11,9,6,4,4,58,-8.0,53.0,Weak,Watchlist only,57,0.9,2.4,1.5,58.9,0,,nan,0.0,0.0
GSYPX,GOLDMAN SACHS SMALL CAP VALUE FUND CLASS P SHARES,43.69,16,8,11,9,6,4,4,58,-8.0,53.0,Weak,Watchlist only,57,1.0,2.4,1.5,59.0,0,,nan,nan,0.0
RYJTX,JAPAN 2X STRATEGY FUND CLASS C,257.88,18,8,5,9,6,11,5,62,-9.0,53.0,Weak,Watchlist only,65,3.6,16.6,7.9,68.0,2,,nan,0.0,0.0
EQIX,Equinix Inc,1080.95,14,12,10,9,7,2,4,58,-8.0,53.0,Weak,🔥 COILED: Watchlist only,58,1.2,0.2,0.8,54.8,1,,Real Estate,106607878144.0,560728.5
MBFJF,Mitsubishi UFJ Financial Group Inc,20.1,13,14,1,9,7,3,5,52,2.0,52.0,Weak,Watchlist only,57,6.7,8.4,6.4,57.3,1,,Financial Services,226665414656.0,215821.73
ENGGF,Enagás S.A,20.5,18,5,6,14,6,8,5,62,-10.0,52.0,Weak,Watchlist only,59,4.9,4.9,6.3,99.5,0,,Utilities,5330200576.0,0.0
RNP,Cohen & Steers REIT & Preferred Income Fund Inc,20.9,12,12,8,8,7,2,3,52,-3.0,52.0,Weak,🔥 COILED: Watchlist only,47,-0.7,0.8,0.3,52.5,0,,Financial Services,1214977000.0,127203.5
WJXFF,Wajax Corporation,21.73,9,7,7,14,4,3,3,47,2.0,52.0,Weak,Watchlist only,48,1.0,7.4,0.9,50.1,1,,Industrials,473278272.0,0.0
UMH-PD,UMH Properties Inc,21.99,14,6,5,10,5,7,3,50,2.0,52.0,Weak,Watchlist only,46,2.1,2.0,0.7,57.4,0,,Real Estate,456605568.0,14293.99
NCV-PA,Virtus AllianzGI Convertible & Income Fund,20.81,12,8,2,11,3,7,3,46,2.0,52.0,Weak,Watchlist only,38,0.0,1.1,0.2,51.5,1,,Financial Services,415279392.0,6564.64
FITBI,Fifth Third Bancorp,25.73,14,8,6,13,5,7,4,57,-3.0,52.0,Weak,Watchlist only,58,0.6,0.7,0.6,70.2,0,,Financial Services,17719322624.0,32798.93
GEO,Geo Group Inc,25.31,19,10,7,11,7,8,5,67,-13.0,52.0,Weak,Watchlist only,63,11.6,9.5,10.7,74.3,1,,Industrials,3381878784.0,2146566.15
HOG,Harley-Davidson Inc,24.49,12,10,5,9,7,4,4,51,0.0,52.0,Weak,Watchlist only,60,1.3,5.6,1.4,54.7,0,,Consumer Cyclical,2578020864.0,2738048.0
APPN,Appian Corp,24.73,15,12,1,14,7,1,5,55,-3.0,52.0,Weak,Watchlist only,38,5.7,17.0,7.0,57.6,2,,Technology,1815481728.0,918931.82
HVT-A,Haverty Furniture Companies Inc,24.01,16,5,7,7,2,4,5,46,2.0,52.0,Weak,Watchlist only,41,1.1,1.1,1.4,55.6,0,,Consumer Cyclical,386449440.0,3148.77
MRP,"Millrose Properties, Inc.",28.93,13,12,7,10,5,3,5,55,-1.0,52.0,Weak,Watchlist only,26,2.5,5.0,2.9,56.9,0,,Real Estate,4803766272.0,1716603.5
CBKM,Consumers Bancorp Inc,28.25,18,6,7,14,7,9,4,65,-13.0,52.0,Weak,Watchlist only,76,2.7,4.5,3.1,71.3,0,,Financial Services,88839896.0,0.0
SOPIX,SHORT NASDAQ-100 PROFUND SHORT NASDAQ-100 PROFUND INVESTOR CLASS,29.94,11,11,5,9,3,3,3,45,2.0,52.0,Weak,🔥 COILED: Watchlist only,22,4.6,1.3,1.5,50.3,0,,nan,0.0,0.0
GSXCX,Aberdeen Small Cap Fund Class,32.27,13,6,6,7,3,6,3,44,0.0,52.0,Weak,🔥 COILED: Watchlist only,50,-0.5,0.6,0.0,52.5,0,,nan,0.0,0.0
VLMIX,VALUE LINE MID CAP FOCUSED FUND INC. INSTITUTIONAL CLASS,33.77,14,5,8,9,3,7,3,49,-5.0,52.0,Weak,🔥 COILED: Watchlist only,40,0.6,0.6,0.1,50.9,0,,nan,0.0,0.0
BREFX,BARON REAL ESTATE FUND BARON REAL ESTATE FUND,39.72,14,8,7,9,5,3,3,49,-5.0,52.0,Weak,🔥 COILED: Watchlist only,49,0.5,1.3,0.4,52.6,0,,nan,0.0,0.0
RVRB,Advisors Series Trust - Reverb ETF,38.172,20,6,2,17,3,6,5,59,-7.0,52.0,Weak,Watchlist only,68,1.8,6.0,5.4,61.1,0,,nan,nan,37127.42
XDNA,Kelly CRISPR & Gene Editing Technology ETF,42.67,14,12,10,11,6,5,4,62,-13.0,52.0,Weak,🔥 COILED: Watchlist only,51,0.3,4.4,1.0,53.4,0,,nan,nan,0.0
ODFL,Old Dominion Freight Line Inc,242.57,17,3,5,15,5,11,5,61,-9.0,52.0,Weak,Watchlist only,70,7.7,16.8,10.0,74.1,2,,Industrials,50446868480.0,2171359.5
SUVPF,Sartorius Aktiengesellschaft,288.215,16,4,10,11,4,2,5,52,0.0,52.0,Weak,Watchlist only,59,5.3,12.8,7.7,77.4,2,,Healthcare,19901904896.0,0.0
CW,Curtiss-Wright Corporation,733.14,13,4,6,10,5,5,4,47,2.0,52.0,Weak,Watchlist only,52,-1.9,0.9,0.2,51.5,0,,Industrials,27083044864.0,269014.52
MCK,McKesson Corporation,775.66,9,12,7,9,3,5,4,49,2.0,52.0,Weak,Watchlist only,26,4.5,1.2,1.8,51.9,0,,Healthcare,93237469184.0,826294.84
CNSWF,Constellation Software Inc,2128.0,16,14,5,17,4,2,5,63,-12.0,52.0,Weak,Watchlist only,51,3.9,7.9,7.3,62.5,0,,Technology,45095575552.0,8688.5
HLAN,Heartland Banccorp,22460,15,8,4,12,7,11,4,61,-7.0,52.0,Weak,Watchlist only,39,2.1,9.6,4.1,61.0,1,,Financial Services,323606400.0,68069.27
CPB,Campbell’s Co,21.68,12,14,7,9,5,2,4,53,-2.0,51.0,Weak,Watchlist only,39,2.7,8.1,4.0,63.2,1,,Consumer Defensive,6463816192.0,7352076.81
FUN,Six Flags Entertainment Corporation,20.72,13,11,6,9,7,5,2,53,-5.0,51.0,Weak,Watchlist only,60,-1.4,5.1,2.3,54.5,1,,Consumer Cyclical,2117665664.0,2962314.66
CHMI-P-B,Cherry Hill Mortgage Investment Corporation 8250 Series B FixedtoFloating Rate Cumulative Redeemable Preferred Stock,23.9,14,8,6,15,5,6,4,58,-5.0,51.0,Weak,Watchlist only,53,1.8,3.3,1.5,63.1,0,,Other,nan,2902.81
MS-PE,Morgan Stanley,25.52,17,9,6,9,5,3,3,52,1.0,51.0,Weak,Watchlist only,52,0.4,0.5,0.3,63.6,0,,Financial Services,64255627264.0,60490.83
WY,Weyerhaeuser Company,24.48,11,8,3,13,7,5,4,51,2.0,51.0,Weak,Watchlist only,38,-0.1,4.1,1.7,55.6,0,,Real Estate,17651122176.0,5835736.3
CIM-PD,Chimera Investment Corporation,24.3,12,10,6,11,7,2,3,51,2.0,51.0,Weak,Watchlist only,52,-0.9,-0.4,-0.1,50.9,0,,Real Estate,3401239552.0,17952.71
NGL-PC,NGL Energy Partners LP,25.83,18,13,4,10,6,6,4,61,-8.0,51.0,Weak,Watchlist only,71,1.1,1.5,1.0,59.8,1,,Energy,1791655552.0,3290.13
ACR-PC,ACRES Commercial Realty Corp,25.34,13,11,3,14,7,2,4,54,-3.0,51.0,Weak,Watchlist only,69,-0.0,0.6,0.4,59.6,0,,Real Estate,322127616.0,8118.73
CARE,Carter Bank and Trust,28.54,18,9,4,16,7,9,5,68,-15.0,51.0,Weak,Watchlist only,71,4.5,5.9,5.5,67.0,0,,Financial Services,634216192.0,168353.0
GSSSX,GOLDMAN SACHS SMALL CAP VALUE FUND SERVICE,32.52,14,8,11,9,6,4,4,56,-8.0,51.0,Weak,Watchlist only,57,1.0,2.4,1.4,58.9,0,,nan,0.0,0.0
DSMC,Distillate Small/Mid Cash Flow ETF,39.85,16,7,3,15,3,3,4,51,0.0,51.0,Weak,Watchlist only,65,-0.3,2.6,0.6,55.1,0,,nan,nan,9158.17
FLOW,Global X U.S. Cash Flow Kings 100 ETF,38.582,17,5,3,16,3,5,5,54,-3.0,51.0,Weak,Watchlist only,61,-1.7,3.6,1.1,58.3,0,,nan,nan,2537.02
UFPT,UFP Technologies Inc,223.87,10,9,9,14,5,2,4,53,-2.0,51.0,Weak,Watchlist only,45,1.7,-1.0,2.0,56.8,0,,Healthcare,1732068480.0,167411.39
AXSM,Axsome Therapeutics Inc,232.32,17,11,5,15,5,6,5,64,-14.0,51.0,Weak,Watchlist only,60,-0.9,-0.6,2.7,60.6,1,,Healthcare,11955133440.0,630187.72
HMLN,Hamlin Bank and Trust Company,245.0,18,8,5,10,6,6,5,58,-7.0,51.0,Weak,Watchlist only,70,6.5,8.9,5.7,62.8,1,,Financial Services,87595584.0,100.39
FDS,FactSet Research Systems Inc,255.62,15,10,3,15,5,3,5,56,-5.0,51.0,Weak,Watchlist only,46,4.1,13.6,7.0,62.9,2,,Financial Services,9312524288.0,884958.46
SXI,Standex International Corporation,290.45,17,5,5,16,3,7,5,58,-7.0,51.0,Weak,Watchlist only,77,4.9,15.1,6.0,63.5,2,,Industrials,3518779136.0,153529.5
BKUTK,Bank Utica Ny Nonvtg,650.0,14,13,7,7,6,4,5,56,-3.0,51.0,Weak,Watchlist only,67,1.6,4.0,2.8,64.0,0,,Financial Services,162751552.0,51.02
PH,Parker-Hannifin Corporation,882.34,11,14,7,9,3,2,3,49,2.0,51.0,Weak,Watchlist only,39,4.5,2.0,1.6,52.2,1,,Industrials,111251070976.0,683288.0
SBNC,Southern BancShares N.C. Inc,11800.0,14,3,4,11,6,4,4,46,2.0,51.0,Weak,Watchlist only,45,-1.7,0.9,0.4,52.7,0,,Financial Services,896127424.0,0.0
0P0001Y872,0P0001Y872,1008.28,18,6,5,8,6,7,4,54,-3.0,51.0,Weak,Watchlist only,0,0.0,1.1,0.5,76.8,0,,nan,nan,0.0
PUIGF,PUIGF,20.076,7,5,7,8,6,7,3,43,2.0,50.0,Weak,🔥 COILED: Watchlist only,42,0.0,0.0,-0.4,41.8,0,,Consumer Defensive,19205677056.0,2151.74
CTO,CTO Realty Growth Inc,20.52,12,13,6,13,6,6,4,60,-8.0,50.0,Weak,Watchlist only,63,-0.1,0.2,1.0,55.3,0,,Real Estate,693239296.0,291281.0
CODI-P-B,Compass Diversified Holdings 7.875% Series B Fixed-to-Floating Rate Cumulative Preferred Shares representing beneficial interests in,22.26,12,10,8,14,7,6,3,60,-13.0,50.0,Weak,Watchlist only,57,-2.2,-2.3,-0.4,50.9,0,,Other,nan,19146.71
FHN,First Horizon Corporation,24.16,10,14,7,8,7,3,3,52,-2.0,50.0,Weak,Watchlist only,43,-0.3,0.2,0.4,51.2,1,,Financial Services,11466766336.0,7734961.5
TRRSF,Trisura Group Ltd,29.921,6,12,7,9,4,5,2,45,2.0,50.0,Weak,Watchlist only,26,0.6,-0.0,-1.0,41.5,1,,Financial Services,1413395968.0,6310.24
LNZNF,Lenzing Aktiengesellschaft,28.61,13,5,10,12,6,4,5,55,-8.0,50.0,Weak,Watchlist only,35,0.0,0.0,1.1,72.4,1,,Consumer Cyclical,1172829952.0,16.0
EFSG,Enterprise Financial Services Group Inc,29.5,15,6,12,10,6,6,3,58,-13.0,50.0,Weak,🔥 COILED: Watchlist only,57,0.0,0.0,0.5,95.8,0,,Financial Services,35409440.0,0.0
MDIHX,MFS INTERNATIONAL DIVERSIFICATION FUND R3,29.77,16,8,9,9,6,4,4,56,-9.0,50.0,Weak,Watchlist only,64,0.3,1.7,1.3,62.1,0,,nan,0.0,0.0
NVDD,Direxion Daily NVDA Bear 1X Shares,33.62,12,12,4,12,3,4,4,51,1.0,50.0,Weak,Watchlist only,33,2.4,6.3,3.9,54.5,0,,nan,nan,618425.95
GCMAX,GOLDMAN SACHS MID CAP VALUE FUND CLASS A,39.39,17,6,7,9,6,4,5,54,-7.0,50.0,Weak,Watchlist only,62,3.1,5.0,3.3,73.2,0,,nan,0.0,0.0
PMBPX,MIDCAP FUND (F/K/A MIDCAP BLEND FUND) R-5,38.31,13,10,6,7,3,0,3,42,0.0,50.0,Weak,🔥 COILED: Watchlist only,33,-0.8,1.6,0.4,52.2,0,,nan,0.0,0.0
PCBIX,MIDCAP FUND (F/K/A MIDCAP BLEND FUND) INSTITUTIONAL CLASS,39.42,13,10,6,7,3,0,3,42,0.0,50.0,Weak,🔥 COILED: Watchlist only,33,-0.8,1.7,0.4,52.3,0,,nan,0.0,0.0
VGISX,VIRTUS GLOBAL REAL ESTATE SECURITIES FUND CLASS I,38.05,8,9,4,9,6,6,3,45,2.0,50.0,Weak,Watchlist only,49,-0.5,-1.0,-0.1,49.8,0,,nan,0.0,0.0
PMAQX,MIDCAP FUND (F/K/A MIDCAP BLEND FUND) R-6,39.53,13,10,6,7,3,0,3,42,0.0,50.0,Weak,🔥 COILED: Watchlist only,33,-0.8,1.7,0.4,52.4,0,,nan,0.0,0.0
GMZPX,GOLDMAN SACHS LARGE CAP GROWTH INSIGHTS FUND CLASS P SHARES,38.26,11,9,8,7,6,2,4,47,-2.0,50.0,Weak,🔥 COILED: Watchlist only,55,-0.9,1.4,1.1,62.3,0,,nan,nan,0.0
NWAOX,Nationwide BNY Mellon Disciplined Value Fund Institutional Service Class,39.65,16,3,4,9,3,8,4,47,0.0,50.0,Weak,Watchlist only,61,0.1,1.1,0.7,56.9,0,,nan,nan,0.0
TMICY,Trend Micro Inc ADR,41.05,14,6,3,15,5,9,5,57,-7.0,50.0,Weak,Watchlist only,50,5.3,9.1,7.3,63.8,1,,Technology,5326948864.0,26777.25
CBLNF,Mersen,42.4,12,3,5,14,6,2,5,47,0.0,50.0,Weak,Watchlist only,60,0.0,0.0,4.8,50.0,0,,Industrials,1028302464.0,17.38
ISHNF,ISHNF,43.34,20,6,5,10,6,8,5,60,-10.0,50.0,Weak,Watchlist only,65,26.2,26.2,14.7,98.0,2,,nan,nan,78.92
FOTB,First Ottawa Bancshares Inc,222.5,15,11,3,8,7,4,5,53,-3.0,50.0,Weak,Watchlist only,52,-3.3,1.1,1.8,55.4,0,,Financial Services,209436128.0,448.59
ITW,Illinois Tool Works Inc,252.72,4,13,8,8,4,5,3,45,2.0,50.0,Weak,Watchlist only,32,2.2,1.1,0.4,49.1,1,,Industrials,72707547136.0,1255667.5
MSCI,MSCI Inc,615.46,15,7,3,15,5,4,5,54,-4.0,50.0,Weak,Watchlist only,55,-2.5,5.7,2.0,58.1,0,,Financial Services,44760924160.0,638221.5
FNOCWX,FNOCWX,926.44,16,7,6,8,3,6,3,49,-2.0,50.0,Weak,Watchlist only,38,0.0,0.7,0.1,57.8,0,,nan,nan,0.0
FXIGNX,FXIGNX,943.97,19,7,4,9,3,6,3,51,-4.0,50.0,Weak,Watchlist only,0,0.3,2.5,0.7,62.1,0,,nan,nan,0.0
RCIT,Reelcause Inc,2483.85,15,12,3,11,6,4,4,55,-8.0,50.0,Weak,Watchlist only,59,1.0,0.2,1.2,58.1,0,,Industrials,295782711296.0,3319.92
TASZX,Third Avenue Small Cap Value Fund Z Class,23.96,12,5,8,9,3,6,3,46,-5.0,49.0,Weak,🔥 COILED: Watchlist only,59,0.4,0.5,0.5,54.6,0,,nan,nan,0.0
SKSDF,Sakata Seed Corporation,25.25,12,6,11,7,3,2,3,44,0.0,49.0,Weak,🔥 COILED: Watchlist only,50,0.0,0.0,0.0,50.0,0,,Consumer Defensive,1067057344.0,10.5
LKFT,Lakefront Biotherapeutics NV,28.02,7,12,4,15,4,1,4,47,2.0,49.0,Weak,Watchlist only,24,-1.2,0.9,0.7,50.4,0,,Healthcare,1846435968.0,158004.86
NXRT,Nexpoint Residential Trust Inc,29.01,12,14,7,5,7,5,2,52,-8.0,49.0,Weak,🔥 COILED: Watchlist only,34,-0.2,-1.7,0.4,53.7,2,,Real Estate,1495332864.0,192013.0
LARK,Landmark Bancorp Inc,28.56,16,7,11,11,7,3,4,59,-10.0,49.0,Weak,Watchlist only,57,0.5,2.2,2.1,58.1,0,,Financial Services,174146080.0,7532.58
VNTRF,Venator Materials PLC,28.0,8,7,11,9,4,4,3,46,0.0,49.0,Weak,Watchlist only,30,0.0,0.0,0.0,55.0,0,,Basic Materials,21999376.0,12.53
BAUAX,BROWN ADVISORY SMALL-CAP FUNDAMENTAL VALUE FUND ADVISOR SHARES,29.5,15,6,6,9,3,4,3,46,-2.0,49.0,Weak,🔥 COILED: Watchlist only,50,-0.1,1.5,0.4,53.3,0,,nan,0.0,0.0
PQIRX,PIONEER EQUITY INCOME FUND PIONEER EQUITY INCOME FUND: CLASS R,28.1,16,5,7,9,3,9,5,54,-5.0,49.0,Weak,Watchlist only,63,-0.0,1.5,1.1,60.9,0,,nan,0.0,0.0
BIAUX,BROWN ADVISORY SMALL-CAP FUNDAMENTAL VALUE FUND INVESTOR SHARES,29.84,15,6,6,9,3,4,3,46,-2.0,49.0,Weak,🔥 COILED: Watchlist only,49,-0.1,1.5,0.4,53.3,0,,nan,0.0,0.0
JVMIX,JOHN HANCOCK DISCIPLINED VALUE MID CAP FUND CLASS I,29.53,14,6,9,9,3,6,4,51,-5.0,49.0,Weak,Watchlist only,58,1.2,2.0,1.0,58.5,0,,nan,0.0,0.0
MDIOX,MFS INTERNATIONAL DIVERSIFICATION FUND R1,28.5,15,8,9,9,6,4,4,55,-9.0,49.0,Weak,Watchlist only,64,0.3,1.7,1.3,62.0,0,,nan,0.0,0.0
GSAIX,GOLDMAN SACHS ASIA EQUITY FUND INSTITUTIONAL,29.27,10,9,3,9,6,1,3,41,0.0,49.0,Weak,🔥 COILED: Watchlist only,53,0.7,0.4,0.0,51.1,0,,nan,0.0,0.0
VGSAX,VIRTUS GLOBAL REAL ESTATE SECURITIES FUND CLASS A,39.32,8,9,3,9,6,6,3,44,2.0,49.0,Weak,Watchlist only,49,-0.5,-1.0,-0.1,49.7,0,,nan,0.0,0.0
NWAMX,Nationwide Mellon Disciplined Value Fund Class K,39.67,16,3,3,9,3,8,4,46,0.0,49.0,Weak,Watchlist only,61,0.1,1.1,0.7,56.8,0,,nan,nan,0.0
NWAPX,Nationwide BNY Mellon Disciplined Value Fund Eagle Class,39.63,16,3,3,9,3,8,4,46,0.0,49.0,Weak,Watchlist only,61,0.1,1.1,0.7,56.8,0,,nan,nan,0.0
NWALX,Nationwide BNY Mellon Disciplined Value Fund Class A,39.66,16,3,3,9,3,8,4,46,0.0,49.0,Weak,Watchlist only,61,0.1,1.1,0.7,56.7,0,,nan,nan,0.0
NWANX,Nationwide BNY Mellon Disciplined Value Fund Class R6,39.65,16,3,3,9,3,8,4,46,0.0,49.0,Weak,Watchlist only,61,0.1,1.1,0.7,56.8,0,,nan,nan,0.0
GTTTX,GOLDMAN SACHS SMALL CAP VALUE INSIGHTS FUND CLASS IR,40.66,17,10,7,9,6,5,4,58,-12.0,49.0,Weak,Watchlist only,64,0.8,2.7,1.8,61.3,0,,nan,0.0,0.0
ACU,Acme United Corporation,43.73,13,10,4,9,5,3,5,49,2.0,49.0,Weak,Watchlist only,58,3.6,1.2,2.8,57.1,0,,Consumer Defensive,166626992.0,13668.25
GABF,Gabelli Financial Services Opportunities ETF,43.766,12,10,8,10,3,3,3,49,-3.0,49.0,Weak,🔥 COILED: Watchlist only,34,0.0,0.5,0.3,51.2,0,,nan,nan,6819.65
IVE,iShares S&P 500 Value ETF,226.54,14,3,7,12,3,5,4,48,-4.0,49.0,Weak,🔥 COILED: Watchlist only,55,-0.6,0.2,0.2,54.9,0,,nan,nan,1058214.94
HWM,Howmet Aerospace Inc,251.9,9,11,3,7,9,5,2,46,2.0,49.0,Weak,Watchlist only,45,-2.5,-3.1,-1.3,47.0,0,,Industrials,100787077120.0,2342714.5
SONVF,Sonova Holding AG,275.6,15,4,8,13,6,1,5,52,-3.0,49.0,Weak,Watchlist only,53,0.0,5.2,6.6,75.2,0,,Healthcare,16371908608.0,249.5
ACXIF,Acciona S.A,296.03,9,9,1,13,6,4,4,46,2.0,49.0,Weak,Watchlist only,50,-1.3,-1.3,-0.4,50.2,1,,Industrials,16135134208.0,266.72
CPLCF,iShares VII Public Limited Company - iShares MSCI USA Small Cap UCITS ETF,670.798,16,5,5,14,3,5,4,52,-3.0,49.0,Weak,Watchlist only,61,-1.7,2.0,0.2,54.5,0,,Other,nan,277.01
FMDFLX,FMDFLX,746.42,19,7,4,8,3,6,3,50,-4.0,49.0,Weak,Watchlist only,53,0.1,2.0,0.6,62.4,0,,nan,nan,0.0
FORCHX,FORCHX,897.9,17,7,5,8,1,7,3,48,-2.0,49.0,Weak,Watchlist only,45,0.2,2.7,0.6,58.3,0,,nan,nan,0.0
FYTCEX,FYTCEX,960.52,16,7,5,8,3,6,3,48,-2.0,49.0,Weak,Watchlist only,48,0.0,1.6,0.4,58.6,0,,nan,nan,0.0
TFINP,Triumph Financial Inc,3709.27,14,9,3,9,7,6,4,52,-3.0,49.0,Weak,Watchlist only,43,1.2,0.7,3.8,52.7,0,,Financial Services,nan,0.0
RYN,Rayonier Inc,20.97,10,8,5,9,7,3,4,46,2.0,48.0,Weak,Watchlist only,34,0.4,2.8,1.3,55.2,0,,Real Estate,6341959168.0,2179267.5
AGRUF,AF Gruppen ASA,20.6,10,7,11,7,3,2,3,43,0.0,48.0,Weak,🔥 COILED: Watchlist only,0,0.0,0.0,0.0,50.0,0,,Industrials,1625107584.0,0.0
ETD,Ethan Allen Interiors Inc,20.67,11,8,4,10,3,3,4,43,2.0,48.0,Weak,Watchlist only,23,0.2,4.8,1.3,52.2,0,,Consumer Cyclical,525975840.0,355123.5
XFLTX,XAI Octagon Floating Rate Alternative Income Term Trust,23.5,14,8,6,9,6,2,3,48,-5.0,48.0,Weak,🔥 COILED: Watchlist only,50,0.9,0.3,0.9,71.3,0,,Other,nan,0.0
STRBX,STERLING CAPITAL BEHAVIORAL SMALL CAP VALUE EQUITY FUND CLASS R6,22.41,13,3,5,9,3,4,3,40,0.0,48.0,Weak,🔥 COILED: Watchlist only,60,-0.2,0.7,0.2,53.0,0,,nan,nan,0.0
CMSQY,Computershare Ltd ADR,24.52,15,5,6,13,3,6,5,53,-5.0,48.0,Weak,Watchlist only,46,-1.4,1.6,2.7,63.5,0,,Financial Services,14182050816.0,88084.5
SSRGF,SSR Mining Inc.,24.5,12,6,11,7,3,6,3,48,-3.0,48.0,Weak,Watchlist only,54,0.0,0.0,0.0,75.5,0,,Basic Materials,5083531264.0,26.88
CIM-PB,Chimera Investment Corporation,24.28,9,8,6,11,7,2,3,46,2.0,48.0,Weak,Watchlist only,47,-1.1,-0.7,-0.4,47.4,0,,Real Estate,3391598848.0,34796.3
OXLCL,Oxford Lane Capital Corp. 6.75% Notes due 2031,24.646,18,14,5,11,6,1,4,59,-12.0,48.0,Weak,Watchlist only,67,0.3,1.5,0.8,61.4,0,,nan,758222000.0,3944.5
SEYMF,SOLARIA ENERGIA Y MEDIO AMBIENTE,28.0,15,4,4,9,6,7,5,50,-2.0,48.0,Weak,Watchlist only,58,1.6,-2.8,0.5,61.7,0,,Utilities,3713868544.0,23.72
BPGIX,BOSTON PARTNERS GLOBAL EQUITY FUND INSTITUTIONAL CLASS,29.12,14,5,7,7,3,6,3,45,0.0,48.0,Weak,Watchlist only,44,-0.5,0.2,-0.0,51.0,0,,nan,0.0,0.0
TRMVX,SIMT LARGE CAP VALUE FUND SIMT LARGE CAP VALUE FUND - CLASS F EFFECTIVE 1-31-2017 (FORMERLY CLASS A),28.81,17,5,5,9,3,8,4,51,-3.0,48.0,Weak,Watchlist only,61,0.0,1.5,0.9,59.9,0,,nan,0.0,0.0
JAMCX,JPMORGAN MID CAP VALUE FUND CLASS A,32.41,13,5,7,9,3,8,3,48,-5.0,48.0,Weak,🔥 COILED: Watchlist only,45,0.6,1.1,0.4,54.6,0,,nan,0.0,0.0
ACSDX,INVESCO COMSTOCK FUND CLASS Y,33.52,15,3,8,9,3,1,4,43,0.0,48.0,Weak,🔥 COILED: Watchlist only,59,0.4,0.7,0.9,59.6,0,,nan,0.0,0.0
ACSTX,INVESCO COMSTOCK FUND CLASS A,33.53,15,3,8,9,3,1,4,43,0.0,48.0,Weak,🔥 COILED: Watchlist only,59,0.4,0.7,0.9,59.9,0,,nan,0.0,0.0
ICSFX,INVESCO COMSTOCK FUND CLASS R6,33.46,15,3,8,9,3,1,4,43,0.0,48.0,Weak,🔥 COILED: Watchlist only,59,0.4,0.7,0.9,60.0,0,,nan,0.0,0.0
JMVQX,JPMORGAN MID CAP VALUE FUND CLASS R4,32.92,13,5,7,9,3,8,3,48,-5.0,48.0,Weak,🔥 COILED: Watchlist only,47,0.6,1.1,0.4,54.7,0,,nan,0.0,0.0
SNOIX,SNOW CAPITAL OPPORTUNITY FUND SNOW CAPITAL OPPORTUNITY FUND - INSTITUTIONAL CLASS SHARES,39.92,10,4,7,7,3,11,3,45,0.0,48.0,Weak,Watchlist only,47,-0.6,0.1,-0.3,48.5,0,,nan,0.0,0.0
GCGIX,GOLDMAN SACHS LARGE CAP GROWTH INSIGHTS FUND INSTITUTIONAL,38.37,11,7,8,7,6,2,4,45,-2.0,48.0,Weak,🔥 COILED: Watchlist only,55,-0.9,1.4,1.1,62.5,0,,nan,0.0,0.0
GLCUX,GOLDMAN SACHS LARGE CAP GROWTH INSIGHTS FUND CLASS R6 SHARES,38.3,11,7,8,7,6,2,4,45,-2.0,48.0,Weak,🔥 COILED: Watchlist only,55,-0.9,1.4,1.1,62.3,0,,nan,0.0,0.0
SNORX,Easterly Snow Long/Short Opportunity Fund Class R6,39.92,10,4,7,7,3,11,3,45,0.0,48.0,Weak,Watchlist only,47,-0.6,0.1,-0.3,48.5,0,,nan,nan,0.0
KEYUF,Keyera Corp,41.19,12,5,3,14,7,2,5,48,0.0,48.0,Weak,Watchlist only,63,0.2,-1.8,1.3,56.6,0,,Energy,9444540416.0,76552.13
PEQLX,Putnam Equity Income Fd Cl R5,42.74,16,5,5,9,3,9,4,51,-3.0,48.0,Weak,Watchlist only,64,0.1,1.3,0.7,57.8,0,,nan,0.0,0.0
ACUIX,COLUMBIA DIVIDEND OPPORTUNITY FUND COLUMBIA DIVIDEND OPPORTUNITY FUND CLASS C,42.97,17,5,4,9,3,9,4,51,-3.0,48.0,Weak,Watchlist only,65,0.1,1.1,0.9,59.0,0,,nan,0.0,0.0
PEIYX,PUTNAM EQUITY INCOME FUND CLASS Y SHARES,42.7,16,5,5,9,3,9,4,51,-3.0,48.0,Weak,Watchlist only,64,0.1,1.3,0.7,57.7,0,,nan,0.0,0.0
TPYP,Tortoise North American Pipeline Fund,42.456,9,8,2,7,9,7,4,46,2.0,48.0,Weak,Watchlist only,54,2.6,-3.1,-0.2,49.5,0,,nan,nan,71574.62
EXPE,Expedia Group Inc.,228.88,7,14,8,8,2,2,2,43,2.0,48.0,Weak,Watchlist only,32,1.4,4.9,0.7,50.1,1,,Consumer Cyclical,27470653440.0,2080625.5
UNP,Union Pacific Corporation,272.32,12,12,1,13,6,8,4,56,-6.0,48.0,Weak,Watchlist only,67,3.7,2.6,2.3,57.4,1,,Industrials,161679982592.0,3446744.5
FVDETX,FVDETX,263.07,18,7,4,8,3,6,3,49,-4.0,48.0,Weak,Watchlist only,51,0.1,2.2,0.6,61.3,0,,nan,nan,0.0
FMQSRX,FMQSRX,658.75,16,7,6,8,1,6,3,47,-2.0,48.0,Weak,Watchlist only,38,0.0,0.6,0.1,57.6,0,,nan,nan,0.0
NEU,NewMarket Corporation,790.13,15,4,6,16,7,1,5,54,-6.0,48.0,Weak,Watchlist only,64,2.1,9.7,5.8,70.7,1,,Basic Materials,7267630592.0,116220.0
FFRLFX,CS 607: Tax Exempt Municipal Income Trust Series 317 - Cash,812.72,15,7,4,9,3,6,3,47,-2.0,48.0,Weak,Watchlist only,58,0.1,2.8,0.7,59.3,0,,nan,nan,0.0
FIFTUX,CS 603: Tax Exempt Municipal Income Trust Series 313,863.73,18,7,3,9,3,6,3,49,-4.0,48.0,Weak,Watchlist only,53,0.2,3.0,0.8,60.8,0,,nan,nan,0.0
FOEBJX,FOEBJX,920.72,18,7,4,8,3,6,3,49,-4.0,48.0,Weak,Watchlist only,52,0.2,2.6,0.7,61.9,0,,nan,nan,0.0
FVNQOX,FVNQOX,977.11,18,7,4,8,1,6,3,47,-2.0,48.0,Weak,Watchlist only,0,0.1,2.1,0.5,59.5,0,,nan,nan,0.0
TYHOY,Toyota Tsusho Corp,20.98,7,10,5,12,8,4,2,48,-1.0,47.0,Weak,Watchlist only,53,-3.7,-5.8,-2.6,46.5,0,,Industrials,44300365824.0,7474.84
FUJIF,FUJIFILM Holdings Corporation,20.84,14,4,10,10,4,2,5,49,-2.0,47.0,Weak,Watchlist only,52,4.2,4.2,3.9,62.8,0,,Industrials,24943409152.0,0.0
LIND,Lindblad Expeditions Holdings Inc,21.66,16,9,2,14,3,4,4,52,-5.0,47.0,Weak,Watchlist only,56,-5.6,9.0,2.6,56.2,2,,Consumer Cyclical,1420896000.0,599159.5
JWLLF,Jamieson Wellness Inc,25.04,11,8,7,7,0,4,3,40,2.0,47.0,Weak,🔥 COILED: Watchlist only,36,0.1,0.1,0.2,52.0,0,,Consumer Defensive,1038708096.0,365.88
BMLKF,"BML, Inc.",25.207,10,6,11,9,1,2,3,42,0.0,47.0,Weak,🔥 COILED: Watchlist only,46,0.0,0.0,0.0,50.0,0,,Healthcare,944849152.0,438.71
CAIAF,CA Immobilien Anlagen AG,28.0,9,7,11,7,3,2,3,42,0.0,47.0,Weak,🔥 COILED: Watchlist only,45,0.0,0.0,0.0,48.2,0,,Real Estate,2575315456.0,1.0
XUTFX,Cohen & Steers Infrastructure Fund Inc,28.26,4,10,1,9,8,7,3,42,2.0,47.0,Weak,Watchlist only,48,0.6,-1.8,-0.4,47.1,0,,Other,0.0,0.0
DICEX,DFA Intl Core Equity 529 Port E,32.14,13,5,9,9,6,6,4,52,-10.0,47.0,Weak,🔥 COILED: Watchlist only,59,-0.5,0.6,0.6,56.1,0,,Other,0.0,0.0
GDOC,Goldman Sachs Future Health Care Equity ETF,33.402,12,5,5,13,3,2,5,45,2.0,47.0,Weak,Watchlist only,39,-0.2,1.9,1.8,58.0,1,,nan,nan,1455.83
GTTRX,GOLDMAN SACHS SMALL CAP VALUE INSIGHTS FUND CLASS R,38.87,17,8,7,9,6,5,4,56,-12.0,47.0,Weak,Watchlist only,64,0.8,2.7,1.8,61.2,0,,nan,0.0,0.0
MXEQX,GREAT-WEST T. ROWE PRICE EQUITY INCOME FUND INVESTOR CLASS,38.94,14,3,4,9,3,5,4,42,0.0,47.0,Weak,🔥 COILED: Watchlist only,60,-0.2,0.5,0.5,56.5,0,,nan,0.0,0.0
IRNAX,iShares Russell 2000 ETF 529 Portfolio C,39.25,17,8,6,9,6,6,4,56,-12.0,47.0,Weak,Watchlist only,63,0.5,3.3,2.2,62.4,0,,Other,0.0,0.0
BIPC,Brookfield Infrastructure Corp,41.31,8,7,5,13,3,1,5,42,0.0,47.0,Weak,🔥 COILED: Watchlist only,17,-0.5,-2.0,0.6,52.7,1,,Utilities,5080744960.0,808038.5
GSATX,GOLDMAN SACHS SMALL CAP VALUE INSIGHTS FUND CLASS A,40.94,17,8,7,9,6,5,4,56,-12.0,47.0,Weak,Watchlist only,64,0.8,2.7,1.8,61.2,0,,nan,0.0,0.0
FAIRX,THE FAIRHOLME FUND THE FAIRHOLME FUND,41.12,8,7,8,9,5,5,3,45,-3.0,47.0,Weak,🔥 COILED: Watchlist only,46,1.6,0.6,0.2,49.6,0,,nan,0.0,0.0
SINAX,CLEARBRIDGE LARGE CAP VALUE FUND CLASS A,41.87,9,4,8,9,3,4,3,40,2.0,47.0,Weak,🔥 COILED: Watchlist only,49,-0.2,-0.4,-0.2,49.6,0,,nan,0.0,0.0
PEQSX,Putnam Equity Income Fd Cl R6,42.73,16,5,4,9,3,9,4,50,-3.0,47.0,Weak,Watchlist only,64,0.1,1.3,0.7,57.7,0,,nan,0.0,0.0
PEYAX,PUTNAM EQUITY INCOME FUND CLASS A SHARES,42.69,16,5,4,9,3,9,4,50,-3.0,47.0,Weak,Watchlist only,64,0.1,1.3,0.7,57.7,0,,nan,0.0,0.0
MGRQX,MFS INTERNATIONAL GROWTH FUND R2,43.21,13,8,5,7,6,1,4,44,0.0,47.0,Weak,Watchlist only,41,-0.5,1.6,0.8,56.7,0,,nan,0.0,0.0
PEQRX,PUTNAM EQUITY INCOME FUND CLASS R SHARES,42.13,16,5,4,9,3,9,4,50,-3.0,47.0,Weak,Watchlist only,64,0.1,1.3,0.7,57.7,0,,nan,0.0,0.0
NUMV,Nuveen ESG Mid-Cap Value ETF,43.021,16,5,6,16,3,8,4,58,-11.0,47.0,Weak,Watchlist only,69,1.2,3.0,1.8,65.1,0,,nan,nan,29140.11
DTRE,First Trust Exchange-Traded Fund II - First Trust Alerian Disruptive Technology Real Estate ETF,42.57,13,7,3,9,3,2,3,40,2.0,47.0,Weak,🔥 COILED: Watchlist only,52,-1.2,-0.7,0.1,51.4,1,,nan,nan,971.87
SPXC,SPX Corp,227.8,18,6,2,16,3,1,5,51,-4.0,47.0,Weak,Watchlist only,59,5.1,10.9,4.7,60.0,2,,Industrials,11404770304.0,456134.0
BSSC,Bank of Southside Virginia Corporation The,240,7,7,11,9,3,2,3,42,0.0,47.0,Weak,🔥 COILED: Watchlist only,48,0.0,0.0,0.0,51.9,0,,Financial Services,nan,0.7
TRGP,Targa Resources Inc,264.09,13,3,4,13,7,7,5,52,-10.0,47.0,Weak,🔥 COILED: Watchlist only,63,3.5,-2.3,0.6,53.4,0,,Energy,56685305856.0,1434515.5
BPTRX,BARON PARTNERS FUND BARON PARTNERS FUND,263.24,18,7,4,9,3,6,5,52,-5.0,47.0,Weak,Watchlist only,72,4.1,6.9,5.0,69.0,0,,nan,0.0,0.0
FHUGPX,FHUGPX,647.5,17,7,4,8,3,6,3,48,-4.0,47.0,Weak,Watchlist only,51,0.1,2.1,0.6,60.8,0,,nan,nan,0.0
FHBONX,FHBONX,705.2,17,7,4,8,3,6,3,48,-4.0,47.0,Weak,Watchlist only,43,0.1,2.4,0.6,62.0,0,,nan,nan,0.0
ARGNF,argenx SE,835.0,16,4,6,9,6,1,5,47,-3.0,47.0,Weak,Watchlist only,50,0.0,4.0,2.7,73.2,0,,Healthcare,54704058368.0,3.68
FTBHSX,FTBHSX,838.36,12,7,8,8,1,7,3,46,-2.0,47.0,Weak,Watchlist only,38,0.0,0.6,0.1,54.0,0,,nan,nan,0.0
FNCTF,Orange S.A,20.75,10,3,4,9,6,7,4,43,0.0,46.0,Weak,Watchlist only,47,0.0,-3.5,-0.5,46.2,0,,Communication Services,55180120064.0,0.0
BRDCF,Bridgestone Corporation,21.9,10,9,7,13,9,2,2,52,-6.0,46.0,Weak,Watchlist only,38,-2.1,7.4,3.0,52.3,0,,Consumer Cyclical,27490553856.0,0.0
MS-PF,Morgan Stanley,25.36,17,7,7,7,3,4,3,48,-2.0,46.0,Weak,Watchlist only,57,0.2,0.4,0.3,66.3,0,,Financial Services,65217654784.0,57499.09
PUBGY,Publicis Groupe SA,25.07,14,7,4,15,3,6,5,54,-8.0,46.0,Weak,Watchlist only,50,2.1,2.3,3.2,58.8,0,,Communication Services,24916946944.0,248976.87
WDPSF,Warehouses De Pauw NV,25.99,4,4,10,10,5,5,3,41,0.0,46.0,Weak,🔥 COILED: Watchlist only,36,0.0,0.3,-0.6,43.1,0,,Real Estate,6251734016.0,0.0
USSJY,USS Co Ltd ADR,24.25,18,3,6,16,6,7,5,61,-15.0,46.0,Weak,Watchlist only,61,8.6,9.2,7.1,84.0,1,,Consumer Cyclical,5629607424.0,90.03
CON,"Concentra Group Holdings Parent, Inc.",25.32,14,13,5,6,6,5,5,54,-8.0,46.0,Weak,Watchlist only,65,1.8,-1.1,1.6,57.8,0,,Healthcare,3239992064.0,899628.35
ECMPF,ECMPF,29.962,10,6,9,7,4,2,3,41,0.0,46.0,Weak,🔥 COILED: Watchlist only,49,0.0,0.0,0.0,50.0,0,,Real Estate,1638333824.0,12.11
HARL,Harleysville Financial Corp,28.25,10,5,2,12,7,4,4,44,2.0,46.0,Weak,Watchlist only,61,-1.9,0.9,0.2,55.8,0,,Financial Services,101274104.0,1567.37
JVMSX,JOHN HANCOCK DISCIPLINED VALUE MID CAP FUND CLASS R2,29.31,14,5,9,9,3,6,4,50,-7.0,46.0,Weak,Watchlist only,58,1.2,2.1,1.0,58.5,0,,nan,0.0,0.0
WPVLX,PARTNERS VALUE FUND PARTNERS VALUE FUND - INVESTOR CLASS,29.21,10,7,5,7,5,2,3,39,2.0,46.0,Weak,🔥 COILED: Watchlist only,28,-1.6,1.1,0.2,51.8,0,,nan,0.0,0.0
TRIPX,TIAA-CREF INTERNATIONAL EQUITY INDEX FUND PREMIER CLASS,29.63,10,4,8,7,3,6,3,41,0.0,46.0,Weak,🔥 COILED: Watchlist only,44,-2.6,-1.7,-1.4,44.9,0,,nan,0.0,0.0
GSPRX,GOLDMAN SACHS CAPITAL GROWTH FUND CLASS R,33.26,15,8,6,7,6,6,5,53,-10.0,46.0,Weak,Watchlist only,60,0.5,3.2,2.2,71.5,0,,nan,0.0,0.0
CDEMX,Columbia Mod Conservative E-Cons Track,32.71,17,8,6,9,6,2,4,52,-9.0,46.0,Weak,Watchlist only,61,0.1,1.1,0.6,63.9,0,,Other,0.0,0.0
CEGMX,Columbia Moderately Conserv E Agg Trac,32.71,17,8,6,9,6,2,4,52,-9.0,46.0,Weak,Watchlist only,61,0.1,1.1,0.6,63.9,0,,Other,0.0,0.0
CMEDX,Columbia Mod Conserv Port E -Mod Track,32.71,17,8,6,9,6,2,4,52,-9.0,46.0,Weak,Watchlist only,61,0.1,1.1,0.6,63.9,0,,Other,0.0,0.0
CMVEX,Columbia Moderately Conserv 529 Port E S,32.71,17,8,6,9,6,2,4,52,-9.0,46.0,Weak,Watchlist only,61,0.1,1.1,0.6,63.9,0,,Other,0.0,0.0
LFSFX,Lord Abbett Focused Small Cap Value F,32.15,13,3,6,9,3,6,3,43,-5.0,46.0,Weak,🔥 COILED: Watchlist only,55,-0.2,1.3,0.1,52.5,0,,nan,nan,0.0
LMVWX,Lord Abbett Focused Small Cap Value R6,32.05,13,3,6,9,3,6,3,43,-5.0,46.0,Weak,🔥 COILED: Watchlist only,51,-0.2,1.3,0.1,52.5,0,,nan,nan,0.0
LMVOX,Lord Abbett Focused Small Cap Value F3,32.04,13,3,6,9,3,6,3,43,-5.0,46.0,Weak,🔥 COILED: Watchlist only,50,-0.2,1.3,0.1,52.4,0,,nan,nan,0.0
XTJA,Innovator ETFs Trust - Innovator U.S. Equity Accelerated Plus ETF - January,33.576,11,6,3,14,3,6,3,46,-3.0,46.0,Weak,🔥 COILED: Watchlist only,63,-1.1,-0.2,-0.1,54.4,0,,nan,nan,3716.32
GSPTX,GOLDMAN SACHS CAPITAL GROWTH FUND CLASS IR,38.55,15,8,6,7,6,6,5,53,-10.0,46.0,Weak,Watchlist only,64,0.5,3.2,2.2,71.8,0,,nan,0.0,0.0
OAKBX,OAKMARK EQUITY AND INCOME FUND INVESTOR CLASS,39.07,14,9,3,7,3,2,3,41,0.0,46.0,Weak,🔥 COILED: Watchlist only,60,-0.1,0.9,0.4,54.8,0,,nan,0.0,0.0
CIETX,iShares Russell 2000 ETF 529 Port A,39.25,16,8,6,9,6,6,4,55,-12.0,46.0,Weak,Watchlist only,62,0.5,3.3,2.2,62.3,0,,Other,0.0,0.0
OANBX,OAKMARK EQUITY AND INCOME FUND INSTITUTIONAL CLASS,39.03,14,9,3,7,3,2,3,41,0.0,46.0,Weak,🔥 COILED: Watchlist only,61,-0.1,0.9,0.4,54.8,0,,nan,0.0,0.0
OAYBX,OAKMARK EQUITY AND INCOME FUND ADVISOR CLASS,39.03,14,9,3,7,3,2,3,41,0.0,46.0,Weak,🔥 COILED: Watchlist only,61,-0.1,0.9,0.4,54.7,0,,nan,0.0,0.0
OAZBX,Oakmark Equity and Income Fund R6 Class,39.02,14,9,3,7,3,2,3,41,0.0,46.0,Weak,🔥 COILED: Watchlist only,61,-0.1,0.9,0.4,54.7,0,,nan,nan,0.0
ECML,EA Series Trust - Euclidean Fundamental Value ETF,38.057,16,4,7,14,3,9,3,56,-15.0,46.0,Weak,🔥 COILED: Watchlist only,59,1.5,1.0,0.3,52.7,0,,nan,nan,2258.21
USRD,Themes US R&D Champions ETF,38.05,13,4,2,10,6,3,5,43,0.0,46.0,Weak,Watchlist only,55,-3.1,2.9,0.7,54.2,0,,nan,nan,94.45
SMFTF,Smurfit Kappa Group Plc,41.28,13,8,4,12,1,2,3,43,0.0,46.0,Weak,Watchlist only,39,0.3,9.4,2.1,55.0,1,,Consumer Cyclical,24667889664.0,5318060.61
SW,Smurfit WestRock plc,41.28,13,8,4,12,1,2,3,43,0.0,46.0,Weak,Watchlist only,39,0.3,9.4,2.1,55.0,1,,Consumer Cyclical,21649874944.0,5349618.13
XOMA,XOMA Royalty Corporation,42.09,16,7,9,9,5,9,4,59,-13.0,46.0,Weak,Watchlist only,60,0.9,0.6,1.4,64.6,0,,Healthcare,527851968.0,208907.42
FTCKX,FTCKX,43.83,17,11,5,9,6,1,4,53,-7.0,46.0,Weak,Watchlist only,62,0.2,1.6,1.0,66.2,0,,nan,nan,0.0
VWWVX,VWWVX,43.24,16,8,6,9,6,6,4,55,-12.0,46.0,Weak,Watchlist only,62,0.6,3.2,2.1,62.2,0,,nan,nan,0.0
RSRV,The Reserve Petroleum Company,220.0,8,6,7,8,7,4,3,43,0.0,46.0,Weak,Watchlist only,33,-6.2,-2.3,-2.2,47.6,0,,Energy,33350680.0,106.09
ALZCF,AlzChem Group AG,223.25,18,3,5,9,6,3,5,49,-3.0,46.0,Weak,Watchlist only,62,2.0,15.9,5.9,74.9,2,,Basic Materials,2260117248.0,10.94
MAWAF,"Maruwa Co.,Ltd.",274.0,10,6,11,7,3,6,3,46,-3.0,46.0,Weak,Watchlist only,62,0.0,0.0,0.0,76.7,0,,Technology,3381128704.0,0.07
FATWUX,FATWUX,840.93,17,7,5,8,3,7,3,50,-7.0,46.0,Weak,Watchlist only,46,0.1,2.5,0.6,57.8,0,,nan,nan,0.0
FOGJHX,FOGJHX,891.51,15,7,4,9,3,6,3,47,-4.0,46.0,Weak,Watchlist only,61,0.2,2.7,0.8,61.8,0,,nan,nan,0.0
FGOEYX,FGOEYX,909.26,15,7,4,9,3,6,3,47,-4.0,46.0,Weak,Watchlist only,53,0.4,3.2,0.9,61.5,0,,nan,nan,0.0
FOAOKX,FOAOKX,922.4,15,7,4,9,3,6,3,47,-4.0,46.0,Weak,Watchlist only,54,0.2,2.7,0.7,60.4,0,,nan,nan,0.0
FZWKYX,FZWKYX,940.49,16,7,4,8,3,6,3,47,-4.0,46.0,Weak,Watchlist only,56,0.3,2.8,0.8,60.3,0,,nan,nan,0.0
FLTRZX,FLTRZX,969.1,14,7,6,8,1,6,3,45,-2.0,46.0,Weak,Watchlist only,41,0.0,0.7,0.2,57.7,0,,nan,nan,0.0
FNGZKX,FNGZKX,971.38,15,7,5,8,3,6,3,47,-4.0,46.0,Weak,Watchlist only,49,0.1,0.8,0.3,60.8,0,,nan,nan,0.0
SRTOY,Sartorius Stedim Biotech S.A,20.518,13,6,4,13,1,3,5,45,0.0,45.0,Weak,Watchlist only,32,-0.2,2.6,2.6,55.0,0,,Healthcare,19959457792.0,42675.86
PINS,Pinterest Inc,21.42,15,12,3,6,7,7,3,53,-8.0,45.0,Weak,Watchlist only,45,6.8,13.6,5.2,59.0,2,,Communication Services,11998569472.0,16295998.41
EVKIF,Evonik Industries AG,20.19,15,7,6,7,4,1,5,45,0.0,45.0,Weak,Watchlist only,45,-5.2,8.5,3.7,55.4,1,,Basic Materials,9408540672.0,0.0
CMSQF,Computershare Limited,25.21,17,8,5,7,3,3,5,48,-3.0,45.0,Weak,Watchlist only,53,0.8,-0.2,5.9,56.8,0,,Financial Services,14581137408.0,0.0
AGNCM,AGNC Investment Corp.,25.059,13,6,3,14,5,3,3,47,0.0,45.0,Weak,Watchlist only,54,0.4,1.1,0.4,58.1,1,,Real Estate,8826941440.0,18429.0
GNTX,Gentex Corporation,24.63,14,6,4,16,3,6,5,54,-9.0,45.0,Weak,Watchlist only,53,1.9,5.3,3.0,63.3,0,,Consumer Cyclical,5245003776.0,2288243.5
OXLCO,Oxford Lane Capital Corp Corp Pref 9,24.13,12,7,3,11,3,1,3,40,2.0,45.0,Weak,Watchlist only,55,-0.4,0.5,0.4,54.0,0,,Financial Services,436865280.0,3839.99
TECX,"Tectonic Therapeutic, Inc.",29.0,10,10,7,13,2,1,5,48,-3.0,45.0,Weak,Watchlist only,46,-7.0,1.7,0.2,50.4,1,,Healthcare,547206400.0,392793.11
FHRT,First Hartford Corporation,29.0,7,2,7,11,3,2,5,37,0.0,45.0,Weak,Watchlist only,50,-7.6,-7.6,-5.4,41.1,0,,Real Estate,65753876.0,94.92
VVONX,INVESCO VALUE OPPORTUNITIES FUND CLASS R5,28.47,15,5,2,9,3,7,4,45,-5.0,45.0,Weak,🔥 COILED: Watchlist only,64,0.6,1.5,0.1,52.6,0,,nan,0.0,0.0
VGSIX,VANGUARD REIT INDEX FUND INVESTOR SHARES,32.17,14,10,4,9,6,4,3,50,-8.0,45.0,Weak,Watchlist only,57,1.2,0.1,1.2,57.1,0,,nan,0.0,0.0
SEGIX,GUGGENHEIM LARGE CAP VALUE FUND C-CLASS,39.9,10,3,5,7,3,5,4,37,0.0,45.0,Weak,🔥 COILED: Watchlist only,45,-0.8,0.1,0.1,54.6,0,,nan,0.0,0.0
SINOX,CLEARBRIDGE LARGE CAP VALUE FUND CLASS C,39.87,7,4,8,9,3,4,3,38,2.0,45.0,Weak,🔥 COILED: Watchlist only,49,-0.2,-0.4,-0.2,49.3,0,,nan,0.0,0.0
JVAYX,JPMORGAN VALUE ADVANTAGE FUND CLASS R6,39.16,14,4,6,9,3,6,4,46,-4.0,45.0,Weak,Watchlist only,59,0.5,1.9,1.1,60.8,0,,nan,0.0,0.0
JVARX,JPMORGAN VALUE ADVANTAGE FUND CLASS R5,39.11,14,4,6,9,3,6,4,46,-4.0,45.0,Weak,Watchlist only,57,0.5,1.9,1.1,60.8,0,,nan,0.0,0.0
FBCV,Fidelity® Blue Chip Value ETF,39.0,13,3,7,14,3,5,4,49,-4.0,45.0,Weak,Watchlist only,60,-0.2,0.5,0.4,57.2,0,,nan,nan,22707.88
RATIY,RATIONAL Aktiengesellschaft,41.669,8,7,9,9,4,4,3,44,-2.0,45.0,Weak,Watchlist only,48,0.0,0.0,0.0,60.1,0,,Industrials,9475530752.0,13.85
CNTHN,The Connecticut Light and Power Company,41.0,15,15,10,4,4,2,4,54,-9.0,45.0,Weak,Watchlist only,56,0.0,1.9,0.9,60.4,0,,Utilities,243701376.0,0.0
ISBA,Isabella Bank Corporation,42.18,4,16,10,5,4,4,4,47,-8.0,45.0,Weak,Watchlist only,39,3.4,-2.5,0.8,50.1,0,,Financial Services,303820128.0,22667.88
MGRCX,MFS INTERNATIONAL GROWTH FUND C,42.81,13,8,5,7,6,1,4,44,-2.0,45.0,Weak,Watchlist only,41,-0.5,1.5,0.8,56.6,0,,nan,0.0,0.0
WEEUF,WisdomTree Issuer ICAV - WisdomTree Europe Equity UCITS ETF,42.37,13,13,4,10,6,2,4,52,-3.0,45.0,Weak,Watchlist only,66,-0.2,1.2,1.1,58.3,0,,nan,nan,3427.23
DAVE,Dave Inc,258.25,14,7,5,15,7,0,4,52,-10.0,45.0,Weak,Watchlist only,52,-8.6,7.2,1.1,52.6,0,,Technology,3283454208.0,517042.5
FCQSXX,CS 602: Tax Exempt Municipal Income Trust Series 312,844.4,18,7,5,8,3,5,3,49,-7.0,45.0,Weak,Watchlist only,51,0.1,2.4,0.6,58.2,0,,nan,nan,0.0
FSKULX,FSKULX,875.61,14,7,5,8,3,6,3,46,-4.0,45.0,Weak,Watchlist only,38,0.2,2.0,0.5,60.1,0,,nan,nan,0.0
FNWQBX,FNWQBX,916.32,15,7,4,8,3,6,3,46,-4.0,45.0,Weak,Watchlist only,53,0.1,1.2,0.3,60.4,0,,nan,nan,0.0
ATCD,Altair Corp,1490,10,6,11,7,3,2,3,42,0.0,45.0,Weak,Watchlist only,50,0.0,0.0,0.0,16.4,0,,Industrials,1759689984.0,0.0
WFCL,1867 Western Financial Corp,9000,15,6,12,9,6,2,3,53,-13.0,45.0,Weak,🔥 COILED: Watchlist only,53,0.0,0.0,0.2,82.6,0,,Financial Services,nan,0.0
FPZGCX,FPZGCX,1015.07,14,7,5,8,1,6,3,44,-2.0,45.0,Weak,Watchlist only,40,0.1,0.9,0.2,56.5,0,,nan,nan,0.0
DLICY,Dai-ichi Life Holdings Inc,20.43,16,3,3,11,3,3,5,44,0.0,44.0,Weak,Watchlist only,60,0.0,-2.6,1.5,58.5,0,,Financial Services,36783714304.0,62173.67
OAK-PB,Oaktree Capital Group LLC,21.21,18,8,1,11,7,1,4,50,-6.0,44.0,Weak,Watchlist only,46,1.9,3.2,1.4,56.5,0,,Other,5361310208.0,11583.73
THDDY,TV Asahi Holdings Corporation,20.6,4,5,9,7,6,5,3,39,0.0,44.0,Weak,🔥 COILED: Watchlist only,25,0.0,0.0,-0.4,48.2,0,,Communication Services,2179861760.0,0.0
GGQPX,GOLDMAN SACHS GROWTH OPPORTUNITIES FUND CLASS P SHARES,22.85,16,8,7,9,3,6,5,54,-10.0,44.0,Weak,Watchlist only,56,1.9,5.8,3.7,70.4,0,,nan,nan,0.0
AFOZX,Alger Funds Mid Cap Focus Fd Cl Z,22.0,15,5,1,7,3,4,4,39,0.0,44.0,Weak,🔥 COILED: Watchlist only,42,-3.1,2.8,-0.0,52.5,0,,nan,nan,0.0
IVTBF,Investment AB Latour (publ),25.46,15,6,12,8,6,2,3,52,-13.0,44.0,Weak,🔥 COILED: Watchlist only,51,0.0,0.0,0.2,95.1,0,,Industrials,16277042176.0,138.45
NRKBY,Nkt A/S,24.5,10,3,10,7,3,5,3,41,0.0,44.0,Weak,Watchlist only,41,0.0,0.0,-0.0,2.9,0,,Industrials,6547680256.0,28.85
THKLY,THK Co Ltd ADR,24.78,15,6,6,12,6,3,5,53,-9.0,44.0,Weak,Watchlist only,62,2.5,12.2,8.1,68.3,2,,Industrials,5562011648.0,4569.07
ARLP,Alliance Resource Partners LP,25.62,11,6,9,13,2,6,3,50,-6.0,44.0,Weak,Watchlist only,49,3.1,3.2,0.9,52.0,1,,Energy,3296238592.0,373543.0
IGIC,International General Insurance Holdings Ltd,25.61,10,16,6,5,8,3,3,51,-8.0,44.0,Weak,Watchlist only,49,4.9,-1.2,2.2,55.6,1,,Financial Services,1092515840.0,64664.0
GNK,Genco Shipping & Trading Ltd,24.69,12,14,4,3,8,7,3,51,-8.0,44.0,Weak,Watchlist only,60,2.6,2.3,1.8,54.7,1,,Industrials,1075917440.0,473419.5
RBNK,RiverBank Holding Company,28.5,7,4,8,8,6,3,3,39,0.0,44.0,Weak,🔥 COILED: Watchlist only,51,0.0,0.0,-0.2,40.2,0,,Financial Services,32146062.0,115.63
USPCX,UNION STREET PARTNERS VALUE FUND CLASS C SHARES,32.98,15,5,5,7,3,2,4,41,0.0,44.0,Weak,Watchlist only,56,-0.9,0.9,0.8,57.4,0,,nan,0.0,0.0
LSHEX,KINETICS SPIN-OFF AND CORPORATE RESTRUCTURING FUND NO LOAD CLASS,32.35,9,7,7,9,0,2,3,37,2.0,44.0,Weak,🔥 COILED: Watchlist only,35,-0.6,-2.3,-2.2,43.9,0,,nan,nan,0.0
JVACX,JPMORGAN VALUE ADVANTAGE FUND CLASS C,38.7,13,4,6,9,3,6,4,45,-4.0,44.0,Weak,Watchlist only,56,0.5,1.9,1.1,60.3,0,,nan,0.0,0.0
JVASX,JPMORGAN VALUE ADVANTAGE FUND SELECT CLASS,39.17,13,4,6,9,3,6,4,45,-4.0,44.0,Weak,Watchlist only,56,0.5,1.9,1.1,60.7,0,,nan,0.0,0.0
JVAIX,JPMORGAN VALUE ADVANTAGE FUND INSTITUTIONAL CLASS,39.24,13,4,6,9,3,6,4,45,-4.0,44.0,Weak,Watchlist only,56,0.5,1.9,1.1,60.8,0,,nan,0.0,0.0
JVAAX,JPMORGAN VALUE ADVANTAGE FUND CLASS A,38.71,13,4,6,9,3,6,4,45,-4.0,44.0,Weak,Watchlist only,56,0.5,1.9,1.1,60.7,0,,nan,0.0,0.0
TMV,Direxion Daily 20+ Year Treasury Bear 3X Shares,38.97,9,12,4,3,8,7,4,47,-6.0,44.0,Weak,Watchlist only,57,1.5,-3.5,0.1,51.2,0,,nan,nan,1031987.45
EVX,VanEck Environmental Services ETF,39.36,10,8,7,8,5,7,3,48,-3.0,44.0,Weak,Watchlist only,44,1.4,1.1,0.2,50.2,1,,nan,nan,8312.38
JVAQX,JPMORGAN VALUE ADVANTAGE FUND CLASS R4,39.6,13,4,6,9,3,6,4,45,-4.0,44.0,Weak,Watchlist only,56,0.5,1.9,1.1,60.6,0,,nan,0.0,0.0
DFLV,Dimensional ETF Trust - Dimensional US Large Cap Value ETF,39.13,17,4,5,15,3,9,4,57,-13.0,44.0,Weak,Watchlist only,70,0.1,1.7,0.9,60.3,0,,nan,nan,933042.97
ELEZF,Endesa S.A,41.11,15,5,8,10,6,6,4,54,-13.0,44.0,Weak,Watchlist only,61,0.0,0.0,0.6,98.4,0,,Utilities,37537304576.0,0.0
WERN,Werner Enterprises Inc,43.46,18,6,6,14,7,3,5,59,-15.0,44.0,Weak,Watchlist only,73,4.7,9.1,8.4,80.6,2,,Industrials,2605432064.0,1098962.78
BEKSF,NV Bekaert SA,42.7,10,6,11,7,0,2,3,39,0.0,44.0,Weak,🔥 COILED: Watchlist only,47,0.0,0.0,0.0,50.0,0,,Industrials,2077134080.0,0.0
WOMN,Impact Shares YWCA Women's Empowerment ETF,42.8,13,3,4,14,3,0,4,41,0.0,44.0,Weak,Watchlist only,63,-0.7,0.5,0.2,54.0,0,,nan,nan,3684.61
FAEDPX,FAEDPX,230.88,11,7,6,8,1,7,3,43,-2.0,44.0,Weak,Watchlist only,40,0.0,0.3,0.1,53.3,0,,nan,nan,0.0
WAB,Westinghouse Air Brake Technologies Corp,260.4,9,10,5,9,5,3,3,44,0.0,44.0,Weak,Watchlist only,51,-0.3,2.1,-0.4,48.8,1,,Industrials,44183977984.0,922459.89
LZAGF,Lonza Group Ltd,633.54,4,11,3,11,9,0,3,41,2.0,44.0,Weak,Watchlist only,24,-2.7,-1.8,0.4,50.5,0,,Healthcare,44249112576.0,388.58
FRNJVX,CS 604: Tax Exempt Municipal Income Trust Series 314,876.66,18,7,5,8,1,6,3,48,-7.0,44.0,Weak,Watchlist only,48,0.2,2.1,0.5,58.2,0,,nan,nan,0.0
FCODF,Compagnie de l'Odet,1599.97,15,7,12,6,4,2,3,49,-10.0,44.0,Weak,🔥 COILED: Watchlist only,0,0.0,0.0,0.4,58.0,0,,Communication Services,6742754816.0,0.0
0P0001EHB3,UBS Gold Index Fund USD I-A acc,3704.3,7,12,3,9,3,3,2,39,2.0,44.0,Weak,Watchlist only,35,1.8,0.3,-0.9,45.1,0,,nan,nan,0.0
KKKUF,Kakaku.com Inc,21.39,15,5,8,11,6,6,5,56,-13.0,43.0,Weak,Watchlist only,55,0.0,0.0,6.4,81.7,0,,Communication Services,4287273472.0,0.0
KOYJF,Kemira Oyj,21.34,8,6,9,8,3,3,3,40,0.0,43.0,Weak,Watchlist only,28,0.0,0.0,-0.3,34.0,0,,Basic Materials,3103721472.0,25.43
RILYT,B. Riley Financial Inc. 6.00% Senior Notes Due 2028,21.02,16,3,7,13,3,5,5,52,-9.0,43.0,Weak,Watchlist only,64,-0.3,-1.2,0.4,55.5,0,,nan,1948515000.0,26815.0
ASIC,Ategrity Specialty Insurance Company Holdings,20.34,8,12,6,5,8,4,5,48,-8.0,43.0,Weak,🔥 COILED: Watchlist only,52,4.3,-1.0,2.2,54.4,0,,Financial Services,976984128.0,115264.52
OLVRX,JPMORGAN LARGE CAP VALUE FUND CLASS R4,22.88,15,5,3,7,3,1,4,38,0.0,43.0,Weak,🔥 COILED: Watchlist only,49,-1.2,1.1,-0.0,52.4,0,,nan,nan,0.0
OLVTX,JPMORGAN LARGE CAP VALUE FUND CLASS R3,22.13,15,5,3,7,3,1,4,38,0.0,43.0,Weak,🔥 COILED: Watchlist only,50,-1.2,1.1,-0.0,52.4,0,,nan,nan,0.0
HPQ,HP Inc,25.58,15,3,2,14,3,1,5,43,0.0,43.0,Weak,Watchlist only,60,-5.4,16.8,5.2,58.4,2,,Technology,23393490944.0,16190993.24
AUKNY,Auckland International Airport Ltd ADR,24.55,12,8,9,6,3,5,3,46,-8.0,43.0,Weak,🔥 COILED: Watchlist only,48,0.0,0.0,0.1,58.2,0,,Industrials,8351575040.0,0.0
TWO-PA,Two Harbors Investment Corp,24.65,10,7,6,10,5,2,3,43,2.0,43.0,Weak,Watchlist only,52,-0.3,0.4,-0.1,48.1,0,,Real Estate,3214965760.0,24499.21
CRWRF,Craneware plc,24.2,5,4,10,7,3,6,3,38,0.0,43.0,Weak,🔥 COILED: Watchlist only,31,0.0,0.0,-0.0,44.3,0,,Healthcare,900436992.0,0.0
LMISX,QS U.S. LARGE CAP EQUITY FUND CLASS IS,29.7,11,4,3,7,3,6,4,38,0.0,43.0,Weak,🔥 COILED: Watchlist only,53,-2.5,-0.1,-0.6,50.8,0,,nan,0.0,0.0
GKIRX,GOLDMAN SACHS INCOME BUILDER FUND CLASS IR,28.05,13,6,2,7,3,6,3,40,0.0,43.0,Weak,Watchlist only,48,-0.4,0.2,-0.1,50.2,0,,nan,0.0,0.0
MRSIX,MFS RESEARCH INTERNATIONAL FUND I,28.82,8,4,8,7,3,5,3,38,0.0,43.0,Weak,🔥 COILED: Watchlist only,46,-2.1,-1.4,-1.1,45.4,0,,nan,0.0,0.0
SEUIX,SIMT LARGE CAP VALUE FUND SIMT LARGE CAP VALUE FUND - CLASS I,28.9,17,5,5,9,3,8,4,51,-8.0,43.0,Weak,Watchlist only,61,0.1,1.5,0.9,59.9,0,,nan,0.0,0.0
FPHAX,PHARMACEUTICALS PORTFOLIO PHARMACEUTICALS PORTFOLIO,33.22,16,6,4,9,3,1,5,44,-4.0,43.0,Weak,Watchlist only,69,1.0,3.8,3.0,62.4,0,,nan,0.0,0.0
FMDRX,FRANKLIN MUTUAL GLOBAL DISCOVERY FUND CLASS R6,32.32,10,4,9,7,3,2,3,38,0.0,43.0,Weak,🔥 COILED: Watchlist only,38,-0.9,-0.6,-0.4,47.7,0,,nan,0.0,0.0
MWMIX,VanEck Morningstar Wide Moat Fund,32.1,12,5,2,7,3,6,3,38,0.0,43.0,Weak,🔥 COILED: Watchlist only,43,-1.7,0.8,-0.0,51.4,0,,nan,nan,0.0
MBERX,MAINSTAY BALANCED FUND CLASS R6,32.92,16,5,7,9,3,6,4,50,-10.0,43.0,Weak,Watchlist only,60,0.0,0.8,0.4,57.9,0,,nan,nan,0.0
ABCS,Alpha Blue Capital US Small-Mid Cap Dynamic ETF,32.613,17,7,5,9,3,9,4,54,-11.0,43.0,Weak,Watchlist only,69,0.7,2.2,1.2,62.0,0,,nan,nan,2874.56
BCVCX,STERLING CAPITAL BEHAVIORAL LARGE CAP VALUE EQUITY FUND C CLASS,39.93,16,5,6,7,3,11,5,53,-10.0,43.0,Weak,Watchlist only,62,0.5,2.5,1.4,64.3,0,,nan,0.0,0.0
SNOAX,SNOW CAPITAL OPPORTUNITY FUND SNOW CAPITAL OPPORTUNITY FUND - CLASS A SHARES,39.41,10,4,7,7,3,6,3,40,0.0,43.0,Weak,Watchlist only,48,-0.6,0.1,-0.4,48.4,0,,nan,0.0,0.0
OAZGX,Oakmark Global Fund R6 Class,39.56,12,3,6,7,3,6,3,40,-5.0,43.0,Weak,🔥 COILED: Watchlist only,56,-0.6,0.2,0.0,52.6,0,,nan,nan,0.0
XBJL,Innovator U.S. Equity Accelerated 9 Buffer ETF - July,39.81,13,5,9,14,3,2,3,49,-6.0,43.0,Weak,Watchlist only,53,-0.0,0.2,0.2,70.3,0,,nan,nan,14922.01
SMOT,VanEck ETF Trust - VanEck Morningstar SMID Moat ETF,38.288,16,4,3,14,3,6,4,50,-7.0,43.0,Weak,Watchlist only,70,0.3,2.6,0.9,57.7,0,,nan,nan,46245.46
STXD,Strive 1000 Dividend Growth ETF,38.419,15,5,4,15,3,5,4,51,-8.0,43.0,Weak,Watchlist only,57,-1.0,1.1,0.1,52.9,0,,nan,nan,6465.47
ABMRF,ABN AMRO Bank N.V,40.25,17,4,6,14,6,4,5,56,-13.0,43.0,Weak,Watchlist only,73,17.2,17.2,11.1,98.3,2,,Financial Services,32836001792.0,1313.33
AZIHF,Azimut Holding S.p.A,41.75,9,8,5,7,5,0,4,38,2.0,43.0,Weak,Watchlist only,32,-2.4,0.2,-0.6,49.1,1,,Financial Services,5920936448.0,0.0
WS,Worthington Steel Inc,41.52,16,7,6,15,3,2,4,53,-10.0,43.0,Weak,Watchlist only,49,-1.6,6.5,1.6,55.5,0,,Basic Materials,2109479040.0,266798.5
CVLG,"Covenant Logistics Group, Inc.",43.52,18,3,5,15,7,4,5,57,-12.0,43.0,Weak,Watchlist only,73,9.6,16.5,13.1,86.2,2,,Industrials,1095441408.0,144454.0
BJRI,BJs Restaurants Inc,43.04,12,9,2,11,5,4,5,48,-3.0,43.0,Weak,Watchlist only,45,-8.5,-3.1,-0.8,51.7,0,,Consumer Cyclical,904568448.0,428514.65
WSSH,West Shore Bank Corp,42.0,13,4,12,9,6,5,4,53,-13.0,43.0,Weak,Watchlist only,53,0.0,1.2,1.6,72.3,0,,Financial Services,51755128.0,0.0
BBISX,STERLING CAPITAL BEHAVIORAL LARGE CAP VALUE EQUITY FUND INSTITUTIONAL CLASS,42.0,16,5,6,7,3,11,5,53,-10.0,43.0,Weak,Watchlist only,62,0.5,2.5,1.4,64.7,0,,nan,0.0,0.0
CAAIX,ARIEL APPRECIATION FUND INSTITUTIONAL CLASS,42.58,13,5,5,9,3,6,4,45,-5.0,43.0,Weak,Watchlist only,53,0.4,2.9,1.1,57.8,0,,nan,0.0,0.0
STRAX,STRALEM EQUITY FUND ADVISER CLASS,42.12,16,5,6,7,3,11,5,53,-10.0,43.0,Weak,Watchlist only,62,0.5,2.6,1.5,64.9,0,,nan,nan,0.0
RYLDX,DOW 2X STRATEGY FUND A,222.55,18,9,5,9,3,6,5,55,-12.0,43.0,Weak,Watchlist only,61,1.7,4.6,3.8,65.1,0,,nan,0.0,0.0
RYCVX,DOW 2X STRATEGY FUND H,221.63,18,9,5,9,3,6,5,55,-12.0,43.0,Weak,Watchlist only,61,1.7,4.6,3.8,65.2,0,,nan,0.0,0.0
HEI-A,HEICO Corporation,243.5,13,5,4,13,5,0,5,45,-2.0,43.0,Weak,Watchlist only,43,-6.3,8.8,4.0,60.5,1,,Industrials,34007033856.0,276975.4
XAR,SPDR® S&P Aerospace & Defense ETF,272.57,14,3,2,13,3,4,4,43,0.0,43.0,Weak,Watchlist only,39,-5.4,2.3,-0.3,50.5,0,,nan,nan,220671.59
AAMUIX,AAMUIX,255.54,17,8,4,9,1,3,4,46,-6.0,43.0,Weak,Watchlist only,54,1.9,3.0,1.2,68.5,0,,nan,nan,0.0
FYRNPX,FYRNPX,783.18,11,7,9,8,1,4,3,43,-5.0,43.0,Weak,🔥 COILED: Watchlist only,34,0.0,0.2,0.0,48.2,0,,nan,nan,0.0
ASMXF,ASM International NV,996.062,8,4,8,12,3,3,2,40,0.0,43.0,Weak,Watchlist only,46,-6.0,-1.4,-2.3,47.6,0,,Technology,48693559296.0,63.63
MNHVF,Mowi ASA,21.89,2,8,8,8,6,3,2,37,0.0,42.0,Weak,🔥 COILED: Watchlist only,41,0.0,5.5,-0.2,50.1,0,,Consumer Defensive,11572030464.0,0.0
AOMFF,Alstom SA,20.02,3,6,8,10,3,6,3,39,0.0,42.0,Weak,Watchlist only,22,1.0,-3.0,-1.1,40.3,0,,Industrials,9261573120.0,382.0
FIQLX,FIDELITY JAPAN FUND FIDELITY ADVISOR JAPAN FUND: CLASS Z,23.71,8,4,7,7,3,5,3,37,0.0,42.0,Weak,🔥 COILED: Watchlist only,48,-3.6,-1.2,-1.6,47.2,0,,nan,nan,0.0
SEGSY,SIA Engineering Company Ltd ADR,24.24,7,3,10,8,3,5,3,39,0.0,42.0,Weak,Watchlist only,34,0.0,0.0,-0.0,24.8,0,,Industrials,2712548096.0,8.62
PLSE,Pulse Biosciences Inc,25.33,16,3,3,14,5,3,5,49,-7.0,42.0,Weak,Watchlist only,60,1.3,-0.9,3.4,55.2,1,,Healthcare,1753081984.0,261279.0
HCXY,"Hercules Capital, Inc.",24.95,10,5,5,12,3,1,3,39,0.0,42.0,Weak,Watchlist only,40,-0.3,0.7,0.1,51.3,0,,Financials,1307325568.0,2483.39
HSTM,HealthStream Inc,25.24,15,5,4,14,5,6,5,54,-12.0,42.0,Weak,Watchlist only,61,1.1,6.6,4.5,62.4,0,,Healthcare,737391360.0,253520.0
THGCX,THORNBURG INTERNATIONAL VALUE FUND THORNBURG INTERNATIONAL VALUE FUND - CLASS C,29.57,10,4,6,7,3,4,3,37,0.0,42.0,Weak,🔥 COILED: Watchlist only,54,-1.3,-0.7,-0.9,46.8,0,,nan,0.0,0.0
ICRPX,VY(R) CLARION REAL ESTATE PORTFOLIO CLASS ADV,28.74,13,12,3,9,6,6,3,52,-13.0,42.0,Weak,Watchlist only,58,0.9,-0.2,1.0,56.4,0,,nan,0.0,0.0
TCIEX,TIAA-CREF INTERNATIONAL EQUITY INDEX FUND INSTITUTIONAL CLASS,29.7,10,4,8,7,3,2,3,37,0.0,42.0,Weak,🔥 COILED: Watchlist only,44,-2.6,-1.7,-1.4,44.9,0,,nan,0.0,0.0
SHPIX,SHORT SMALL-CAP PROFUND SHORT SMALL-CAP PROFUND INVESTOR CLASS,32.94,5,12,3,8,3,3,3,37,2.0,42.0,Weak,Watchlist only,24,1.5,-1.1,-0.4,44.7,0,,nan,0.0,0.0
DRIPX,MP63 FUND MP63 FUND,32.18,15,3,9,9,3,5,3,47,-10.0,42.0,Weak,🔥 COILED: Watchlist only,61,0.1,0.6,0.5,55.0,0,,nan,0.0,0.0
SCHV,Schwab U.S. Large-Cap Value ETF,33.52,16,5,4,14,3,7,4,53,-11.0,42.0,Weak,Watchlist only,68,-0.1,1.6,0.7,58.6,0,,nan,nan,3778988.28
KJUL,Innovator Russell 2000 Power Buffer ETF - July,33.732,15,6,9,9,3,2,3,47,-5.0,42.0,Weak,Watchlist only,60,-0.0,0.3,0.3,67.0,0,,nan,nan,19266.06
ZALT,Innovator U.S. Equity 10 Buffer ETF - Quarterly,33.73,13,4,9,14,5,1,3,49,-5.0,42.0,Weak,Watchlist only,65,0.0,0.2,0.2,67.3,0,,nan,nan,183998.79
HWACX,HOTCHKIS & WILEY VALUE OPPORTUNITIES FUND CLASS C,39.33,14,3,2,7,3,11,5,45,-3.0,42.0,Weak,Watchlist only,56,-0.8,2.6,0.9,57.4,0,,nan,0.0,0.0
SCVAX,SMALL COMPANY VALUE FUND CLASS A,39.51,11,4,5,7,3,6,3,39,0.0,42.0,Weak,Watchlist only,49,-0.8,0.5,-0.3,49.9,0,,nan,0.0,0.0
BFSAF,Befesa S.A,40.0,15,5,7,11,6,6,5,55,-13.0,42.0,Weak,Watchlist only,64,0.0,0.0,2.9,97.2,0,,Industrials,1600000000.0,45.03
PLFRF,Palfinger AG,40.25,12,4,5,11,3,1,3,39,0.0,42.0,Weak,Watchlist only,36,0.0,0.1,0.0,35.3,0,,Industrials,1513128576.0,3.74
JFEIX,JPMORGAN INTREPID EUROPEAN FUND CLASS L,43.44,9,4,6,7,3,5,3,37,0.0,42.0,Weak,🔥 COILED: Watchlist only,36,-2.2,-1.7,-1.3,44.8,0,,nan,0.0,0.0
WVAIX,VALUE FUND VALUE FUND - INSTITUTIONAL CLASS,42.01,12,5,5,7,3,2,3,37,0.0,42.0,Weak,🔥 COILED: Watchlist only,29,-2.0,1.1,-0.0,51.1,0,,nan,0.0,0.0
JFESX,JPMORGAN INTREPID EUROPEAN FUND SELECT CLASS,42.67,9,4,6,7,3,5,3,37,0.0,42.0,Weak,🔥 COILED: Watchlist only,36,-2.2,-1.6,-1.3,44.8,0,,nan,0.0,0.0
VEUVX,JPMORGAN EUROPE DYNAMIC FUND CLASS R6,43.05,9,4,6,7,3,5,3,37,0.0,42.0,Weak,🔥 COILED: Watchlist only,36,-2.2,-1.6,-1.3,44.9,0,,nan,nan,0.0
ADP,Automatic Data Processing Inc,231.95,16,10,4,15,5,3,5,58,-16.0,42.0,Weak,Watchlist only,42,4.6,5.4,4.6,64.1,0,,Technology,92718366720.0,2730436.63
JRFIF,Japan Metropolitan Fund Investment Corporation,623.98,6,6,9,8,3,2,3,37,0.0,42.0,Weak,🔥 COILED: Watchlist only,34,0.0,0.0,0.0,50.0,0,,Real Estate,4488168960.0,0.01
FQXRBX,FQXRBX,761.79,15,7,4,9,3,7,3,48,-9.0,42.0,Weak,Watchlist only,55,0.1,3.1,0.9,60.6,0,,nan,nan,0.0
FUIKWX,FUIKWX,785.63,18,7,4,9,3,4,3,48,-9.0,42.0,Weak,Watchlist only,49,0.3,3.3,0.9,61.1,0,,nan,nan,0.0
AEORF,AEORF,813.722,8,7,9,7,1,2,3,37,0.0,42.0,Weak,🔥 COILED: Watchlist only,43,0.0,0.0,0.0,51.9,0,,Real Estate,1710906624.0,0.01
FIZMKX,CS 606: Tax Exempt Municipal Income Trust Series 316,830.09,18,7,4,9,3,4,3,48,-9.0,42.0,Weak,Watchlist only,54,0.3,3.0,0.9,62.0,0,,nan,nan,0.0
FMOMMX,FMOMMX,941.78,19,7,4,8,3,4,3,48,-9.0,42.0,Weak,Watchlist only,0,0.3,2.8,0.8,62.5,0,,nan,nan,0.0
TLSAAX,TLSAAX,987.2,14,7,5,8,1,6,3,44,-5.0,42.0,Weak,Watchlist only,44,0.5,1.7,0.4,58.7,0,,nan,nan,0.0
FIIMPX,FIIMPX,1030.18,13,7,6,8,1,6,3,44,-7.0,42.0,Weak,🔥 COILED: Watchlist only,40,0.0,0.6,0.1,53.9,0,,nan,nan,0.0
FIKNX,FIDELITY SMALL CAP VALUE FUND FIDELITY ADVISOR SMALL CAP VALUE FUND: CLASS Z,23.39,13,4,4,7,3,2,3,36,0.0,41.0,Weak,🔥 COILED: Watchlist only,52,-0.4,0.1,-0.3,51.4,0,,nan,nan,0.0
BCS,Barclays PLC ADR,24.27,15,5,4,11,3,2,5,45,-4.0,41.0,Weak,Watchlist only,48,-1.1,1.3,0.8,53.6,0,,Financial Services,82161221632.0,6885128.5
OSCR,Oscar Health Inc,24.51,16,11,7,11,6,4,5,60,-19.0,41.0,Weak,Watchlist only,66,10.3,10.7,11.5,63.9,3,,Healthcare,7389593088.0,11175124.9
AGNCP,AGNC Investment Corp.,25.08,11,9,3,12,5,2,3,45,-4.0,41.0,Weak,Watchlist only,50,-0.2,0.4,0.2,56.8,1,,Real Estate,6462493696.0,64325.21
KSPHF,Kissei Pharmaceutical Co. Ltd,25.77,7,3,10,7,3,5,3,38,0.0,41.0,Weak,Watchlist only,35,0.0,0.0,-0.0,2.6,0,,Healthcare,1068218688.0,8.61
RILYG,B. Riley Financial Inc. 5.00% Senior Notes due 2026,24.55,13,10,9,9,7,6,4,58,-15.0,41.0,Weak,Watchlist only,65,-0.4,1.2,0.8,65.4,0,,Other,539118912.0,24232.96
CCD,Calamos Dynamic Convertible,25.0,14,7,2,14,3,5,3,48,-10.0,41.0,Weak,Watchlist only,58,-2.0,2.8,0.1,52.8,0,,Financial Services,387314176.0,92304.5
SOMC,Southern Michigan Bancorp Inc,29.69,12,3,7,14,6,6,5,53,-15.0,41.0,Weak,Watchlist only,62,-0.7,-1.0,1.5,78.7,0,,Financial Services,133807848.0,0.0
GGM,Northern Lights Fund Trust II,28.645,12,4,2,11,3,2,4,38,0.0,41.0,Weak,Watchlist only,48,-0.8,0.6,-0.4,48.7,0,,nan,126899496.0,1384.24
USBNX,PEAR TREE POLARIS SMALL CAP FUND ORDINARY SHARES,28.71,15,7,10,9,3,2,4,50,-12.0,41.0,Weak,Watchlist only,55,0.5,1.8,0.9,57.9,0,,nan,0.0,0.0
MSMIX,MAINSTAY MAP EQUITY FUND INVESTOR CLASS,33.58,15,5,8,9,3,6,4,50,-12.0,41.0,Weak,Watchlist only,59,0.3,1.2,0.9,60.4,0,,nan,0.0,0.0
FMEUX,FRANKLIN MUTUAL EUROPEAN FUND CLASS R6,33.26,8,4,6,7,3,5,3,36,0.0,41.0,Weak,🔥 COILED: Watchlist only,40,-1.9,-1.9,-1.1,44.9,0,,nan,0.0,0.0
LYRIX,LYRICAL U.S. VALUE EQUITY FUND INSTITUTIONAL CLASS,32.29,17,6,4,7,3,9,5,51,-10.0,41.0,Weak,Watchlist only,61,0.1,4.2,2.1,65.2,0,,nan,0.0,0.0
KMVAX,KIRR MARBACH PARTNERS VALUE FUND KIRR MARBACH PARTNERS VALUE FUND,39.13,10,4,9,7,3,1,2,36,0.0,41.0,Weak,🔥 COILED: Watchlist only,40,-1.9,-0.1,-1.1,46.1,0,,nan,0.0,0.0
INDS,Pacer Benchmark Industrial Real Estate SCTR,39.48,9,9,2,11,5,0,3,39,2.0,41.0,Weak,Watchlist only,43,-1.1,-1.5,-0.3,48.6,0,,nan,nan,12571.66
QCLVX,FEDERATED MDT LARGE CAP VALUE FUND CLASS C SHARES,38.09,14,3,4,7,3,1,4,36,0.0,41.0,Weak,🔥 COILED: Watchlist only,55,-1.1,0.4,-0.0,53.2,0,,nan,nan,0.0
WCGALX,WCGALX,38.132,15,9,6,9,6,6,4,55,-19.0,41.0,Weak,🔥 COILED: Watchlist only,61,0.2,2.2,1.6,68.4,0,,nan,nan,0.0
SMCI,Super Micro Computer Inc,41.64,15,5,2,15,3,7,5,52,-11.0,41.0,Weak,Watchlist only,61,-9.7,24.4,6.2,58.3,2,,Technology,25043064832.0,32891256.19
APG,Api Group Corp,41.98,8,11,5,8,4,3,2,41,-3.0,41.0,Weak,Watchlist only,42,2.4,1.2,-1.3,44.7,2,,Industrials,18186911744.0,2635412.5
NASB,NASB Financial Inc,40.25,15,4,6,8,4,0,4,41,-3.0,41.0,Weak,Watchlist only,50,-0.1,1.9,1.1,77.0,0,,Financial Services,288859712.0,0.0
HNVIX,HEARTLAND VALUE PLUS FUND INSTITUTIONAL CLASS,41.99,14,3,5,9,3,5,4,43,-10.0,41.0,Weak,🔥 COILED: Watchlist only,62,-0.1,1.1,0.5,55.0,0,,nan,0.0,0.0
FVDKX,FIDELITY VALUE DISCOVERY FUND CLASS K,42.42,12,3,9,7,3,5,4,43,-10.0,41.0,Weak,🔥 COILED: Watchlist only,56,-0.5,0.1,0.1,54.5,0,,nan,0.0,0.0
CAAPX,ARIEL APPRECIATION FUND INVESTOR CLASS,42.27,13,4,6,9,3,6,4,45,-7.0,41.0,Weak,Watchlist only,53,0.4,2.8,1.1,57.7,0,,nan,0.0,0.0
HRVIX,HEARTLAND VALUE PLUS FUND INVESTOR CLASS,42.32,14,3,5,9,3,5,4,43,-10.0,41.0,Weak,🔥 COILED: Watchlist only,62,-0.1,1.1,0.5,55.0,0,,nan,0.0,0.0
FVDFX,FIDELITY VALUE DISCOVERY FUND FIDELITY VALUE DISCOVERY FUND,42.39,12,3,9,7,3,5,4,43,-10.0,41.0,Weak,🔥 COILED: Watchlist only,56,-0.5,0.1,0.1,54.3,0,,nan,0.0,0.0
VWTQX,Tomorrow's Scholar College Savings Plan - ING Mid Cap Opportunities Fund,43.2,16,9,6,9,3,2,5,50,-9.0,41.0,Weak,Watchlist only,61,0.5,5.4,3.1,68.8,0,,nan,nan,0.0
FBT,First Trust NYSE Arca Biotechnology Index Fund,222.75,16,5,3,11,3,5,5,48,-7.0,41.0,Weak,Watchlist only,69,-0.0,4.8,3.3,61.9,0,,nan,nan,84001.13
IDCC,InterDigital Inc,260.64,6,9,8,9,4,3,2,41,0.0,41.0,Weak,Watchlist only,16,3.4,-2.4,-3.0,37.4,1,,Technology,6736248320.0,353423.5
VMC,Vulcan Materials Company,281.38,10,8,4,11,5,5,2,45,-4.0,41.0,Weak,Watchlist only,34,-0.5,7.4,1.0,52.5,1,,Basic Materials,36510429184.0,1054992.14
LPLA,LPL Financial Holdings Inc,288.49,6,14,2,9,4,2,2,39,2.0,41.0,Weak,Watchlist only,22,5.4,0.2,-0.0,47.6,1,,Financial Services,23074254848.0,900434.0
IESC,IES Holdings Inc,720.72,16,4,10,11,5,4,5,55,-14.0,41.0,Weak,Watchlist only,63,6.2,11.2,5.8,62.6,2,,Industrials,14359543808.0,183521.0
DAWUF,DAWUF,835.957,4,7,10,7,3,2,3,36,0.0,41.0,Weak,🔥 COILED: Watchlist only,35,0.0,0.0,-0.0,45.0,0,,Real Estate,3795115008.0,0.01
FIIIGX,CS 609: Tax Exempt Municipal Income Trust Series 318 - Cash,813.27,17,7,4,9,3,4,3,47,-9.0,41.0,Weak,Watchlist only,54,0.3,3.2,0.9,61.3,0,,nan,nan,0.0
FLWQCX,The First Trust Combined Series 590: Tax Exempt Municipal Income Trust Series 307,882.17,17,7,4,9,3,4,3,47,-9.0,41.0,Weak,Watchlist only,55,0.2,2.9,0.8,62.3,0,,nan,nan,0.0
FBDKAX,FBDKAX,899.67,14,7,6,8,1,5,3,44,-6.0,41.0,Weak,Watchlist only,39,0.1,0.6,0.2,60.5,0,,nan,nan,0.0
FEHKPX,FEHKPX,885.19,17,7,4,9,3,4,3,47,-9.0,41.0,Weak,Watchlist only,54,0.2,2.8,0.9,63.5,0,,nan,nan,0.0
FUPJOX,FUPJOX,893.5,17,7,4,9,3,4,3,47,-9.0,41.0,Weak,Watchlist only,52,0.4,3.1,0.9,62.7,0,,nan,nan,0.0
FWZGRX,FWZGRX,873.32,17,7,4,9,3,4,3,47,-9.0,41.0,Weak,Watchlist only,59,0.1,2.8,0.8,61.5,0,,nan,nan,0.0
FSZUHX,FSZUHX,906.06,18,7,4,8,3,4,3,47,-9.0,41.0,Weak,Watchlist only,52,0.2,2.5,0.7,61.8,0,,nan,nan,0.0
ASMLF,ASML Holding NV,1621.0,15,5,3,16,3,3,5,50,-9.0,41.0,Weak,Watchlist only,64,-0.2,2.1,1.0,53.7,1,,Technology,624762028032.0,1424.09
AMKBF,A.P. Møller - Mærsk A/S,2761.63,18,9,7,15,4,6,5,64,-19.0,41.0,Weak,⚠️ EXHAUSTION RISK: Watchlist only,74,11.0,14.3,11.0,74.7,2,,Industrials,39868084224.0,0.0
HOSHF,HOSHF,1679.015,13,6,11,9,6,1,3,49,-13.0,41.0,Weak,🔥 COILED: Watchlist only,52,0.0,0.0,0.2,100.0,0,,Real Estate,983627008.0,0.06
STSEX,BLACKROCK EXCHANGE PORTFOLIO BLACKROCK,2654.22,8,6,5,7,3,2,3,34,2.0,41.0,Weak,🔥 COILED: Watchlist only,49,-1.1,-0.1,0.2,52.1,0,,nan,0.0,0.0
IGGHY,IG Group Holdings PLC ADR,21.751,14,5,10,5,6,5,4,49,-12.0,40.0,Weak,Watchlist only,49,0.0,0.0,2.1,68.9,0,,Financial Services,7190052352.0,0.0
LDP,Cohen & Steers Limited Duration Preferred and Income Closed Fund,20.64,12,8,3,7,5,6,3,44,-4.0,40.0,Weak,Watchlist only,38,-0.6,1.7,0.0,49.8,0,,Financial Services,622520800.0,67519.5
GOODO,Gladstone Commercial Corp Preferred Series G,20.215,10,8,9,3,5,7,3,45,-10.0,40.0,Weak,🔥 COILED: Watchlist only,50,0.6,0.4,0.2,53.0,0,,Real Estate,468307200.0,6712.03
GNL-P-A,Global Net Lease Inc. 7.25% Series A Cumulative Redeemable Preferred Stock $0.01 par value per share,22.78,6,10,7,10,5,4,3,45,-6.0,40.0,Weak,Watchlist only,43,0.4,0.0,0.2,52.9,1,,Other,nan,7881.77
PUREX,PRUDENTIAL GLOBAL REAL ESTATE FUND CLASS R2,22.2,5,8,3,9,5,3,2,35,2.0,40.0,Weak,Watchlist only,43,-1.0,-1.9,-0.8,44.7,0,,nan,nan,0.0
PURGX,PRUDENTIAL GLOBAL REAL ESTATE FUND CLASS R4,22.22,5,8,3,9,5,3,2,35,2.0,40.0,Weak,Watchlist only,43,-1.0,-1.9,-0.8,44.7,0,,nan,nan,0.0
WOLWF,Woolworths Group Limited,24.91,3,5,6,12,6,3,2,37,0.0,40.0,Weak,Watchlist only,49,0.0,4.2,-1.3,42.0,0,,Consumer Defensive,25955819520.0,0.0
NLY-PG,Annaly Capital Management Inc,25.095,6,11,1,10,8,2,3,41,-1.0,40.0,Weak,Watchlist only,40,-0.5,-0.1,-0.1,49.1,1,,Real Estate,13647285248.0,20552.33
NPTLF,Northam Platinum Holdings Limited,24.0,12,3,9,13,6,2,5,50,-13.0,40.0,Weak,Watchlist only,59,0.0,0.0,2.1,82.7,0,,Basic Materials,9449390080.0,97.26
JPSWY,Japan Steel Works Ltd ADR,25.92,10,13,2,11,3,2,2,43,-1.0,40.0,Weak,Watchlist only,19,7.6,6.6,1.5,49.2,0,,Industrials,3815982592.0,276.83
RLJ-PA,RLJ Lodging Trust,25.315,12,9,8,14,1,5,3,52,-12.0,40.0,Weak,Watchlist only,63,1.1,0.4,0.4,56.9,2,,Real Estate,2881756160.0,20778.15
HTD,John Hancock Tax Advantaged Dividend Income Closed Fund,25.2,6,4,7,7,5,5,3,37,0.0,40.0,Weak,Watchlist only,50,-1.7,-0.2,-0.6,45.0,0,,Financial Services,907189000.0,68676.5
OXSQG,Oxford Square Capital Corp. 5.50% Notes due 2028,24.21,11,3,2,8,3,7,3,37,0.0,40.0,Weak,Watchlist only,63,1.0,-0.6,0.0,51.1,0,,nan,248443900.0,1049.0
ADEA,ADEIA CORP,28.98,16,5,1,7,3,7,5,44,-4.0,40.0,Weak,Watchlist only,59,8.5,9.9,-0.7,50.0,1,,Technology,3196312832.0,1084871.08
SOCGP,Southern California Gas Company PFD SER A 6%,29.65,15,3,10,7,3,4,4,46,-6.0,40.0,Weak,Watchlist only,61,0.2,0.0,1.6,73.8,0,,Other,2303209984.0,2216.96
WIPKF,Winpak Ltd,29.39,6,11,8,9,0,3,3,40,-3.0,40.0,Weak,Watchlist only,11,-2.0,0.8,-0.5,44.5,0,,Consumer Cyclical,1724090880.0,0.0
RHUHF,Richelieu Hardware Ltd,28.26,6,5,8,11,0,1,4,35,2.0,40.0,Weak,Watchlist only,31,-2.0,1.4,-0.4,46.5,0,,Industrials,1553969152.0,0.0
STAA,STAAR Surgical Company,29.99,13,12,5,7,9,4,5,55,-13.0,40.0,Weak,Watchlist only,62,0.3,-8.5,1.1,54.3,1,,Healthcare,1493156992.0,1196619.83
MTYFF,MTY Food Group Inc,28.01,7,9,8,7,3,1,2,37,0.0,40.0,Weak,Watchlist only,36,-1.6,1.7,-0.6,45.6,0,,Consumer Cyclical,639786496.0,0.0
FNEDF,FNEDF,28.0,8,7,9,7,4,2,3,40,-5.0,40.0,Weak,🔥 COILED: Watchlist only,47,0.0,0.0,0.0,51.9,1,,Consumer Cyclical,544995840.0,4.0
SABTX,SA US Value,28.57,16,5,5,7,3,9,5,50,-10.0,40.0,Weak,Watchlist only,61,0.0,2.0,1.1,61.5,0,,nan,0.0,0.0
AREWX,REAL ESTATE FUND R CLASS,28.78,13,12,3,9,6,4,3,50,-13.0,40.0,Weak,Watchlist only,58,0.9,-0.2,1.0,56.3,0,,nan,0.0,0.0
PXWGX,PAX ESG BETA QUALITY FUND INDIVIDUAL INVESTOR CLASS,28.12,12,4,2,7,3,5,4,37,-5.0,40.0,Weak,🔥 COILED: Watchlist only,53,-2.1,0.8,-0.0,54.4,0,,nan,0.0,0.0
HGASX,Hennessy Gas Utility Fund Inst Class,29.07,6,9,1,9,4,3,3,35,2.0,40.0,Weak,Watchlist only,42,1.8,-2.1,-0.1,48.4,0,,nan,0.0,0.0
ETMGX,Eaton Vance Tax-Managed Small-Cap Fd Cl,28.28,6,7,8,9,3,1,3,37,0.0,40.0,Weak,Watchlist only,33,-0.1,0.8,-0.3,48.5,0,,nan,0.0,0.0
CCVAX,CALVERT SMALL CAP FUND CLASS A,28.16,6,7,8,9,3,1,3,37,0.0,40.0,Weak,Watchlist only,35,-0.1,0.8,-0.2,48.8,0,,nan,0.0,0.0
DHSCX,DIAMOND HILL SMALL CAP FUND DIAMOND HILL SMALL CAP FUND CLASS A,28.13,16,8,6,9,3,1,4,47,-10.0,40.0,Weak,Watchlist only,61,0.5,2.2,1.4,58.1,0,,nan,0.0,0.0
PWGIX,PAX ESG BETA QUALITY FUND INSTITUTIONAL CLASS,29.73,12,4,2,7,3,5,4,37,-5.0,40.0,Weak,🔥 COILED: Watchlist only,53,-2.0,0.8,-0.0,54.4,0,,nan,0.0,0.0
DFDMX,DF DENT MIDCAP GROWTH FUND DF DENT MIDCAP GROWTH FUND,33.07,10,5,4,7,3,3,3,35,0.0,40.0,Weak,🔥 COILED: Watchlist only,35,-0.6,2.0,0.3,51.3,0,,nan,0.0,0.0
SH,ProShares Short S&P500,33.73,12,12,7,3,3,3,3,43,-6.0,40.0,Weak,Watchlist only,20,2.6,0.9,0.9,51.2,1,,nan,nan,8721389.5
HOOSX,HARTFORD SCHRODERS US SMALL CAP OPPORTUNITIES FUND CLASS R4,32.04,13,3,4,7,3,2,3,35,0.0,40.0,Weak,🔥 COILED: Watchlist only,49,-0.9,0.4,0.0,52.2,0,,nan,0.0,0.0
HOOYX,HARTFORD SCHRODERS US SMALL CAP OPPORTUNITIES FUND CLASS Y,32.8,13,3,4,7,3,2,3,35,0.0,40.0,Weak,🔥 COILED: Watchlist only,49,-0.9,0.4,0.0,52.3,0,,nan,0.0,0.0
HOOTX,HARTFORD SCHRODERS US SMALL CAP OPPORTUNITIES FUND CLASS R5,32.77,13,3,4,7,3,2,3,35,0.0,40.0,Weak,🔥 COILED: Watchlist only,49,-0.9,0.4,0.0,52.3,0,,nan,0.0,0.0
NOANX,Natixis Oakmark Fund Class N,33.27,9,10,10,6,1,4,3,43,-8.0,40.0,Weak,🔥 COILED: Watchlist only,39,0.2,0.7,0.4,51.5,0,,nan,0.0,0.0
SCURX,HARTFORD SCHRODERS US SMALL CAP OPPORTUNITIES FUND CLASS SDR,33.05,13,3,4,7,3,2,3,35,0.0,40.0,Weak,🔥 COILED: Watchlist only,49,-0.9,0.4,0.0,52.4,0,,nan,0.0,0.0
SISEX,Shelton International Select Equity Fund - Institutional Class,33.18,8,4,5,7,3,5,3,35,0.0,40.0,Weak,🔥 COILED: Watchlist only,49,-3.5,-1.8,-1.6,44.9,0,,nan,0.0,0.0
SISLX,Shelton International Select Equity Fund - Investor Class,32.27,8,4,5,7,3,5,3,35,0.0,40.0,Weak,🔥 COILED: Watchlist only,49,-3.5,-1.8,-1.6,44.9,0,,nan,0.0,0.0
DFMGX,DF Dent Midcap Growth Fund Institutional Shares,33.28,10,5,4,7,3,3,3,35,0.0,40.0,Weak,🔥 COILED: Watchlist only,35,-0.6,2.0,0.3,51.3,0,,nan,nan,0.0
QJUN,First Trust Exchange-Traded Fund VIII - FT Cboe Vest Growth-100 Buffer ETF - June,33.68,13,3,9,13,3,3,3,47,-5.0,40.0,Weak,Watchlist only,65,-0.1,0.1,0.3,69.0,0,,nan,nan,34700.88
NUDV,Nushares ETF Trust - Nuveen ESG Dividend ETF,32.694,16,6,9,5,5,9,4,54,-14.0,40.0,Weak,Watchlist only,73,0.8,1.4,1.0,60.2,0,,nan,nan,6820.5
DFMLX,DF Dent Midcap Growth Fund - Institutional Plus Shares,33.39,10,5,4,7,3,3,3,35,0.0,40.0,Weak,🔥 COILED: Watchlist only,35,-0.6,2.0,0.3,51.3,0,,nan,nan,0.0
WSEFX,WALDEN EQUITY FUND WALDEN EQUITY FUND,38.98,12,3,6,7,3,5,4,40,-5.0,40.0,Weak,🔥 COILED: Watchlist only,51,-0.3,0.5,0.4,56.6,0,,nan,0.0,0.0
NAIL,Direxion Daily Homebuilders & Supplies Bull 3X Shares,38.22,7,10,6,10,2,2,2,39,0.0,40.0,Weak,Watchlist only,21,-0.6,6.2,0.3,48.8,0,,nan,nan,1488401.06
AEYGX,EQUITY GROWTH FUND R5 CLASS,38.1,9,4,3,7,3,5,4,35,0.0,40.0,Weak,🔥 COILED: Watchlist only,51,-2.5,0.0,-0.6,51.1,0,,nan,0.0,0.0
HCMGX,HCM TACTICAL GROWTH FUND HCM TACTICAL GROWTH FUND CLASS A SHARES,38.45,17,6,7,7,6,2,5,50,-15.0,40.0,Weak,🔥 COILED: Watchlist only,56,0.6,5.1,3.4,71.4,0,,nan,0.0,0.0
HCMSX,HCM TACTICAL GROWTH FUND HCM TACTICAL GROWTH FUND CLASS R SHARES,38.46,17,6,7,7,6,2,5,50,-15.0,40.0,Weak,🔥 COILED: Watchlist only,56,0.6,5.1,3.4,71.4,0,,nan,0.0,0.0
HCMIX,HCM TACTICAL GROWTH FUND HCM TACTICAL GROWTH FUND CLASS I SHARES,39.12,17,6,7,7,6,2,5,50,-15.0,40.0,Weak,🔥 COILED: Watchlist only,56,0.6,5.1,3.4,71.4,0,,nan,0.0,0.0
HDGVX,THE HARTFORD DIVIDEND AND GROWTH FUND CLASS R6,38.56,11,3,4,7,3,5,4,37,0.0,40.0,Weak,Watchlist only,51,-1.5,0.8,0.3,55.7,0,,nan,0.0,0.0
SKYU,ProShares Ultra Cloud Computing,39.906,14,3,2,12,3,7,5,46,-6.0,40.0,Weak,Watchlist only,59,-6.0,15.9,3.7,56.5,2,,nan,nan,2571.0
BRKW,Roundhill ETF Trust - Roundhill BRKB WeeklyPay ETF,39.371,13,13,5,5,4,3,4,47,-8.0,40.0,Weak,Watchlist only,23,3.2,1.2,1.7,56.0,0,,nan,nan,13110.0
PNBI,Pioneer Bankshares Inc,41.14,15,4,8,13,6,4,5,55,-15.0,40.0,Weak,Watchlist only,52,0.0,2.8,3.4,98.4,0,,Financial Services,41241244.0,0.0
PRKA,Parks! America Inc,40.0,13,5,8,14,6,2,5,53,-13.0,40.0,Weak,Watchlist only,47,0.0,0.0,1.8,89.2,0,,Consumer Cyclical,30032680.0,203.97
OXINF,Oxford Instruments plc,43.8,17,9,4,10,6,1,5,52,-12.0,40.0,Weak,Watchlist only,60,0.0,7.1,5.6,68.5,0,,Technology,2418164736.0,0.0
GMWAX,GMO GLOBAL ASSET ALLOCATION FUND CLASS III,42.3,17,8,11,9,6,0,4,55,-20.0,40.0,Weak,🔥 COILED: Watchlist only,65,0.6,2.0,1.4,70.3,0,,nan,0.0,0.0
SSHVX,SOUND SHORE FUND INC. INSTITUTIONAL CLASS,42.83,14,5,3,7,3,1,4,37,0.0,40.0,Weak,Watchlist only,56,-0.6,1.8,0.6,55.6,0,,nan,0.0,0.0
GMWRX,GMO Global Asset Allocation Fund Class R6,42.27,17,8,11,9,6,0,4,55,-20.0,40.0,Weak,🔥 COILED: Watchlist only,65,0.6,2.0,1.4,70.1,0,,nan,nan,0.0
GMOOX,GMO Global Asset Allocation Fund Class I,42.28,17,8,11,9,6,0,4,55,-20.0,40.0,Weak,🔥 COILED: Watchlist only,64,0.6,2.0,1.4,70.2,0,,nan,nan,0.0
FERG,Ferguson Plc,229.58,5,10,5,8,4,3,2,37,2.0,40.0,Weak,Watchlist only,33,1.6,2.6,-0.8,44.7,1,,Industrials,44524244992.0,1540633.0
VIG,Vanguard Dividend Appreciation Index Fund ETF Shares,233.28,15,5,5,14,3,5,4,51,-11.0,40.0,Weak,Watchlist only,60,-0.6,1.0,0.4,57.2,0,,nan,nan,1320262.2
ECL,Ecolab Inc,257.97,8,16,6,4,5,3,3,45,-8.0,40.0,Weak,Watchlist only,24,0.8,3.1,0.9,51.5,0,,Basic Materials,72602435584.0,1450126.26
RYAZX,S&P SMALLCAP 600 PURE VALUE FUND CLASS H,255.29,16,5,2,7,3,5,4,42,-5.0,40.0,Weak,Watchlist only,60,0.1,3.7,1.1,56.2,0,,nan,0.0,0.0
RYSVX,S&P SMALLCAP 600 PURE VALUE FUND CLASS A,256.02,16,5,2,7,3,5,4,42,-5.0,40.0,Weak,Watchlist only,60,0.1,3.7,1.1,56.2,0,,nan,0.0,0.0
IVVPF,iShares VII Public Limited Company - iShares Core EURO STOXX 50 UCITS ETF,273.187,15,6,5,12,3,1,3,45,-3.0,40.0,Weak,Watchlist only,61,-0.0,1.7,0.7,55.4,1,,nan,nan,1470.33
FHJETX,FHJETX,740.86,7,7,9,8,0,4,3,38,-3.0,40.0,Weak,🔥 COILED: Watchlist only,37,0.1,0.1,0.0,48.2,0,,nan,nan,0.0
FLBDNX,FLBDNX,738.39,17,7,4,8,3,4,3,46,-9.0,40.0,Weak,Watchlist only,53,0.1,2.2,0.6,60.6,0,,nan,nan,0.0
FRYCAX,The First Trust Combined Series 588: Tax Exempt Municipal Income Trust Series 306,793.75,16,7,5,8,3,4,3,46,-9.0,40.0,Weak,Watchlist only,46,0.2,2.5,0.7,60.4,0,,nan,nan,0.0
FGADKX,CS 605: Tax Exempt Municipal Income Trust Series 315,845.32,16,7,4,9,3,4,3,46,-9.0,40.0,Weak,Watchlist only,51,0.4,3.1,0.8,61.7,0,,nan,nan,0.0
FDMIAX,FDMIAX,815.22,17,7,4,8,3,4,3,46,-9.0,40.0,Weak,Watchlist only,52,0.2,2.2,0.6,60.9,0,,nan,nan,0.0
FMZJBX,The First Trust Combined Series 583: Tax Exempt Municipal Income Trust Series 304,888.2,16,7,4,9,3,4,3,46,-9.0,40.0,Weak,Watchlist only,53,0.3,3.1,0.9,61.5,0,,nan,nan,0.0
FKNTBX,FKNTBX,895.68,16,7,4,9,3,4,3,46,-9.0,40.0,Weak,Watchlist only,56,0.2,2.8,0.8,60.8,0,,nan,nan,0.0
FEPVJX,FEPVJX,920.87,16,7,4,9,3,4,3,46,-9.0,40.0,Weak,Watchlist only,54,0.2,2.6,0.7,60.0,0,,nan,nan,0.0
FHNMTX,FHNMTX,910.83,16,7,4,9,3,4,3,46,-9.0,40.0,Weak,Watchlist only,54,0.2,2.8,0.8,60.7,0,,nan,nan,0.0
FSAKJX,FSAKJX,904.06,16,7,4,9,3,4,3,46,-9.0,40.0,Weak,Watchlist only,53,0.2,3.2,0.9,61.0,0,,nan,nan,0.0
FTSBHX,FTSBHX,900.84,16,7,4,9,3,4,3,46,-9.0,40.0,Weak,Watchlist only,53,0.3,2.8,0.8,61.4,0,,nan,nan,0.0
FYUGJX,FYUGJX,924.6,16,7,4,9,3,4,3,46,-9.0,40.0,Weak,Watchlist only,54,0.3,2.8,0.8,60.8,0,,nan,nan,0.0
FJATCX,FJATCX,963.31,13,7,5,8,1,7,3,44,-7.0,40.0,Weak,Watchlist only,43,0.0,0.9,0.2,55.1,0,,nan,nan,0.0
FVDKXX,FVDKXX,976.06,17,7,5,9,3,2,3,46,-9.0,40.0,Weak,Watchlist only,0,0.3,2.2,0.7,63.0,0,,nan,nan,0.0
KLAC,KLA Corporation,1929.2,15,5,2,15,3,4,5,49,-9.0,40.0,Weak,Watchlist only,56,0.4,4.7,0.3,52.5,0,,Technology,252006612992.0,1019654.5
FZVBQX,FZVBQX,1026.12,13,7,6,8,1,6,3,44,-7.0,40.0,Weak,Watchlist only,40,0.1,0.8,0.2,56.9,0,,nan,nan,0.0
FROIYX,FROIYX,1016.64,13,7,6,8,1,6,3,44,-7.0,40.0,Weak,Watchlist only,40,0.1,0.6,0.2,56.8,0,,nan,nan,0.0
ELEZY,Endesa SA ADR,21.22,10,12,2,3,7,7,3,44,-8.0,39.0,Poor,Stay away,46,2.1,0.6,0.3,50.1,1,,Utilities,43586408448.0,22051.84
VEOEY,Veolia Environnement SA ADR,20.07,6,3,5,13,5,7,2,41,-2.0,39.0,Poor,Stay away,48,-1.2,-1.0,-0.8,47.2,1,,Industrials,29391179776.0,207541.14
AKZOY,Akzo Nobel NV ADR,21.85,11,9,2,12,7,0,5,46,-7.0,39.0,Poor,Stay away,42,-13.8,10.1,0.1,51.9,2,,Basic Materials,11229838336.0,145411.0
MIXIF,mixi Inc,21.279,5,6,10,7,3,2,3,36,0.0,39.0,Poor,Stay away,34,0.0,0.0,-0.0,9.5,0,,Communication Services,1704486784.0,0.0
AGM-PD,Federal Agricultural Mortgage Corporation,20.5,6,10,8,11,0,3,3,41,-5.0,39.0,Poor,Stay away,18,0.1,0.1,-0.5,44.2,0,,Financial Services,608033920.0,6640.19
SARO,"StandardAero, Inc.",25.61,1,14,1,10,9,4,3,42,-1.0,39.0,Poor,Stay away,18,-10.6,-1.9,-2.3,46.3,0,,Industrials,8514607104.0,3065958.65
MAOIF,Manitou BF SA,25.5,15,4,6,12,6,2,4,49,-13.0,39.0,Poor,Stay away,60,0.0,2.0,1.1,99.8,0,,Industrials,1041038016.0,10.85
NLLRF,"Nippon Pillar Packing Co., Ltd.",25.0,7,3,9,9,3,2,3,36,0.0,39.0,Poor,Stay away,27,0.0,0.0,-0.0,31.2,0,,Industrials,571534720.0,2.0
CTEV,Claritev Corporation,25.84,15,6,2,14,1,7,5,50,-11.0,39.0,Poor,Stay away,39,2.9,9.7,6.1,54.4,2,,Healthcare,440514848.0,182513.93
VRLAF,Verallia SociÃ©tÃ© Anonyme,29.736,6,4,8,7,4,2,3,34,0.0,39.0,Poor,🔥 COILED: Stay away,35,0.0,0.0,0.0,50.0,0,,Consumer Cyclical,3503764992.0,1.2
XVIPF,Xvivo Perfusion AB (publ),29.39,12,4,5,14,6,6,5,52,-13.0,39.0,Poor,Stay away,51,0.0,0.0,5.9,98.9,0,,Healthcare,925769408.0,60.83
BSLAF,Basler Aktiengesellschaft,28.0,15,5,6,9,6,6,5,52,-13.0,39.0,Poor,Stay away,55,0.0,0.0,8.4,96.9,0,,Technology,861023104.0,26.6
SWEGX,SCHWAB MARKETTRACK ALL EQUITY PORTFOLIO INVESTOR SHARES,29.49,15,8,9,9,6,2,4,53,-19.0,39.0,Poor,🔥 COILED: Stay away,58,0.2,1.7,1.3,65.1,0,,nan,0.0,0.0
LIHIX,BlackRock LifePath Idx 2045 Prt Inst Cl,28.49,15,8,5,9,6,6,4,53,-19.0,39.0,Poor,🔥 COILED: Stay away,62,0.2,1.8,1.3,64.2,0,,nan,0.0,0.0
LIHAX,BlackRock LifePath Idx 2045 Prt InvA Shs,28.41,15,8,5,9,6,6,4,53,-19.0,39.0,Poor,🔥 COILED: Stay away,62,0.2,1.8,1.3,64.2,0,,nan,0.0,0.0
SNTKX,STEWARD INTERNATIONAL ENHANCED INDEX FUND INDIVIDUAL CLASS,28.82,8,4,6,7,3,7,4,39,-5.0,39.0,Poor,🔥 COILED: Stay away,48,-0.7,-1.2,-0.6,49.4,0,,nan,0.0,0.0
MEURX,FRANKLIN MUTUAL EUROPEAN FUND CLASS Z,33.26,6,4,6,7,3,5,3,34,0.0,39.0,Poor,🔥 COILED: Stay away,40,-1.9,-1.9,-1.1,44.8,0,,nan,0.0,0.0
MRLVX,BlackRock Lg Cap Value R,33.48,14,3,4,7,3,4,4,39,-5.0,39.0,Poor,🔥 COILED: Stay away,56,-0.4,0.8,0.5,57.3,0,,nan,0.0,0.0
HWCAX,HOTCHKIS & WILEY DIVERSIFIED VALUE FUND CLASS A,32.76,17,5,5,7,3,8,4,49,-10.0,39.0,Poor,Stay away,60,1.1,2.8,1.7,63.2,0,,nan,0.0,0.0
RINF,ProShares Inflation Expectations ETF,32.79,12,7,6,7,7,2,4,45,-6.0,39.0,Poor,Stay away,48,0.0,0.1,0.2,58.9,0,,nan,nan,4538.63
TEMIX,FRANKLIN MUTUAL EUROPEAN FUND CLASS A,32.06,6,4,6,7,3,5,3,34,0.0,39.0,Poor,🔥 COILED: Stay away,40,-2.0,-1.9,-1.1,44.7,0,,nan,0.0,0.0
RMLPX,Recurrent MLP & Infrastructure Fund,32.36,10,4,1,9,3,8,4,39,-5.0,39.0,Poor,🔥 COILED: Stay away,54,2.7,-2.9,-0.4,49.8,0,,nan,nan,0.0
WCLD,WisdomTree Cloud Computing Fund,32.2,14,5,1,15,3,7,5,50,-11.0,39.0,Poor,Stay away,50,-2.3,8.8,3.4,56.9,1,,nan,nan,764997.59
VWVBX,Tomorrows Scholar College Savings Plan - Ing 529 Aggressive Growth Fund,33.11,15,8,7,7,6,6,4,53,-19.0,39.0,Poor,🔥 COILED: Stay away,61,0.2,1.8,1.4,65.9,0,,nan,nan,0.0
SELV,SEI Exchange Traded Funds - SEI Enhanced Low Volatility U.S. Large Cap ETF,33.03,14,14,4,8,7,2,4,53,-14.0,39.0,Poor,Stay away,50,0.4,0.1,0.6,56.6,0,,nan,nan,17927.61
BITIX,ProFunds Short Bitcoin Str ProFd Inv,32.16,18,9,7,9,6,3,5,57,-18.0,39.0,Poor,Stay away,53,18.8,25.5,16.5,81.3,2,,nan,nan,0.0
SMBYX,CLEARBRIDGE MID CAP FUND CLASS I,39.6,7,8,8,7,3,1,2,36,0.0,39.0,Poor,Stay away,39,-0.8,0.6,-0.6,45.8,0,,nan,0.0,0.0
OAKGX,OAKMARK GLOBAL FUND INVESTOR CLASS,39.58,12,3,6,7,3,2,3,36,-5.0,39.0,Poor,🔥 COILED: Stay away,56,-0.7,0.2,0.0,52.5,0,,nan,0.0,0.0
HHDFX,HAMLIN HIGH DIVIDEND EQUITY FUND INSTITUTIONAL CLASS SHARES,39.01,11,4,8,9,3,2,4,41,-10.0,39.0,Poor,🔥 COILED: Stay away,59,-0.2,-0.4,-0.0,52.6,0,,nan,0.0,0.0
FSTKX,FEDERATED MDT LARGE CAP VALUE FUND SERVICE SHARES,38.14,12,3,4,7,3,1,4,34,0.0,39.0,Poor,🔥 COILED: Stay away,55,-1.0,0.5,-0.0,53.5,0,,nan,0.0,0.0
HHDVX,HAMLIN HIGH DIVIDEND EQUITY FUND INVESTOR CLASS SHARES,39.02,11,4,8,9,3,2,4,41,-10.0,39.0,Poor,🔥 COILED: Stay away,59,-0.2,-0.4,-0.0,52.5,0,,nan,0.0,0.0
FMSTX,FEDERATED MDT LARGE CAP VALUE FUND INSTITUTIONAL SHARES,38.09,12,3,4,7,3,1,4,34,0.0,39.0,Poor,🔥 COILED: Stay away,55,-1.0,0.5,-0.0,53.5,0,,nan,0.0,0.0
BCAIX,BOSTON COMMON INTERNATIONAL FUND BOSTON COMMON INTERNATIONAL FUND,39.63,8,4,8,7,3,1,3,34,0.0,39.0,Poor,🔥 COILED: Stay away,47,-2.7,-2.1,-1.5,45.1,0,,nan,0.0,0.0
FSTLX,FEDERATED MDT LARGE CAP VALUE FUND CLASS R6 SHARES,38.16,12,3,4,7,3,1,4,34,0.0,39.0,Poor,🔥 COILED: Stay away,55,-1.0,0.5,-0.0,53.5,0,,nan,0.0,0.0
FSTRX,FEDERATED MDT LARGE CAP VALUE FUND CLASS A SHARES,38.06,12,3,4,7,3,1,4,34,0.0,39.0,Poor,🔥 COILED: Stay away,55,-1.0,0.5,-0.0,53.5,0,,nan,0.0,0.0
GEMUX,GOLDMAN SACHS EMERGING MARKETS EQUITY FUND CLASS R6 SHARES,39.85,17,7,4,7,6,3,4,48,-12.0,39.0,Poor,Stay away,61,1.2,4.8,2.5,62.0,0,,nan,0.0,0.0
MFCCX,MERIDIAN CONTRARIAN FUND CLASS C,38.86,12,6,2,7,3,3,3,36,0.0,39.0,Poor,Stay away,42,-2.6,1.8,-0.8,49.5,0,,nan,0.0,0.0
OANGX,OAKMARK GLOBAL FUND INSTITUTIONAL CLASS,39.57,12,3,6,7,3,2,3,36,-5.0,39.0,Poor,🔥 COILED: Stay away,56,-0.7,0.2,0.0,52.5,0,,nan,0.0,0.0
OAYGX,OAKMARK GLOBAL FUND ADVISOR CLASS,39.56,12,3,6,7,3,2,3,36,-5.0,39.0,Poor,🔥 COILED: Stay away,56,-0.7,0.2,0.0,52.5,0,,nan,0.0,0.0
QRLVX,FEDERATED MDT LARGE CAP VALUE FUND CLASS R SHARES,38.07,12,3,4,7,3,1,4,34,0.0,39.0,Poor,🔥 COILED: Stay away,55,-1.0,0.5,-0.0,53.3,0,,nan,nan,0.0
GAHPX,GOLDMAN SACHS EMERGING MARKETS EQUITY FUND CLASS P SHARES,39.85,17,7,4,7,6,3,4,48,-12.0,39.0,Poor,Stay away,61,1.2,4.8,2.5,62.0,0,,nan,nan,0.0
ZIG,The Acquirers Fund ETF,39.069,6,3,6,13,3,5,3,39,2.0,39.0,Poor,Stay away,47,-0.7,-0.6,-0.7,45.3,0,,nan,nan,2011.49
VWSAX,Tomorrow's Scholar College Savings Plan - Voya 529 Aggressive Growth Fund,38.97,15,8,7,7,6,6,4,53,-19.0,39.0,Poor,🔥 COILED: Stay away,59,0.2,1.9,1.5,66.7,0,,nan,nan,0.0
FMDE,Fidelity Enhanced Mid Cap ETF,39.32,15,5,5,13,3,5,4,50,-11.0,39.0,Poor,Stay away,53,-0.9,1.4,0.1,54.1,0,,nan,nan,807511.5
ARCVF,Arcadis NV,40.5,7,6,4,7,3,4,5,36,0.0,39.0,Poor,Stay away,34,0.0,1.0,-0.3,48.0,0,,Industrials,3444436480.0,0.0
WBBW,Westbury Bancorp Inc,40.79,20,9,5,5,6,12,5,62,-23.0,39.0,Poor,Stay away,64,4.5,4.5,4.7,78.0,0,,Financial Services,76597504.0,125.5
PCCOF,PCCOF,42.0,15,5,6,14,6,1,5,52,-13.0,39.0,Poor,Stay away,44,0.0,0.0,4.4,100.0,0,,Consumer Defensive,2546498816.0,61.51
TGLS,Tecnoglass Inc,42.35,7,9,4,11,3,2,3,39,0.0,39.0,Poor,Stay away,29,-1.7,2.8,0.3,50.4,0,,Basic Materials,1878849920.0,400343.22
RYCDX,Rydex Inverse NASDAQ-100 2x Strategy Fund Class C,42.54,5,10,4,9,3,3,2,36,0.0,39.0,Poor,Stay away,21,3.6,-3.0,-2.3,38.0,0,,nan,0.0,0.0
SCSIX,SENTINEL MULTI-ASSET INCOME FUND CLASS I,43.24,15,3,9,9,3,8,4,51,-15.0,39.0,Poor,Stay away,60,0.7,0.7,0.7,56.1,0,,nan,0.0,0.0
SEVSX,GUGGENHEIM MID CAP VALUE FUND C,42.01,14,5,2,7,3,1,4,36,0.0,39.0,Poor,Stay away,46,-0.4,1.9,0.6,55.0,0,,nan,0.0,0.0
FSMEX,MEDICAL EQUIPMENT AND SYSTEMS PORTFOLIO MEDICAL EQUIPMENT AND SYSTEMS PORTFOLIO,43.81,11,6,3,7,0,3,4,34,2.0,39.0,Poor,Stay away,28,-0.8,2.9,1.2,51.9,0,,nan,0.0,0.0
STSCX,STERLING CAPITAL STRATTON SMALL CAP VALUE FUND INSTITUTIONAL SHARES,42.87,15,3,9,9,3,8,4,51,-15.0,39.0,Poor,Stay away,60,0.7,0.7,0.7,56.1,0,,nan,0.0,0.0
FIVVX,FIRST INVESTORS OPPORTUNITY FUND INSTITUTIONAL CLASS,42.05,15,5,8,9,3,7,4,51,-15.0,39.0,Poor,Stay away,63,0.8,2.1,0.9,57.5,0,,nan,0.0,0.0
FDIIX,Fa529 Dvrs Cl C,43.16,8,4,5,7,3,4,3,34,0.0,39.0,Poor,🔥 COILED: Stay away,43,-3.2,-1.6,-1.8,44.8,0,,Other,0.0,0.0
MFCAX,MERIDIAN CONTRARIAN FUND CLASS A,42.68,12,6,2,7,3,3,3,36,0.0,39.0,Poor,Stay away,42,-2.5,1.8,-0.8,49.6,0,,nan,0.0,0.0
RECS,Columbia ETF Trust I - Columbia Research Enhanced Core ETF,43.21,12,3,4,14,3,6,4,46,-7.0,39.0,Poor,Stay away,63,-1.2,0.4,0.1,54.3,0,,nan,nan,657141.89
WCGAHX,WCGAHX,43.337,15,9,6,9,6,4,4,53,-19.0,39.0,Poor,🔥 COILED: Stay away,61,0.2,2.0,1.4,68.2,0,,nan,nan,0.0
NBIS,Nebius Group N.V.,227.81,17,5,2,13,3,7,5,52,-13.0,39.0,Poor,Stay away,66,-1.4,3.6,3.9,56.1,0,,Communication Services,57840545792.0,16961042.0
FCFS,FirstCash Inc,225.44,16,13,2,5,6,4,3,49,-8.0,39.0,Poor,Stay away,59,2.5,-0.4,1.6,55.2,0,,Financial Services,9882543104.0,305150.0
ZFSVF,Zurich Insurance Group AG,694.1,5,4,9,10,4,1,3,36,0.0,39.0,Poor,Stay away,34,-0.8,-4.1,-1.3,46.0,0,,Financial Services,103677206528.0,321.41
TIGADX,TIGADX,678.81,6,10,6,8,0,3,3,36,0.0,39.0,Poor,Stay away,29,0.0,0.0,-0.1,13.2,0,,nan,nan,0.0
PONT,Pontiac Bancorp Inc,729.85,8,3,5,10,5,5,3,39,0.0,39.0,Poor,Stay away,0,-0.0,-0.0,-0.3,39.4,0,,Financial Services,151202288.0,0.0
BSND,Boston Sand & Gravel Co,750.0,5,3,10,10,3,2,3,36,0.0,39.0,Poor,Stay away,18,0.0,0.0,-0.0,1.2,0,,Basic Materials,101250000.0,6.0
FMCVGX,FMCVGX,806.56,15,7,4,9,3,4,3,45,-9.0,39.0,Poor,Stay away,55,0.2,3.2,0.9,60.8,0,,nan,nan,0.0
FVFMNX,CS 601: Tax Exempt Municipal Income Trust Series 311,822.85,15,7,4,9,3,4,3,45,-9.0,39.0,Poor,Stay away,40,0.3,2.8,0.8,62.4,0,,nan,nan,0.0
FRGDUX,The First Trust Combined Series 585: Tax Exempt Municipal Income Trust Series 305,851.21,15,7,4,9,3,4,3,45,-9.0,39.0,Poor,Stay away,52,0.3,3.3,1.0,62.7,0,,nan,nan,0.0
FDHTCX,FDHTCX,889.55,17,7,4,9,3,2,3,45,-9.0,39.0,Poor,Stay away,55,0.4,2.8,0.9,63.0,0,,nan,nan,0.0
FYENGX,FYENGX,870.15,15,7,4,9,3,4,3,45,-9.0,39.0,Poor,Stay away,57,0.3,3.1,0.9,62.2,0,,nan,nan,0.0
FAEVLX,The First Trust Combined Series 589: Tax Exempt Municipal Income Trust Intermediate Series 40,934.62,12,7,6,8,0,7,3,43,-7.0,39.0,Poor,Stay away,38,0.0,0.2,0.1,53.7,0,,nan,nan,0.0
FCVDIX,FCVDIX,902.21,15,7,4,9,3,4,3,45,-9.0,39.0,Poor,Stay away,55,0.2,2.5,0.8,61.8,0,,nan,nan,0.0
FHVRQX,FHVRQX,936.97,15,7,4,9,3,4,3,45,-9.0,39.0,Poor,Stay away,57,0.2,2.7,0.8,62.2,0,,nan,nan,0.0
FTFDKX,FTFDKX,920.15,15,7,4,9,3,4,3,45,-9.0,39.0,Poor,Stay away,54,0.3,2.9,0.8,62.1,0,,nan,nan,0.0
FXWUDX,FXWUDX,900.85,15,7,4,9,3,4,3,45,-9.0,39.0,Poor,Stay away,55,0.3,3.0,0.9,63.0,0,,nan,nan,0.0
BH-A,Biglari Holdings Inc,1584.55,8,11,5,12,5,3,3,47,-6.0,39.0,Poor,Stay away,29,6.4,9.0,5.3,58.6,2,,Consumer Cyclical,994786880.0,15123.06
GFGY,Granite Falls Energy LLC,3600,20,4,4,11,4,4,5,52,-13.0,39.0,Poor,Stay away,53,22.0,22.0,12.5,85.6,2,,Energy,110181600.0,1.84
TLTZF,Tele2 AB (publ),20.98,10,6,11,9,3,6,3,48,-13.0,38.0,Poor,Stay away,0,0.0,0.0,0.0,89.9,0,,Communication Services,11395665920.0,0.0
NN,Nextnav Acquisition Corp,21.6,13,5,3,14,3,2,5,45,-7.0,38.0,Poor,Stay away,65,4.8,1.0,2.0,52.9,1,,Technology,2947037952.0,1688298.78
KNOIF,Konoike Transport Co.Ltd.,20.21,12,6,11,6,3,2,3,43,-10.0,38.0,Poor,🔥 COILED: Stay away,50,0.0,0.0,0.0,50.0,0,,Industrials,1073143168.0,10.5
GGIPX,GOLDMAN SACHS GQG PARTNERS INTERNATIONAL OPPORTUNITIES FUND CLASS P SHARES,23.85,5,10,4,7,6,6,3,41,-6.0,38.0,Poor,Stay away,36,-0.7,-2.7,-0.7,44.2,0,,nan,nan,0.0
BAC-PB,Bank of America Corporation,24.86,6,9,2,7,2,4,3,33,2.0,38.0,Poor,Stay away,30,-0.3,0.9,-0.2,45.6,0,,Financial Services,253777362944.0,68783.01
KPCPY,Kasikornbank Public Co Ltd,25.2,15,5,5,12,5,2,3,47,-9.0,38.0,Poor,Stay away,59,-2.0,4.7,0.0,51.1,0,,Financial Services,14926764032.0,16741.14
BLFBY,BLFBY,24.15,18,12,4,10,4,2,3,53,-13.0,38.0,Poor,Stay away,50,12.5,12.1,7.8,57.3,3,,Industrials,5759984128.0,1992.07
CAAP,Corporacion America Airports,25.35,10,9,2,13,1,0,3,38,0.0,38.0,Poor,Stay away,36,-4.7,0.3,-1.2,48.3,0,,Industrials,4137695488.0,234958.59
PGNY,Progyny Inc,25.86,11,6,7,14,7,2,5,52,-12.0,38.0,Poor,Stay away,65,1.2,4.7,7.0,67.7,0,,Healthcare,2025675136.0,1503627.35
ACGAF,ACG Metals Limited,24.22,16,4,7,11,6,4,5,53,-18.0,38.0,Poor,Stay away,65,0.0,7.1,3.4,86.1,1,,Basic Materials,560388416.0,139.78
CZR,Caesars Entertainment Corporation,29.2,15,6,5,10,5,1,5,47,-9.0,38.0,Poor,Stay away,63,0.5,4.7,2.6,62.3,1,,Consumer Cyclical,5947852288.0,7282335.5
SIPIX,SIMT MID CAP FUND SIMT MID CAP FUND - CLASS I,29.86,13,5,5,7,3,1,4,38,-5.0,38.0,Poor,🔥 COILED: Stay away,45,-0.8,1.3,0.2,53.9,0,,nan,0.0,0.0
SEMCX,SIMT MID CAP FUND SIMT MID CAP FUND - CLASS F EFFECTIVE 1-31-2017 (FORMERLY CLASS A),29.91,13,5,5,7,3,1,4,38,-5.0,38.0,Poor,🔥 COILED: Stay away,45,-0.7,1.4,0.2,54.1,0,,nan,0.0,0.0
CWVIX,CALVERT INTERNATIONAL EQUITY FUND CLASS I,28.25,13,3,2,7,3,1,4,33,0.0,38.0,Poor,🔥 COILED: Stay away,48,-1.8,0.0,-0.1,52.4,0,,nan,0.0,0.0
SAPCX,CLEARBRIDGE APPRECIATION FUND CLASS C,33.67,5,3,8,7,3,6,3,35,0.0,38.0,Poor,Stay away,39,-2.1,-1.8,-1.3,42.6,0,,nan,0.0,0.0
RRESX,GLOBAL REAL ESTATE SECURITIES FUND CLASS S,32.1,5,7,2,9,5,1,2,31,4.0,38.0,Poor,Stay away,43,-1.1,-1.9,-0.8,44.6,0,,nan,0.0,0.0
RETTX,GLOBAL REAL ESTATE SECURITIES FUND CLASS T,32.06,5,7,2,9,5,1,2,31,4.0,38.0,Poor,Stay away,43,-1.1,-1.9,-0.8,44.7,0,,nan,0.0,0.0
RRSRX,GLOBAL REAL ESTATE SECURITIES FUND CLASS R6,32.12,5,7,2,9,5,1,2,31,4.0,38.0,Poor,Stay away,43,-1.1,-1.9,-0.8,44.7,0,,nan,0.0,0.0
STSOX,STERLING CAPITAL STRATTON SMALL CAP VALUE FUND C SHARES,33.96,13,3,9,9,3,8,3,48,-15.0,38.0,Poor,🔥 COILED: Stay away,56,0.7,0.6,0.7,55.8,0,,nan,0.0,0.0
FIMVX,Fidelity Mid Cap Value Index Fund,33.33,15,5,4,7,3,5,4,43,-10.0,38.0,Poor,🔥 COILED: Stay away,58,-0.6,1.2,0.3,54.8,0,,nan,nan,0.0
XBSZX,BlackRock Science and Technology Trust II,33.91,17,5,5,9,6,6,5,53,-15.0,38.0,Poor,Stay away,64,4.9,7.7,5.3,70.7,0,,nan,nan,0.0
LYRAX,Lyrical U.S. Value Equity Fund - Class A,32.11,17,6,4,7,3,6,5,48,-10.0,38.0,Poor,Stay away,61,0.1,4.1,2.1,65.0,0,,nan,nan,0.0
FIUSX,FIRST INVESTORS OPPORTUNITY FUND CLASS A,38.54,15,5,8,9,3,6,4,50,-15.0,38.0,Poor,Stay away,63,0.7,2.1,0.9,57.3,0,,nan,0.0,0.0
HICGX,HENNESSY CORNERSTONE GROWTH FUND INSTITUTIONAL CLASS,39.77,16,5,3,7,3,7,5,46,-8.0,38.0,Poor,Stay away,63,0.1,4.0,1.1,58.0,0,,nan,0.0,0.0
SPXU,ProShares UltraPro Short S&P500,39.17,13,13,6,4,3,2,3,44,-6.0,38.0,Poor,Stay away,38,7.7,2.4,2.2,49.4,1,,nan,nan,8040054.04
CFJAX,Calvert US Large Cap Value Resp Index Fu,38.79,16,5,5,9,3,1,4,43,-5.0,38.0,Poor,Stay away,55,-0.2,1.9,1.1,60.9,0,,nan,0.0,0.0
CFJIX,Calvert US Large Cap Value Resp Index Fu,39.15,16,5,5,9,3,1,4,43,-5.0,38.0,Poor,Stay away,55,-0.2,2.0,1.1,61.0,0,,nan,0.0,0.0
CLVRX,COLUMBIA INTERNATIONAL VALUE FUND CLASS R5,39.06,16,5,5,9,3,1,4,43,-5.0,38.0,Poor,Stay away,54,-0.2,2.0,1.1,61.0,0,,nan,nan,0.0
FCTR,First Trust Lunt U.S. Factor Rotation ETF,39.868,16,7,2,15,3,7,5,55,-17.0,38.0,Poor,Stay away,63,-0.9,3.1,0.9,55.8,0,,nan,nan,3051.67
PSWD,Xtrackers Cybersecurity Select Equity ETF,38.783,15,2,2,13,3,1,5,41,-3.0,38.0,Poor,Stay away,62,-2.1,4.4,2.4,58.4,1,,nan,nan,789.75
XOCT,FT Cboe Vest U.S. Equity Enhance & Moderate Buffer ETF - October,39.22,13,5,7,14,3,1,3,46,-8.0,38.0,Poor,Stay away,60,-0.4,0.1,0.1,58.8,0,,nan,nan,9933.35
XNOV,FT Cboe Vest U.S. Equity Enhance & Moderate Buffer ETF - November,39.314,12,2,6,14,3,1,3,41,-3.0,38.0,Poor,Stay away,54,-0.4,0.0,0.1,58.7,0,,nan,nan,3265.24
ARMG,Leverage Shares 2X Long ARM Daily ETF,39.69,15,3,2,16,3,5,5,49,-11.0,38.0,Poor,Stay away,61,-10.5,22.9,7.8,55.9,2,,nan,nan,963856.5
SOMLF,SECOM CO. LTD,40.05,17,4,6,11,6,2,5,51,-13.0,38.0,Poor,Stay away,64,0.0,0.0,4.5,100.0,0,,Industrials,16198669312.0,0.0
TMICF,Trend Micro Inc.,41.4,17,4,7,10,6,2,5,51,-13.0,38.0,Poor,Stay away,0,0.0,0.0,5.7,95.7,0,,Technology,5372302848.0,0.0
RRFDX,T. ROWE PRICE EQUITY INCOME FUND T. ROWE PRICE EQUITY INCOME FUND-R CLASS,42.41,12,4,5,7,3,5,4,40,-10.0,38.0,Poor,🔥 COILED: Stay away,58,-0.5,-0.2,0.2,54.9,0,,nan,0.0,0.0
BAWAX,BROWN ADVISORY SUSTAINABLE GROWTH FUND ADVISOR SHARES,43.55,12,3,3,7,3,1,4,33,0.0,38.0,Poor,🔥 COILED: Stay away,38,-2.0,1.7,0.1,53.7,0,,nan,0.0,0.0
SMQ,Tradr 1X Short Innovation 100 Monthly ETFA,42.359,8,13,2,7,3,3,2,38,-1.0,38.0,Poor,Stay away,0,4.4,-0.8,0.4,45.5,0,,nan,nan,0.0
AME,Ametek Inc,226.55,8,10,7,7,3,5,2,42,-4.0,38.0,Poor,Stay away,46,0.3,1.5,-0.4,48.1,0,,Industrials,51925942272.0,1310336.5
COPLX,COPLEY FUND INC /NV/ COPLEY FUND INC /NV/,224.14,17,4,3,7,3,6,5,45,-7.0,38.0,Poor,Stay away,61,-0.2,3.3,1.9,64.9,0,,nan,0.0,0.0
UZAPF,Flughafen Zürich AG,293.694,7,6,9,10,0,1,5,38,4.0,38.0,Poor,Stay away,22,-4.1,4.3,0.4,50.4,0,,Industrials,9015806976.0,0.0
DDS,"Dillard's, Inc.",606.27,14,5,5,11,3,2,5,45,-7.0,38.0,Poor,Stay away,46,2.7,9.9,4.2,60.8,1,,Consumer Cyclical,9468149760.0,127273.0
FVRPMX,FVRPMX,844.56,7,7,9,8,0,4,3,38,-5.0,38.0,Poor,🔥 COILED: Stay away,34,0.0,0.2,0.0,48.1,0,,nan,nan,0.0
FBCZOX,FBCZOX,895.47,16,7,3,8,3,4,3,44,-9.0,38.0,Poor,Stay away,56,0.2,2.6,0.7,60.5,0,,nan,nan,0.0
FQKXDX,FQKXDX,893.12,16,7,4,9,3,2,3,44,-9.0,38.0,Poor,Stay away,54,0.4,2.8,0.8,62.6,0,,nan,nan,0.0
FYTTXX,FYTTXX,910.86,16,7,4,9,3,2,3,44,-9.0,38.0,Poor,Stay away,55,0.3,2.7,0.8,61.3,0,,nan,nan,0.0
FKKVQX,CS 596: Tax Exempt Municipal Income Trust Intermediate Series 43,990.37,12,7,5,8,0,7,3,42,-7.0,38.0,Poor,Stay away,34,0.0,0.3,0.1,52.0,0,,nan,nan,0.0
ASML,ASML Holding NV ADR,1641.74,15,5,2,15,3,4,5,49,-11.0,38.0,Poor,Stay away,63,1.8,3.1,2.3,55.9,0,,Technology,632755585024.0,1639234.77
ZTST,ZTST,12345.0,12,6,11,6,3,2,3,43,-10.0,38.0,Poor,🔥 COILED: Stay away,50,0.0,0.0,0.0,50.0,0,,Other,nan,0.0
GMGSF,Goodman Group,21.5,12,5,2,7,6,3,2,37,0.0,37.0,Poor,Stay away,61,1.7,6.2,-0.5,50.1,0,,Real Estate,43963052032.0,0.0
VTAGY,Vantage Towers AG,21.42,10,7,10,6,4,2,3,42,-10.0,37.0,Poor,🔥 COILED: Stay away,48,0.0,0.0,0.0,50.0,0,,Real Estate,22896203776.0,4.52
TKKHF,Tikehau Capital,20.75,15,5,7,10,6,2,5,50,-13.0,37.0,Poor,Stay away,0,0.0,0.0,3.5,84.0,0,,Financial Services,3588856576.0,0.0
FIHL,Fidelis Insurance Holdings Limited,21.81,10,11,2,3,8,4,4,42,-6.0,37.0,Poor,Stay away,59,1.1,-5.4,0.2,51.9,1,,Financial Services,1787657472.0,469822.47
CUSI,Cuisine Solutions Inc,20.0,12,3,9,13,6,4,3,50,-18.0,37.0,Poor,🔥 COILED: Stay away,53,0.0,0.0,0.3,99.8,1,,Consumer Defensive,338014496.0,707.0
CZNC,Citizens & Northern Corp,21.35,10,12,8,3,3,3,3,42,-8.0,37.0,Poor,Stay away,40,1.4,0.8,1.0,50.5,1,,Financial Services,382519104.0,46894.5
GGPPX,GOLDMAN SACHS GROWTH STRATEGY PORTFOLIO CLASS P SHARES,22.28,13,9,6,7,6,6,4,51,-19.0,37.0,Poor,🔥 COILED: Stay away,61,0.2,1.9,1.3,65.6,0,,nan,nan,0.0
RGGRX,Victory RS Global Fund Class R6,22.59,11,4,2,7,3,6,4,37,-5.0,37.0,Poor,🔥 COILED: Stay away,52,-2.0,-0.4,-0.6,50.1,0,,nan,nan,0.0
DNKEY,Danske Bank A/S ADR,25.36,7,6,8,13,3,1,3,41,-4.0,37.0,Poor,Stay away,40,-3.9,-2.9,-1.6,45.4,0,,Financial Services,41053790208.0,49387.03
MDIBY,Mediobanca Banca di Credito Finanziario SpA ADR,24.61,13,2,5,13,3,4,5,45,-8.0,37.0,Poor,Stay away,59,-3.6,1.8,0.8,56.2,0,,Financial Services,19991855104.0,9089.53
CAE,CAE Inc.,25.5,7,13,1,7,5,2,2,37,2.0,37.0,Poor,Stay away,22,-1.2,-5.3,-0.3,48.2,1,,Industrials,8204227072.0,713567.84
FLUTX,FIDELITY STOCK SELECTOR LARGE CAP VALUE FUND FIDELITY ADVISOR STOCK SELECTOR LARGE CAP VALUE FUND: CLASS M,29.67,11,3,9,9,3,1,3,39,-10.0,37.0,Poor,🔥 COILED: Stay away,50,-0.2,0.3,0.2,53.4,0,,nan,0.0,0.0
BMCAX,BLACKROCK ADVANTAGE LARGE CAP GROWTH FUND INVESTOR A,28.89,11,4,2,7,3,1,4,32,0.0,37.0,Poor,🔥 COILED: Stay away,46,-3.8,-0.4,-1.0,50.0,0,,nan,0.0,0.0
PQNAX,ALLIANZGI NFJ MID-CAP VALUE FUND A,28.29,15,3,3,9,3,6,3,42,-10.0,37.0,Poor,🔥 COILED: Stay away,53,-0.4,1.3,0.1,52.5,0,,nan,0.0,0.0
FLUEX,FIDELITY STOCK SELECTOR LARGE CAP VALUE FUND FIDELITY ADVISOR STOCK SELECTOR LARGE CAP VALUE FUND: CLASS C,28.66,11,3,9,9,3,1,3,39,-10.0,37.0,Poor,🔥 COILED: Stay away,51,-0.2,0.2,0.2,53.2,0,,nan,0.0,0.0
MAAHX,MFS AGGRESSIVE GROWTH ALLOCATION FUND R3,33.91,17,8,8,9,6,1,4,53,-19.0,37.0,Poor,Stay away,63,0.4,1.5,1.1,63.0,0,,nan,0.0,0.0
MAWAX,MFS AGGRESSIVE GROWTH ALLOCATION FUND R2,33.26,17,8,8,9,6,1,4,53,-19.0,37.0,Poor,Stay away,63,0.4,1.5,1.1,63.0,0,,nan,0.0,0.0
AEDCX,INVESCO EUROPEAN GROWTH FUND CLASS C,33.41,8,4,4,7,3,3,3,32,0.0,37.0,Poor,🔥 COILED: Stay away,45,-2.9,-1.7,-1.5,46.2,0,,nan,0.0,0.0
SCHD,Schwab U.S. Dividend Equity ETF,32.3,13,3,4,12,3,6,4,45,-8.0,37.0,Poor,Stay away,63,-0.6,0.2,0.3,55.6,1,,nan,nan,20104753.0
TRCVX,TIAA-CREF LARGE-CAP VALUE INDEX FUND RETIREMENT CLASS,32.3,14,3,6,7,3,5,4,42,-10.0,37.0,Poor,🔥 COILED: Stay away,56,-0.7,0.7,0.3,55.6,0,,nan,0.0,0.0
FEAIX,FIRST EAGLE FUND OF AMERICA CLASS I,33.49,11,4,4,7,3,2,3,34,0.0,37.0,Poor,Stay away,51,-0.8,0.5,-0.1,52.1,0,,nan,0.0,0.0
FEFRX,First Eagle Fund of America Class R6,33.48,11,4,4,7,3,2,3,34,0.0,37.0,Poor,Stay away,51,-0.9,0.5,-0.2,52.0,0,,nan,0.0,0.0
FSALX,Fa529 St Dv Cl A,33.52,13,4,5,7,3,3,4,39,-10.0,37.0,Poor,🔥 COILED: Stay away,56,-0.4,-0.2,0.0,53.4,0,,Other,0.0,0.0
SKSZX,AMG MANAGERS SKYLINE SPECIAL EQUITIES FUND CLASS Z,33.86,12,4,7,9,3,4,3,42,-10.0,37.0,Poor,🔥 COILED: Stay away,59,-0.3,0.3,-0.2,51.3,0,,nan,0.0,0.0
ANPRX,ALLIANZGI NFJ MID-CAP VALUE FUND CLASS R6,32.13,15,3,3,9,3,6,3,42,-10.0,37.0,Poor,🔥 COILED: Stay away,53,-0.3,1.4,0.1,52.6,0,,nan,nan,0.0
RGGKX,VICTORY RS GLOBAL FUND CLASS R,39.23,11,4,2,7,3,6,4,37,-5.0,37.0,Poor,🔥 COILED: Stay away,52,-2.0,-0.5,-0.6,50.1,0,,nan,0.0,0.0
WBIL,WBI BullBear Quality 3000 ETF,38.937,14,5,2,15,3,4,5,48,-11.0,37.0,Poor,Stay away,55,-1.6,3.8,1.2,58.0,0,,nan,nan,2614.81
FPAG,Northern Lights Fund Trust III - FPA Global Equity ETF,39.51,13,5,3,13,3,5,3,45,-8.0,37.0,Poor,Stay away,50,-1.5,0.5,-0.1,51.7,0,,nan,nan,66980.09
BLCV,iShares Large Cap Value Active ETF,39.61,13,3,4,13,3,5,4,45,-8.0,37.0,Poor,Stay away,55,-0.5,0.8,0.3,54.5,0,,nan,nan,23183.5
GRPTY,Getlink SE ADR,41.96,10,7,11,6,3,2,3,42,-10.0,37.0,Poor,🔥 COILED: Stay away,0,0.0,0.0,0.0,41.1,0,,Industrials,11381106688.0,0.0
RGLXF,RTL Group S.A,41.0,10,7,11,6,3,2,3,42,-10.0,37.0,Poor,🔥 COILED: Stay away,52,0.0,0.0,0.0,50.0,0,,Communication Services,6344454656.0,2.93
FGFCX,FEDERATED INTERNATIONAL LEADERS FUND CLASS C SHARES,41.22,8,4,7,7,3,0,3,32,0.0,37.0,Poor,🔥 COILED: Stay away,37,-2.3,-1.5,-1.4,45.4,0,,nan,0.0,0.0
GMEMX,GMO EMERGING MARKETS FUND CLASS II,41.36,15,6,3,7,6,4,5,46,-12.0,37.0,Poor,Stay away,58,1.3,5.4,3.9,67.9,0,,nan,0.0,0.0
GEMMX,GMO EMERGING MARKETS FUND CLASS VI,40.92,15,6,3,7,6,4,5,46,-12.0,37.0,Poor,Stay away,58,1.4,5.4,3.9,67.9,0,,nan,0.0,0.0
GMOEX,GMO EMERGING MARKETS FUND CLASS III,42.16,15,6,3,7,6,4,5,46,-12.0,37.0,Poor,Stay away,58,1.3,5.4,3.9,67.8,0,,nan,0.0,0.0
JDST,Direxion Daily Junior Gold Miners Index Bear 2X Shares,42.6,16,11,7,13,4,3,5,59,-20.0,37.0,Poor,Stay away,53,34.6,18.2,22.8,65.6,2,,nan,nan,26282404.89
EDOW,First Trust Dow 30 Equal Weight ETF,43.645,13,3,4,14,3,4,4,45,-8.0,37.0,Poor,Stay away,68,-0.8,0.3,0.6,56.7,0,,nan,nan,24272.63
QQQJ,Invesco NASDAQ Next Gen 100 ETF,43.7,15,3,3,14,3,5,5,48,-11.0,37.0,Poor,Stay away,57,-3.0,2.5,0.6,56.1,0,,nan,nan,164992.96
TRZQX,T. Rowe Price Equity Income Fund Z Class,42.92,14,4,5,7,3,5,4,42,-10.0,37.0,Poor,🔥 COILED: Stay away,58,-0.4,-0.1,0.2,55.4,0,,nan,nan,0.0
TSYW,Roundhill ETF Trust - Treas Bond Weeklypay ETF,43.919,7,8,3,9,0,3,3,33,0.0,37.0,Poor,Stay away,21,-0.7,1.2,-0.4,44.8,0,,nan,nan,0.0
FVDLX,Fidelity Advisor Value Discovery M,42.23,12,4,8,7,3,1,4,39,-10.0,37.0,Poor,🔥 COILED: Stay away,0,-0.5,0.1,0.1,54.0,0,,nan,nan,0.0
FVDMX,Fidelity Advisor Value Discovery C,42.14,12,4,8,7,3,1,4,39,-10.0,37.0,Poor,🔥 COILED: Stay away,0,-0.5,0.1,0.1,53.8,0,,nan,nan,0.0
RYCHX,TECHNOLOGY FUND CLASS C,238.54,12,4,1,7,3,0,5,32,0.0,37.0,Poor,🔥 COILED: Stay away,45,-4.9,2.4,-0.3,53.9,0,,nan,0.0,0.0
VBR,Vanguard Small-Cap Value Index Fund ETF Shares,234.32,15,5,4,16,3,5,3,51,-14.0,37.0,Poor,Stay away,58,-0.2,1.5,0.5,54.8,0,,nan,nan,340942.21
FUELTX,FUELTX,242.3,16,7,4,8,1,4,3,43,-9.0,37.0,Poor,Stay away,41,0.0,0.6,0.2,64.0,0,,nan,nan,0.0
MRVL,Marvell Technology Group Ltd,263.47,17,6,3,16,3,3,5,53,-16.0,37.0,Poor,⚠️ EXHAUSTION RISK: Stay away,64,28.5,38.2,19.4,65.0,2,,Technology,230483558400.0,22906798.5
ADTULX,ADTULX,251.42,10,8,4,8,0,4,3,37,-3.0,37.0,Poor,Stay away,33,0.6,1.4,0.3,54.5,0,,nan,nan,0.0
IBM,International Business Machines,284.84,15,5,3,14,3,3,5,48,-11.0,37.0,Poor,Stay away,48,-4.4,12.6,6.0,59.1,2,,Technology,267716935680.0,6033381.5
VRSN,VeriSign Inc,294.92,12,7,3,11,5,7,5,50,-11.0,37.0,Poor,Stay away,60,3.3,-3.6,0.5,54.4,0,,Technology,26837721088.0,832621.49
ESLT,Elbit Systems Ltd,823.36,10,7,2,12,2,0,4,37,0.0,37.0,Poor,Stay away,35,-6.5,7.8,-0.5,49.1,0,,Industrials,38560051200.0,129789.5
EMSHF,EMS-CHEMIE HOLDING AG,877.914,15,3,6,7,3,6,5,45,-13.0,37.0,Poor,🔥 COILED: Stay away,54,0.0,0.0,1.2,81.4,0,,Basic Materials,18163218432.0,4.0
FJDKEX,FJDKEX,920.49,15,7,4,9,3,2,3,43,-9.0,37.0,Poor,Stay away,55,0.4,3.0,0.9,62.9,0,,nan,nan,0.0
ASMIY,ASM International NV ADR,979.86,9,4,7,13,3,2,3,41,-4.0,37.0,Poor,Stay away,52,-6.1,-4.3,-3.4,45.7,0,,Technology,47901507584.0,8335.88
HESAF,Hermes International SCA,1861.59,4,13,6,8,3,3,2,39,-2.0,37.0,Poor,Stay away,22,-2.0,-0.7,-0.8,46.1,0,,Consumer Cyclical,195098853376.0,322.43
MAJJ,Michael Anthony Holdings Inc,1760,7,3,9,7,3,2,3,34,0.0,37.0,Poor,Stay away,36,0.0,0.0,-0.0,0.0,0,,Consumer Cyclical,5091680.0,0.01
PUPOF,Public Power Corporation S.A,21.2,7,7,8,6,6,1,3,38,-10.0,36.0,Poor,🔥 COILED: Stay away,38,0.0,0.0,0.1,51.3,0,,Utilities,12664809472.0,201.0
HOVNP,Hovnanian Enterprises Inc. PFD DEP1/1000A,20.583,4,8,9,11,5,1,3,41,-3.0,36.0,Poor,Stay away,41,-1.5,-1.2,-0.9,43.7,0,,Consumer Cyclical,3135948544.0,6676.67
SRMGF,SpareBank 1 SMN,20.805,10,6,11,6,3,2,3,41,-10.0,36.0,Poor,🔥 COILED: Stay away,0,0.0,0.0,0.1,50.0,0,,Financial Services,1658464256.0,0.0
SGSUF,SANGETSU CO LTD,20.67,10,6,11,6,3,2,3,41,-10.0,36.0,Poor,🔥 COILED: Stay away,50,0.0,0.0,0.0,50.0,0,,Consumer Cyclical,1215224576.0,1.0
ASIX,AdvanSix Inc,21.48,2,6,7,12,3,4,2,36,0.0,36.0,Poor,Stay away,40,-4.3,-1.6,-4.1,42.1,0,,Basic Materials,579080064.0,397488.5
DFSGX,DF Dent Small Cap Growth Fund Institutional Shares,23.29,10,5,3,7,3,2,3,33,0.0,36.0,Poor,Stay away,31,-1.3,1.4,-0.3,49.7,0,,nan,nan,0.0
MDIBF,Mediobanca Banca di Credito Finanziario S.p.A,24.429,17,4,4,9,6,2,4,46,-13.0,36.0,Poor,Stay away,59,0.0,3.5,1.3,100.0,0,,Financial Services,19702745088.0,0.0
ATOGF,AUTO1 Group SE,25.695,15,3,7,14,3,2,5,49,-13.0,36.0,Poor,Stay away,40,0.0,9.3,5.7,90.1,1,,Consumer Cyclical,5656934912.0,118.86
PRA,ProAssurance Corporation,24.71,16,14,3,5,4,4,3,49,-11.0,36.0,Poor,Stay away,51,3.0,0.3,1.1,57.6,0,,Financial Services,1275226880.0,609776.5
TSHMF,Toshiba Machine Co Ltd,24.75,10,6,11,6,3,2,3,41,-10.0,36.0,Poor,🔥 COILED: Stay away,50,0.0,0.0,0.0,50.0,0,,Industrials,585263552.0,0.5
IRDEY,Iren SpA ADR,29.7,6,3,10,7,3,1,3,33,0.0,36.0,Poor,Stay away,27,0.0,0.0,-0.0,12.1,0,,Utilities,3951873280.0,39.0
MCTA,Charming Medical Limited Class A Ordinary Shares,29.355,8,8,11,6,3,6,3,45,-12.0,36.0,Poor,Stay away,48,0.0,0.0,0.0,68.3,0,,Healthcare,504260192.0,0.0
MBDC,Massachusetts Business Development Corp,29,4,4,8,8,3,1,3,31,0.0,36.0,Poor,🔥 COILED: Stay away,26,0.0,0.0,0.0,50.0,0,,Financial Services,3247681.0,5.25
EPSIX,MAINSTAY EPOCH GLOBAL EQUITY YIELD FUND INVESTOR CLASS,28.78,14,5,4,7,3,6,5,44,-8.0,36.0,Poor,Stay away,56,-1.1,2.1,0.9,59.9,0,,nan,0.0,0.0
AADEX,AMERICAN BEACON LARGE CAP VALUE FUND INSTITUTIONAL CLASS,29.05,14,5,5,9,3,6,4,46,-10.0,36.0,Poor,Stay away,63,1.0,2.2,1.3,62.0,0,,nan,0.0,0.0
STLFX,BLACKROCK LIFEPATH DYNAMIC 2050 FUND INSTITUTIONAL SHARES,28.65,15,7,9,7,6,2,4,50,-19.0,36.0,Poor,🔥 COILED: Stay away,55,0.4,1.9,1.5,64.1,0,,nan,0.0,0.0
EPSYX,MAINSTAY EPOCH GLOBAL EQUITY YIELD FUND CLASS I,28.77,14,5,4,7,3,6,5,44,-8.0,36.0,Poor,Stay away,56,-1.1,2.1,0.9,59.7,0,,nan,0.0,0.0
LPSGX,BLACKROCK LIFEPATH DYNAMIC 2050 FUND CLASS K,28.9,15,7,9,7,6,2,4,50,-19.0,36.0,Poor,🔥 COILED: Stay away,55,0.3,1.9,1.5,64.1,0,,nan,0.0,0.0
LPRFX,BLACKROCK LIFEPATH DYNAMIC 2050 FUND INVESTOR A SHARES,28.36,15,7,9,7,6,2,4,50,-19.0,36.0,Poor,🔥 COILED: Stay away,59,0.4,1.9,1.5,64.0,0,,nan,0.0,0.0
RPXIX,RIVERPARK LARGE GROWTH FUND INSTITUTIONAL CLASS,28.79,6,4,7,7,3,1,3,31,0.0,36.0,Poor,🔥 COILED: Stay away,38,-2.8,-1.4,-1.2,46.7,0,,nan,0.0,0.0
OMSNX,Oppenheimer Main St Opp N,29.96,8,4,6,7,3,5,3,36,-5.0,36.0,Poor,🔥 COILED: Stay away,46,-2.8,-1.9,-1.6,44.3,0,,nan,0.0,0.0
MRVSX,VICTORY INTEGRITY SMALL-CAP VALUE FUND CLASS R,33.19,16,5,2,9,3,9,4,48,-15.0,36.0,Poor,Stay away,61,0.6,2.1,0.9,56.5,0,,nan,0.0,0.0
HUSEX,HUBER CAPITAL SMALL CAP VALUE FUND INSTITUTIONAL CLASS,32.17,7,3,7,7,3,6,3,36,-5.0,36.0,Poor,🔥 COILED: Stay away,49,-1.1,-0.1,-0.9,47.7,0,,nan,0.0,0.0
VMNVX,VANGUARD GLOBAL MINIMUM VOLATILITY FUND ADMIRAL SHARES,33.87,8,3,4,7,3,4,4,33,0.0,36.0,Poor,Stay away,52,-0.6,-0.2,-0.1,52.3,0,,nan,0.0,0.0
IOAPX,Invesco Main Street All Cap Fund Class R6,32.11,8,4,6,7,3,5,3,36,-5.0,36.0,Poor,🔥 COILED: Stay away,47,-2.8,-1.9,-1.5,44.6,0,,nan,nan,0.0
MSAZX,Invesco Main Street All Cap fd,32.08,8,4,6,7,3,5,3,36,-5.0,36.0,Poor,🔥 COILED: Stay away,47,-2.8,-1.9,-1.6,44.5,0,,nan,nan,0.0
SJVAX,Steward Funds Inc. - Steward Large Cap Value Fund,33.36,16,5,5,7,3,6,4,46,-10.0,36.0,Poor,Stay away,59,-0.3,2.3,1.2,60.9,0,,nan,nan,0.0
SJVIX,Steward Funds Inc. - Steward Large Cap Value Fund,33.49,16,5,5,7,3,6,4,46,-10.0,36.0,Poor,Stay away,59,-0.3,2.3,1.2,61.0,0,,nan,nan,0.0
SHDG,Soundwatch Hedged Equity ETF,32.502,11,3,9,12,3,2,3,43,-5.0,36.0,Poor,Stay away,67,0.0,0.1,0.2,62.2,0,,nan,nan,3036.28
FTVZX,Fuller & Thaler Behavioral Mid-Cap Value Fund R6 Shares,33.01,3,8,6,7,3,3,3,33,0.0,36.0,Poor,Stay away,37,-1.9,-0.4,-0.5,47.3,0,,nan,nan,0.0
MXMGX,GREAT-WEST T. ROWE PRICE MID CAP GROWTH FUND INVESTOR CLASS,38.34,10,6,3,7,3,1,3,33,0.0,36.0,Poor,Stay away,43,-1.8,0.5,-0.6,47.9,0,,nan,0.0,0.0
PICMX,VIRTUS KAR MID-CAP GROWTH FUND CLASS I,38.67,9,5,4,7,3,3,2,33,0.0,36.0,Poor,Stay away,29,-2.0,1.2,-0.8,48.3,0,,nan,0.0,0.0
WBSIX,WILLIAM BLAIR SMALL CAP GROWTH FUND CLASS I,38.19,14,3,2,7,3,0,4,33,0.0,36.0,Poor,Stay away,50,-1.6,1.5,-0.1,52.1,0,,nan,0.0,0.0
VSVIX,VICTORY INTEGRITY SMALL-CAP VALUE FUND CLASS Y,38.29,16,5,2,9,3,9,4,48,-15.0,36.0,Poor,Stay away,61,0.6,2.1,0.9,56.5,0,,nan,0.0,0.0
LKEQX,LKCM EQUITY FUND INSTITUTIONAL CLASS,39.25,5,3,8,7,3,2,3,31,0.0,36.0,Poor,🔥 COILED: Stay away,34,-1.5,-0.6,-1.0,44.6,0,,nan,0.0,0.0
ARTSX,ARTISAN SMALL CAP FUND INVESTOR SHARES,38.7,10,4,2,7,3,4,3,33,0.0,36.0,Poor,Stay away,41,-2.7,-0.0,-1.0,49.3,0,,nan,0.0,0.0
MVSSX,VICTORY INTEGRITY SMALL-CAP VALUE FUND CLASS R6,38.73,16,5,2,9,3,9,4,48,-15.0,36.0,Poor,Stay away,61,0.6,2.1,0.9,56.6,0,,nan,0.0,0.0
DES,WisdomTree U.S. SmallCap Dividend Fund,38.45,13,5,7,13,3,6,3,50,-14.0,36.0,Poor,Stay away,61,-0.1,0.4,0.1,51.7,0,,nan,nan,124365.1
DEEF,Xtrackers FTSE Developed ex US Multifactor ETF,38.774,3,4,8,10,3,5,3,36,0.0,36.0,Poor,Stay away,40,-3.1,-2.2,-1.8,40.3,0,,nan,nan,875.51
EPOL,iShares MSCI Poland ETF,38.9,7,6,8,12,3,5,3,44,-8.0,36.0,Poor,Stay away,48,-4.0,-2.2,-2.1,45.0,0,,nan,nan,444671.0
HFCSX,HENNESSY FOCUS FUND INVESTOR CLASS,39.53,9,3,2,7,3,4,5,33,0.0,36.0,Poor,Stay away,34,-3.5,1.6,-0.4,51.0,0,,nan,0.0,0.0
APDSX,ARTISAN SMALL CAP FUND ADVISOR SHARES,39.3,10,4,2,7,3,4,3,33,0.0,36.0,Poor,Stay away,41,-2.7,-0.1,-1.1,49.2,0,,nan,0.0,0.0
TOTR,T. Rowe Price Exchange-Traded Funds Inc. - T. Rowe Price Total Return ETF,39.93,5,10,3,10,0,2,3,33,0.0,36.0,Poor,Stay away,18,-0.5,-0.1,-0.4,41.8,0,,nan,nan,11272.5
RAYJ,The Advisorsâ Inner Circle Fund III,39.427,11,6,5,11,3,5,3,44,-8.0,36.0,Poor,Stay away,50,-3.8,0.5,-1.4,47.8,0,,nan,nan,4109.5
WCGAFX,WCGAFX,38.466,15,9,5,9,6,2,4,50,-19.0,36.0,Poor,🔥 COILED: Stay away,63,0.2,1.6,1.1,67.5,0,,nan,nan,0.0
VSNT,"Versant Media Group, Inc.",40.19,4,8,6,8,5,4,3,38,0.0,36.0,Poor,Stay away,0,-6.8,-4.6,-3.2,42.4,0,,Communication Services,5686804992.0,0.0
FNOEF,"Furuno Electric Co., Ltd.",41.99,6,3,10,7,3,1,3,33,0.0,36.0,Poor,Stay away,33,0.0,0.0,-0.4,4.5,0,,Technology,1327254528.0,14.88
APHSX,ARTISAN SMALL CAP FUND INSTITUTIONAL SHARES,40.43,10,4,2,7,3,4,3,33,0.0,36.0,Poor,Stay away,41,-2.7,-0.0,-1.0,49.3,0,,nan,0.0,0.0
JAMEX,JAMESTOWN EQUITY FUND JAMESTOWN EQUITY FUND,41.0,11,4,2,7,3,5,4,36,-5.0,36.0,Poor,🔥 COILED: Stay away,53,-1.8,-0.3,-0.4,51.5,0,,nan,0.0,0.0
ACGCX,INCOME & GROWTH FUND C CLASS,41.87,14,3,4,7,3,1,4,36,-5.0,36.0,Poor,🔥 COILED: Stay away,50,-1.0,1.2,0.1,54.0,0,,nan,0.0,0.0
SFBC,Sound Financial Bancorp Inc,42.33,5,16,3,6,5,3,3,41,-8.0,36.0,Poor,Stay away,32,1.4,2.0,0.6,51.2,0,,Financial Services,100698928.0,6073.68
SLVAX,COLUMBIA SELECT LARGE-CAP VALUE FUND COLUMBIA SELECT LARGE-CAP VALUE FUND-CLASS A,43.08,11,3,6,7,3,2,4,36,-5.0,36.0,Poor,🔥 COILED: Stay away,57,-0.7,0.4,0.1,53.6,0,,nan,0.0,0.0
AICRX,INCOME & GROWTH FUND R CLASS,42.17,14,3,4,7,3,1,4,36,-5.0,36.0,Poor,🔥 COILED: Stay away,50,-1.0,1.2,0.1,54.2,0,,nan,0.0,0.0
SLVRX,COLUMBIA SELECT LARGE-CAP VALUE FUND COLUMBIA SELECT LARGE-CAP VALUE FUND-CLASS R,42.04,11,3,6,7,3,2,4,36,-5.0,36.0,Poor,🔥 COILED: Stay away,57,-0.7,0.4,0.1,53.4,0,,nan,0.0,0.0
AMADX,INCOME & GROWTH FUND A CLASS,42.1,14,3,4,7,3,1,4,36,-5.0,36.0,Poor,🔥 COILED: Stay away,50,-1.0,1.3,0.1,54.3,0,,nan,0.0,0.0
AMGIX,INCOME & GROWTH FUND I CLASS,42.38,14,3,4,7,3,1,4,36,-5.0,36.0,Poor,🔥 COILED: Stay away,50,-1.0,1.3,0.1,54.4,0,,nan,0.0,0.0
BIGRX,INCOME & GROWTH FUND INVESTOR CLASS,42.25,14,3,4,7,3,1,4,36,-5.0,36.0,Poor,🔥 COILED: Stay away,50,-1.0,1.3,0.1,54.5,0,,nan,0.0,0.0
AICGX,INCOME & GROWTH FUND R5 CLASS,42.4,14,3,4,7,3,1,4,36,-5.0,36.0,Poor,🔥 COILED: Stay away,50,-1.0,1.3,0.1,54.5,0,,nan,0.0,0.0
FLSW,Franklin FTSE Switzerland ETF,42.422,9,6,5,12,3,2,3,40,-4.0,36.0,Poor,Stay away,45,-3.0,-2.4,-1.0,46.6,0,,nan,nan,9313.23
LSAT,Two Roads Shared Trust - LeaderShares AlphaFactor Tactical Focused ETF,42.916,13,5,7,9,3,6,3,46,-10.0,36.0,Poor,Stay away,67,0.5,0.8,0.6,56.3,0,,nan,nan,10129.4
XDSQ,Innovator U.S. Equity Accelerated ETF ? Quarterly,42.67,13,5,9,7,3,4,4,45,-9.0,36.0,Poor,Stay away,64,-0.2,0.3,0.3,63.4,0,,nan,nan,10010.16
QTJL,Innovator Growth Accelerated Plus ETF - July,42.025,13,5,9,9,5,5,3,49,-13.0,36.0,Poor,Stay away,67,-0.2,0.0,0.2,65.7,0,,nan,nan,3380.49
FVDNX,Fidelity Advisor Value Discovery I,42.34,12,3,8,7,3,1,4,38,-10.0,36.0,Poor,🔥 COILED: Stay away,0,-0.5,0.1,0.1,54.2,0,,nan,nan,0.0
FVDJX,Fidelity Advisor Value Discovery A,42.29,12,3,8,7,3,1,4,38,-10.0,36.0,Poor,🔥 COILED: Stay away,0,-0.5,0.1,0.1,54.1,0,,nan,nan,0.0
GROWHX,GROWHX,42.84,8,4,5,7,3,1,3,31,0.0,36.0,Poor,🔥 COILED: Stay away,0,-3.7,-1.7,-1.9,44.5,0,,nan,nan,0.0
GRWTBX,GRWTBX,43.14,8,4,5,7,3,1,3,31,0.0,36.0,Poor,🔥 COILED: Stay away,0,-3.7,-1.7,-1.9,44.6,0,,nan,nan,0.0
FVDOX,Fidelity Advisor Value Discovery Z,42.37,12,3,8,7,3,1,4,38,-10.0,36.0,Poor,🔥 COILED: Stay away,0,-0.5,0.1,0.1,54.3,0,,nan,nan,0.0
MTRN,Materion Corporation,220.75,15,5,4,15,5,2,5,51,-15.0,36.0,Poor,Stay away,62,0.3,5.1,3.4,61.8,0,,Basic Materials,4591927808.0,195639.5
IRLCF,Israel Corporation Ltd,238,5,3,10,7,3,2,3,33,0.0,36.0,Poor,Stay away,0,0.0,0.0,-0.0,0.0,0,,Basic Materials,2533125376.0,0.0
PLXS,Plexus Corp,273.01,15,7,4,15,3,4,5,53,-17.0,36.0,Poor,Stay away,62,1.7,6.5,2.0,57.4,0,,Technology,7304770560.0,266040.11
SVCTF,Senvest Capital Inc,270.342,12,4,2,9,6,5,3,41,-10.0,36.0,Poor,🔥 COILED: Stay away,52,0.0,-3.2,-0.1,51.2,0,,Financial Services,654504512.0,48.51
FSLR,First Solar Inc,279.01,15,3,2,15,3,4,5,47,-11.0,36.0,Poor,Stay away,60,-9.1,12.1,3.5,58.2,2,,Technology,29980563456.0,2362859.9
RYCCX,NASDAQ-100(R) 2X STRATEGY FUND C,602.31,14,3,4,7,3,5,5,41,-10.0,36.0,Poor,🔥 COILED: Stay away,47,-3.6,2.7,1.1,58.5,0,,nan,0.0,0.0
XMDYX,Mid Cap SPDR 400 Trust Series 1,674.85,15,5,3,7,3,5,3,41,-10.0,36.0,Poor,🔥 COILED: Stay away,55,-0.8,1.4,0.1,53.2,0,,Other,0.0,0.0
USB-P-A,U.S. Bancorp Depositary Shares Series A,769.4,3,9,6,8,5,2,3,36,-1.0,36.0,Poor,Stay away,30,-1.1,-1.0,-0.7,42.7,0,,Other,nan,1647.32
FPUMPX,FPUMPX,782.48,8,5,10,8,0,4,3,38,-5.0,36.0,Poor,Stay away,36,0.0,0.0,-0.0,37.0,0,,nan,nan,0.0
FMDJRX,FMDJRX,836.23,7,7,5,8,1,4,3,35,-2.0,36.0,Poor,Stay away,32,0.0,0.6,0.1,47.9,0,,nan,nan,0.0
FQUIAX,FQUIAX,844.81,13,7,4,8,1,4,3,40,-7.0,36.0,Poor,Stay away,47,0.2,2.0,0.5,59.1,0,,nan,nan,0.0
PICJF,NTT UD REIT Investment Corporation,892.428,5,3,10,7,3,2,3,33,0.0,36.0,Poor,Stay away,29,0.0,0.0,-0.0,0.0,0,,Real Estate,1310294016.0,0.13
RYVYX,NASDAQ-100(R) 2X STRATEGY FUND H,893.5,14,3,4,7,3,5,5,41,-10.0,36.0,Poor,🔥 COILED: Stay away,47,-3.6,2.7,1.2,58.6,0,,nan,0.0,0.0
RYVLX,NASDAQ-100(R) 2X STRATEGY FUND A,893.87,14,3,4,7,3,5,5,41,-10.0,36.0,Poor,🔥 COILED: Stay away,47,-3.6,2.7,1.2,58.6,0,,nan,0.0,0.0
AMKAF,AP Moeller - Maersk A/S A,2700.0,18,4,6,17,5,6,5,61,-26.0,36.0,Poor,Stay away,60,13.9,13.7,12.3,73.4,3,,Industrials,38978367488.0,0.0
AOREF,American Overseas Group Ltd,1225.0,6,3,10,7,3,6,3,38,-5.0,36.0,Poor,Stay away,38,0.0,0.0,-0.0,34.3,1,,Financial Services,57549276.0,28.04
CCUR,CCUR Holdings Inc,2310.0,7,3,9,7,4,5,3,38,-5.0,36.0,Poor,Stay away,34,0.0,0.0,-0.3,5.8,1,,Technology,6798330.0,1.91
FAHE,The Fahey Banking Company,1605,10,6,10,6,4,2,3,41,-10.0,36.0,Poor,🔥 COILED: Stay away,44,0.0,0.0,0.0,50.0,0,,Financial Services,nan,0.04
KYOCY,Kyocera Corporation ADR,24.59,18,6,4,11,6,4,5,54,-16.2,35.8,Poor,Stay away,67,19.7,33.7,21.3,89.0,2,,Industrials,29312280576.0,41063.2
MANU,Manchester United Ltd,21.95,19,3,2,16,5,6,5,56,-21.0,35.0,Poor,Stay away,63,4.5,9.6,7.1,60.6,2,,Communication Services,3784934144.0,384099.03
BFS-PD,Saul Centers Inc,20.9,7,3,4,12,3,2,4,35,0.0,35.0,Poor,Stay away,38,-1.2,0.7,-0.1,51.7,0,,Real Estate,1387311232.0,3541.03
ATVPX,ALGER 35 FUND CLASS P,22.4,9,4,2,7,3,1,4,30,0.0,35.0,Poor,🔥 COILED: Stay away,44,-3.1,-0.4,-0.5,52.4,0,,nan,nan,0.0
KOBNF,Kobe Bussan Co. Ltd.,24.1,5,3,10,9,0,2,3,32,0.0,35.0,Poor,Stay away,29,0.0,0.0,-0.0,0.1,0,,Consumer Defensive,5343378944.0,4.51
EDRWY,Electric Power Development Co Ltd ADR,24.95,8,6,11,7,6,4,3,45,-13.0,35.0,Poor,Stay away,0,0.0,0.0,0.1,82.5,0,,Utilities,4391407104.0,0.0
FCPT,Four Corners Property Trust Inc,24.7,4,12,1,9,4,1,2,33,2.0,35.0,Poor,Stay away,33,-0.8,-1.2,-0.1,48.8,0,,Real Estate,2710805248.0,749474.77
MPLT,"MapLight Therapeutics, Inc. Common Stock",28.01,12,4,3,12,5,4,2,42,-7.0,35.0,Poor,Stay away,53,-4.4,-4.3,-2.7,48.3,1,,Healthcare,1270132352.0,0.0
SEBC,Southeastern Banking Corp,29.0,11,4,7,4,6,5,3,40,-10.0,35.0,Poor,🔥 COILED: Stay away,45,0.0,-1.7,0.6,58.1,0,,Financial Services,92216464.0,0.0
XEVTX,Eaton Vance Tax-Advantaged Dividend Income Fund,29.26,13,4,2,7,3,4,4,37,-5.0,35.0,Poor,Stay away,53,-1.5,0.3,-0.2,52.4,0,,Other,0.0,0.0
PHPSX,PHARMACEUTICALS ULTRASECTOR PROFUND PHARMACEUTICALS ULTRASECTOR PROFUND SERVICE CLASS,28.67,8,4,1,7,5,1,2,28,2.0,35.0,Poor,🔥 COILED: Stay away,35,-3.3,-2.4,-1.4,47.2,0,,nan,0.0,0.0
LMPEX,QS GLOBAL EQUITY FUND CLASS 1,29.97,8,4,4,7,3,1,3,30,0.0,35.0,Poor,🔥 COILED: Stay away,52,-2.4,-0.9,-0.9,47.6,0,,nan,0.0,0.0
DHSYX,DIAMOND HILL SMALL CAP FUND DIAMOND HILL SMALL CAP FUND CLASS Y,29.45,16,8,6,9,3,1,4,47,-15.0,35.0,Poor,Stay away,60,0.5,2.2,1.4,58.1,0,,nan,0.0,0.0
LMCCX,LORD ABBETT MID CAP STOCK FUND INC CLASS C,33.15,15,3,1,9,3,8,3,42,-15.0,35.0,Poor,🔥 COILED: Stay away,60,0.1,1.2,0.3,53.9,0,,nan,0.0,0.0
SASMX,CLEARBRIDGE SMALL CAP GROWTH FUND CLASS A,33.9,8,4,2,7,3,5,3,32,0.0,35.0,Poor,Stay away,38,-3.2,-1.1,-1.8,45.3,0,,nan,0.0,0.0
OAKIX,OAKMARK INTERNATIONAL FUND INVESTOR CLASS,32.3,8,4,4,7,3,1,3,30,0.0,35.0,Poor,🔥 COILED: Stay away,45,-1.9,-0.1,-0.7,47.7,0,,nan,0.0,0.0
CICNX,Columbia Income Opportunities Port C,33.96,15,8,5,6,6,1,3,44,-12.0,35.0,Poor,Stay away,51,-0.1,0.4,0.2,57.6,0,,Other,0.0,0.0
OANIX,OAKMARK INTERNATIONAL FUND INSTITUTIONAL CLASS,32.22,8,4,4,7,3,1,3,30,0.0,35.0,Poor,🔥 COILED: Stay away,45,-1.9,-0.1,-0.7,47.7,0,,nan,0.0,0.0
OAYIX,OAKMARK INTERNATIONAL FUND ADVISOR CLASS,32.23,8,4,4,7,3,1,3,30,0.0,35.0,Poor,🔥 COILED: Stay away,45,-1.8,-0.1,-0.7,47.8,0,,nan,0.0,0.0
VLAIX,VALUE LINE ASSET ALLOCATION FUND INC INSTITUTIONAL,33.46,12,8,3,6,1,7,3,40,-10.0,35.0,Poor,🔥 COILED: Stay away,32,-0.1,1.1,0.4,53.6,0,,nan,0.0,0.0
FTVSX,FULLER & THALER BEHAVIORAL MID-CAP VALUE FUND INSTITUTIONAL SHARES,33.0,3,8,5,7,3,3,3,32,0.0,35.0,Poor,Stay away,37,-1.9,-0.4,-0.5,47.3,0,,nan,nan,0.0
OAZIX,Oakmark International Fund R6 Class,32.23,8,4,4,7,3,1,3,30,0.0,35.0,Poor,🔥 COILED: Stay away,45,-1.9,-0.1,-0.7,47.8,0,,nan,nan,0.0
RSPE,Invesco ESG S&P 500 Equal Weight ETF,33.035,15,4,5,12,3,5,4,48,-13.0,35.0,Poor,Stay away,71,-0.1,2.3,1.3,62.8,0,,nan,nan,12921.71
VWVVX,Tomorrows Scholar College Savings Plan - Ing 529 Growth Plus Fund,33.81,15,8,5,7,6,4,4,49,-19.0,35.0,Poor,🔥 COILED: Stay away,61,0.1,1.7,1.2,65.6,0,,nan,nan,0.0
FTVAX,Fuller & Thaler Behavioral Mid-Cap Fund  A Shares,32.72,3,8,6,7,3,3,2,32,0.0,35.0,Poor,Stay away,37,-1.9,-0.4,-0.5,47.2,0,,nan,nan,0.0
MIIOX,Marsico International Opportunities Fund Institutional Class,32.42,12,5,2,7,3,4,4,37,-5.0,35.0,Poor,Stay away,49,-2.8,1.1,-0.4,51.7,0,,nan,nan,0.0
FTHMX,Capitol Series Trust - Fuller & Thaler Behavioral Mid-Cap Equity Fund,32.14,16,5,3,9,3,7,4,47,-15.0,35.0,Poor,Stay away,59,0.0,1.7,0.5,55.9,0,,nan,nan,0.0
EKGAX,WELLS FARGO GLOBAL OPPORTUNITIES FUND CLASS A,38.87,12,3,3,7,3,1,3,32,0.0,35.0,Poor,Stay away,45,-1.5,0.9,-0.1,52.1,0,,nan,0.0,0.0
SBPYX,CLEARBRIDGE SMALL CAP GROWTH FUND CLASS I,39.39,8,4,2,7,3,5,3,32,0.0,35.0,Poor,Stay away,39,-3.2,-1.1,-1.8,45.3,0,,nan,0.0,0.0
CMGIX,BLACKROCK MID CAP GROWTH EQUITY PORTFOLIO INSTITUTIONAL,38.03,10,6,3,7,3,5,3,37,-5.0,35.0,Poor,Stay away,34,-3.7,1.0,-1.1,48.4,0,,nan,0.0,0.0
FBSRX,FRANKLIN BALANCE SHEET INVESTMENT FUND CLASS R,38.17,15,4,8,9,3,6,4,49,-17.0,35.0,Poor,Stay away,58,0.6,1.7,0.9,56.8,0,,nan,0.0,0.0
FBSOX,IT SERVICES PORTFOLIO IT SERVICES PORTFOLIO,39.87,12,5,1,7,3,0,4,32,0.0,35.0,Poor,Stay away,33,-1.8,3.6,1.5,55.0,0,,nan,0.0,0.0
BMGKX,BlackRock Mid-Cap Growth Equity Port Cla,38.35,10,6,3,7,3,5,3,37,-5.0,35.0,Poor,Stay away,34,-3.7,0.9,-1.1,48.3,0,,nan,0.0,0.0
LCMRX,CLEARBRIDGE MID CAP GROWTH FUND CLASS R,39.73,11,5,3,7,3,0,3,32,0.0,35.0,Poor,Stay away,44,-1.9,1.9,-0.4,50.3,0,,nan,0.0,0.0
VRMGX,VIRTUS KAR MID-CAP GROWTH FUND CLASS R6,39.6,9,5,3,7,3,3,2,32,0.0,35.0,Poor,Stay away,29,-2.0,1.3,-0.7,48.3,0,,nan,nan,0.0
NEXIX,Shelton Green Alpha Fund Institutional Shares,38.09,12,4,1,7,3,2,3,32,0.0,35.0,Poor,Stay away,50,-1.7,1.1,-1.0,47.7,0,,nan,nan,0.0
TGTX,TG Therapeutics Inc,40.16,17,4,3,5,5,7,2,43,-8.0,35.0,Poor,Stay away,67,5.9,2.3,3.0,56.9,1,,Healthcare,6147836928.0,1954637.0
UHT,Universal Health Realty Income Trust,41.2,7,14,5,4,3,3,4,40,-8.0,35.0,Poor,Stay away,40,-0.6,-2.2,0.4,51.2,0,,Real Estate,571674624.0,74210.7
IYGIX,IVY LARGE CAP GROWTH FUND CLASS I,40.28,6,4,6,7,3,1,3,30,0.0,35.0,Poor,🔥 COILED: Stay away,39,-3.1,-1.3,-1.3,47.3,0,,nan,0.0,0.0
FBSAX,FRANKLIN BALANCE SHEET INVESTMENT FUND ADVISOR CLASS,40.27,15,4,8,9,3,6,4,49,-17.0,35.0,Poor,Stay away,58,0.6,1.7,0.9,57.0,0,,nan,0.0,0.0
RNG,Ringcentral Inc,42.29,14,4,1,13,3,3,2,40,-10.0,35.0,Poor,🔥 COILED: Stay away,56,-2.4,0.2,-2.2,48.8,0,,Technology,3546380544.0,1842555.0
LBGAX,CLEARBRIDGE MID CAP GROWTH FUND CLASS A,42.08,11,5,3,7,3,0,3,32,0.0,35.0,Poor,Stay away,45,-2.0,1.9,-0.3,50.3,0,,nan,0.0,0.0
PRFDX,T. ROWE PRICE EQUITY INCOME FUND T. ROWE PRICE EQUITY INCOME FUND,42.78,12,4,5,7,3,5,4,40,-10.0,35.0,Poor,🔥 COILED: Stay away,58,-0.4,-0.2,0.2,55.1,0,,nan,0.0,0.0
PAFDX,T. ROWE PRICE EQUITY INCOME FUND T. ROWE PRICE EQUITY INCOME FUND-ADVISOR CLASS,42.55,12,4,5,7,3,5,4,40,-10.0,35.0,Poor,🔥 COILED: Stay away,58,-0.4,-0.2,0.2,55.0,0,,nan,0.0,0.0
REIPX,T. ROWE PRICE EQUITY INCOME FUND T. ROWE PRICE EQUITY INCOME FUND-I CLASS,42.75,12,4,5,7,3,5,4,40,-10.0,35.0,Poor,🔥 COILED: Stay away,58,-0.4,-0.2,0.2,55.2,0,,nan,0.0,0.0
UTSL,Direxion Daily Utilities Bull 3X Shares,42.51,1,12,2,10,3,2,2,32,2.0,35.0,Poor,Stay away,32,-1.2,-5.1,-2.6,44.2,1,,nan,nan,104771.15
TWLO,Twilio Inc,225.99,19,6,3,16,3,6,5,58,-23.0,35.0,Poor,Stay away,76,18.5,23.3,12.2,68.1,2,,Technology,34299373568.0,2526651.28
ENS,Enersys,227.08,14,5,2,9,3,5,4,42,-10.0,35.0,Poor,Stay away,55,-0.4,-5.0,-0.8,51.1,1,,Industrials,8292455936.0,424441.53
ESGG,FlexShares STOXX Global ESG Select Index Fund,227.672,11,4,2,9,3,5,4,38,-3.0,35.0,Poor,Stay away,63,-2.0,0.3,-0.2,53.1,0,,nan,nan,896.17
BCIFX,BLUE CHIP INVESTOR FUND BLUE CHIP INVESTOR FUND,232.98,8,10,1,7,6,6,2,40,-8.0,35.0,Poor,Stay away,43,-1.4,-1.6,-0.6,48.2,0,,nan,0.0,0.0
VLU,SPDR® S&P 1500 Value Tilt ETF,236.01,13,3,5,13,3,5,4,46,-11.0,35.0,Poor,Stay away,60,-0.7,0.9,0.4,57.8,0,,nan,nan,9997.15
ADKT,The Adirondack Trust Company,650.25,18,5,6,16,6,6,5,62,-23.0,35.0,Poor,Stay away,58,6.9,6.9,6.1,99.3,0,,Financial Services,81702040.0,0.0
FRVGLX,The First Trust Combined Series 586: Tax Exempt Municipal Income Trust Intermediate Series 39,789.66,7,7,8,8,0,4,3,37,-7.0,35.0,Poor,🔥 COILED: Stay away,35,0.0,0.1,0.0,46.5,0,,nan,nan,0.0
FJMTPX,FJMTPX,897.42,13,7,4,9,3,2,3,41,-9.0,35.0,Poor,Stay away,43,0.2,2.7,0.8,61.2,0,,nan,nan,0.0
FKWNLX,FKWNLX,884.3,15,7,6,6,3,4,3,44,-12.0,35.0,Poor,Stay away,48,-0.1,1.7,0.4,58.2,0,,nan,nan,0.0
FKVBHX,CS 600: Tax Exempt Municipal Income Trust Intermediate Series 45,995.91,10,7,5,8,0,4,3,37,-7.0,35.0,Poor,🔥 COILED: Stay away,34,0.0,0.3,0.0,50.3,0,,nan,nan,0.0
GS,Goldman Sachs Group Inc,1038.68,15,5,4,15,3,2,5,49,-14.0,35.0,Poor,Stay away,67,1.3,5.1,3.6,60.2,0,,Financial Services,306418319360.0,2138774.5
VTNA,Vetanova Inc,2148,14,14,3,11,4,7,4,57,-22.0,35.0,Poor,Stay away,40,0.2,10.8,3.7,61.3,3,,Real Estate,46697.0,7828.48
FRCVWX,FRCVWX,1011.24,12,7,5,8,0,4,3,39,-7.0,35.0,Poor,Stay away,34,0.0,0.3,0.1,51.8,0,,nan,nan,0.0
KHOLY,Koc Holdings AS,20.19,1,8,4,11,3,3,2,32,2.0,34.0,Poor,Stay away,22,-1.9,1.4,-3.0,35.8,0,,Industrials,10236360704.0,0.0
GAB-PG,The Gabelli Equity Trust Inc. PFD-G,20.0,7,15,4,6,4,3,3,42,-6.0,34.0,Poor,Stay away,15,-0.1,0.3,-0.3,42.2,0,,Other,4459396608.0,3682.45
TBDQX,PGIM JENNISON DIVERSIFIED GROWTH FUND CLASS R6,22.66,8,4,3,7,3,1,3,29,0.0,34.0,Poor,🔥 COILED: Stay away,44,-4.1,-1.1,-1.6,47.0,0,,nan,nan,0.0
TBDZX,PGIM JENNISON DIVERSIFIED GROWTH FUND CLASS Z,22.57,8,4,3,7,3,1,3,29,0.0,34.0,Poor,🔥 COILED: Stay away,44,-4.1,-1.1,-1.6,46.9,0,,nan,nan,0.0
TARZX,Third Avenue Real Estate Value Fund Z Class,22.8,4,8,4,7,3,1,2,29,0.0,34.0,Poor,🔥 COILED: Stay away,26,-1.2,-1.6,-0.9,44.7,0,,nan,nan,0.0
IBN,ICICI Bank Limited,25.95,7,10,5,7,2,3,2,36,-2.0,34.0,Poor,Stay away,14,-1.1,0.2,-0.4,46.8,1,,Financial Services,93041762304.0,5910275.11
ASBFY,Associated British Foods plc,25.03,9,6,4,8,5,6,4,42,-8.0,34.0,Poor,Stay away,38,0.8,-0.2,0.4,51.4,0,,Consumer Defensive,17516648448.0,93095.2
TRTN-PA,Triton International Limited,26.04,15,10,9,3,6,3,3,49,-18.0,34.0,Poor,🔥 COILED: Stay away,66,0.7,0.3,0.4,54.0,0,,Industrials,2333290496.0,4333.59
ADX,Adams Diversified Equity Closed Fund,24.95,9,3,3,14,3,2,4,38,-4.0,34.0,Poor,Stay away,62,-2.2,0.4,-0.3,52.2,0,,Financial Services,2091470000.0,282944.5
CIX,CompX International Inc,24.24,15,9,2,12,5,0,4,47,-13.0,34.0,Poor,Stay away,50,-3.6,3.3,1.0,53.2,0,,Industrials,298710912.0,4867.53
TOMYY,TOMY Company Ltd,29.15,2,4,10,7,3,2,3,31,0.0,34.0,Poor,Stay away,31,0.0,0.0,0.0,50.0,0,,Consumer Cyclical,2532654592.0,0.09
ETON,Eton Pharmaceuticals Inc,29.13,9,12,0,11,9,4,2,47,-11.0,34.0,Poor,Stay away,55,-4.3,-16.8,-2.1,49.2,1,,Healthcare,797939392.0,321509.17
BMRRX,BLACKROCK MID CAP GROWTH EQUITY PORTFOLIO R SHARES,29.65,10,6,2,7,3,5,3,36,-5.0,34.0,Poor,Stay away,29,-3.7,0.9,-1.2,48.2,0,,nan,0.0,0.0
CLSPX,COLUMBIA MID CAP GROWTH FUND COLUMBIA MID CAP GROWTH FUND CLASS Z,32.2,12,3,4,7,3,1,4,34,-5.0,34.0,Poor,🔥 COILED: Stay away,46,-2.5,1.3,0.0,53.4,0,,nan,0.0,0.0
ARTMX,ARTISAN MID CAP FUND INVESTOR SHARES,33.33,8,4,2,7,3,4,3,31,0.0,34.0,Poor,Stay away,43,-2.2,-0.7,-1.0,47.8,0,,nan,0.0,0.0
FTVNX,FULLER & THALER BEHAVIORAL MID-CAP VALUE FUND INVESTOR SHARES,32.84,3,8,5,7,3,3,2,31,0.0,34.0,Poor,Stay away,37,-1.9,-0.4,-0.5,47.2,0,,nan,nan,0.0
SGLIX,SUMMIT GLOBAL INVESTMENTS GLOBAL LOW VOLATILITY FUND CLASS I SHARES,33.82,6,4,5,7,3,1,3,29,0.0,34.0,Poor,🔥 COILED: Stay away,40,-2.1,-0.4,-1.0,46.5,0,,nan,nan,0.0
QVMS,Invesco Exchange-Traded Fund Trust II - Invesco S&P SmallCap 600 QVM Multi-factor ETF,32.448,13,5,2,10,3,5,3,41,-10.0,34.0,Poor,Stay away,52,-0.4,1.3,0.3,52.5,1,,nan,nan,647.89
FTVCX,Fuller & Thaler Behavioral Mid-Cap Value Fund C Shares,32.52,3,8,5,7,3,3,2,31,0.0,34.0,Poor,Stay away,37,-1.9,-0.4,-0.6,47.0,0,,nan,nan,0.0
CSMD,Congress SMID Growth ETF,33.82,12,5,2,14,3,3,3,42,-8.0,34.0,Poor,Stay away,47,-2.3,2.0,-0.2,51.5,0,,nan,nan,62020.78
BAMD,Brookstone Dividend Stock ETF,32.302,11,6,6,9,3,8,3,46,-12.0,34.0,Poor,Stay away,65,1.0,-0.3,0.3,52.7,1,,nan,nan,16908.5
SFLO,VictoryShares Small Cap Free Cash Flow ETF,33.172,16,2,3,13,3,2,3,42,-8.0,34.0,Poor,Stay away,64,-0.9,2.0,0.4,53.9,0,,nan,nan,67198.0
HDGSX,THE HARTFORD DIVIDEND AND GROWTH FUND CLASS R4,38.3,11,3,4,7,3,5,4,37,-3.0,34.0,Poor,Stay away,51,-1.4,0.8,0.3,55.7,0,,nan,0.0,0.0
HDGTX,THE HARTFORD DIVIDEND AND GROWTH FUND CLASS R5,38.56,11,3,4,7,3,5,4,37,-3.0,34.0,Poor,Stay away,51,-1.4,0.8,0.3,55.8,0,,nan,0.0,0.0
CCMDX,Columbia Moderate C Cons Track,38.4,16,8,5,9,6,2,4,50,-19.0,34.0,Poor,Stay away,59,0.2,1.5,0.9,64.1,0,,Other,0.0,0.0
CMCGX,Columbia Moderate 529 C Aggr Track,38.4,16,8,5,9,6,2,4,50,-19.0,34.0,Poor,Stay away,59,0.2,1.5,0.9,64.1,0,,Other,0.0,0.0
CMDQX,Columbia Moderate C Moderate Track,38.4,16,8,5,9,6,2,4,50,-19.0,34.0,Poor,Stay away,59,0.2,1.5,0.9,64.1,0,,Other,0.0,0.0
NUDM,NuShares ETF Trust - Nuveen ESG International Developed Markets Equity ETF,38.309,11,4,8,12,3,1,3,42,-8.0,34.0,Poor,Stay away,39,-1.9,-1.3,-1.2,46.5,0,,nan,nan,57179.08
DVLU,First Trust Dorsey Wright Momentum & Value ETF,39.15,17,5,5,14,3,9,5,58,-24.0,34.0,Poor,Stay away,69,0.8,4.5,2.0,65.0,0,,nan,nan,4974.98
DVND,Touchstone ETF Trust - Touchstone Dividend Select ETF,38.08,13,3,3,11,3,5,4,42,-8.0,34.0,Poor,Stay away,61,-1.0,0.3,0.1,53.8,0,,nan,nan,1817.48
FELV,Fidelity Covington Trust,38.99,14,3,4,14,3,4,4,46,-12.0,34.0,Poor,Stay away,65,-0.7,1.1,0.4,57.2,0,,nan,nan,166108.6
HVAC,AdvisorShares Trust,39.548,12,4,0,12,3,5,2,38,-4.0,34.0,Poor,Stay away,47,-1.9,0.9,-2.0,47.1,0,,nan,nan,6448.89
SGIDX,Steward Global E I F Individual Class,41.1,16,5,2,7,3,4,5,42,-8.0,34.0,Poor,Stay away,55,-1.1,3.5,1.0,57.2,0,,nan,0.0,0.0
BAFSX,BROWN ADVISORY SMALL-CAP GROWTH FUND INSTITUTIONAL SHARES,42.04,10,4,3,7,3,1,3,31,0.0,34.0,Poor,Stay away,37,-1.9,0.9,-0.1,52.1,0,,nan,0.0,0.0
SHRY,First Trust Bloomberg Shareholder Yield ETF,43.723,10,8,7,7,3,8,3,46,-15.0,34.0,Poor,Stay away,48,-0.3,-0.1,-0.2,47.8,0,,nan,nan,690.83
SGIFX,STEWARD GLOBAL EQUITY INCOME FUND CLASS C,43.47,16,5,2,7,3,4,5,42,-8.0,34.0,Poor,Stay away,55,-1.1,3.5,0.9,57.0,0,,nan,nan,0.0
GFEB,First Trust Exchange-Traded Fund VIII - FT Cboe Vest U.S. Equity Moderate Buffer ETF - February,43.678,14,4,3,8,3,2,3,37,-3.0,34.0,Poor,Stay away,55,-0.7,-0.1,-0.1,54.5,0,,nan,nan,31768.29
XMAR,First Trust Exchange Traded Fund VIII - Cboe Vest US Equity Enhance and Moderate Buffer ETF,42.398,13,3,2,15,3,2,3,41,-7.0,34.0,Poor,Stay away,46,-0.5,-0.0,-0.0,56.0,0,,nan,nan,15879.56
WM,Waste Management Inc,220.4,5,15,6,5,4,3,3,41,-8.0,34.0,Poor,Stay away,29,4.2,1.2,1.0,52.1,1,,Industrials,88507293696.0,2004200.61
BDRAF,Bombardier Inc Series A,221.0,15,5,1,15,3,2,4,45,-11.0,34.0,Poor,Stay away,68,-0.8,5.1,2.4,57.4,0,,Industrials,21802321920.0,266.67
NUE,Nucor Corp,254.39,17,5,4,16,3,3,5,53,-19.0,34.0,Poor,Stay away,71,1.8,12.3,5.5,69.1,2,,Basic Materials,57935020032.0,1584844.0
SFNXF,Sofina Société Anonyme,250.23,4,3,10,7,3,1,3,31,0.0,34.0,Poor,Stay away,0,0.0,0.0,-0.2,39.6,0,,Financial Services,9688839168.0,0.0
RYECX,ENERGY FUND CLASS C,250.32,4,4,6,7,1,8,4,34,-5.0,34.0,Poor,🔥 COILED: Stay away,42,-0.0,-3.5,-2.1,43.6,0,,nan,0.0,0.0
NDSN,Nordson Corporation,282.73,12,7,3,7,3,3,3,38,-4.0,34.0,Poor,Stay away,51,-1.6,-1.4,-0.5,49.5,0,,Industrials,15753136128.0,384750.5
BIO,Bio-Rad Laboratories Inc,294.32,12,5,3,14,3,0,5,42,-8.0,34.0,Poor,Stay away,40,-5.8,2.6,1.1,54.1,0,,Healthcare,7876473856.0,275128.5
LAD,Lithia Motors Inc,288.84,12,9,4,9,5,2,3,44,-10.0,34.0,Poor,Stay away,34,-0.7,5.2,1.4,55.0,0,,Consumer Cyclical,6587232768.0,305252.9
USB-PA,U.S. Bancorp PERP PFD SER A,769.4,4,13,7,5,6,2,3,40,-4.0,34.0,Poor,Stay away,29,-0.2,-0.3,-0.6,41.9,0,,Other,0.0,1350.59
FMBJDX,FMBJDX,813.48,7,7,5,8,0,4,3,34,-5.0,34.0,Poor,🔥 COILED: Stay away,37,0.0,0.1,0.0,45.9,0,,nan,nan,0.0
FECUPX,FECUPX,851.66,7,7,7,8,0,4,3,36,-5.0,34.0,Poor,Stay away,38,0.0,0.0,-0.0,38.1,0,,nan,nan,0.0
FCPTZX,FCPTZX,906.17,7,7,6,8,0,5,3,36,-7.0,34.0,Poor,🔥 COILED: Stay away,30,0.0,0.3,0.0,44.8,0,,nan,nan,0.0
IRRHF,Interroll Holding AG,2028.38,4,3,10,7,3,1,3,31,0.0,34.0,Poor,Stay away,15,0.0,0.0,-0.1,0.0,0,,Industrials,1696173952.0,0.09
OPCH,Option Care Health Inc,20.51,5,12,2,10,4,2,3,38,-3.0,33.0,Poor,Stay away,12,-1.7,-4.7,-3.5,39.9,0,,Healthcare,3220634112.0,2288113.25
HF,DGA Core Plus Absolute Return ETF,21.987,8,3,1,13,3,1,4,33,0.0,33.0,Poor,Stay away,54,-1.0,-0.1,-0.2,51.3,0,,Other,1810788224.0,1169.14
QNTQY,Qinetiq Group PLC ADR,24.9,8,7,3,8,4,0,3,33,0.0,33.0,Poor,Stay away,23,-7.7,-3.4,-0.5,49.5,0,,Industrials,3209497088.0,2942.8
UHOIF,Ushio Inc,24.412,15,1,6,8,6,5,5,46,-13.0,33.0,Poor,Stay away,50,0.0,0.0,4.4,80.0,0,,Industrials,1937043840.0,0.0
EDN,Empresa Distribuidora y Comercializadora Norte SA ADR,25.76,7,5,4,12,0,0,5,33,0.0,33.0,Poor,Stay away,26,-6.8,3.0,-0.3,49.7,0,,Utilities,1225511040.0,168133.22
AGIO,Agios Pharm,28.29,6,10,4,12,2,2,4,40,-7.0,33.0,Poor,Stay away,28,-3.8,-1.7,-0.2,49.3,1,,Healthcare,1682451840.0,1107423.66
OSMCX,Oppenheimer International Small Company C,28.59,2,3,9,7,3,1,3,28,0.0,33.0,Poor,🔥 COILED: Stay away,31,-2.6,-1.8,-1.6,41.9,0,,nan,0.0,0.0
CAMOX,CAMBIAR OPPORTUNITY FUND INVESTOR CLASS SHARES,28.25,12,3,8,9,3,1,4,40,-10.0,33.0,Poor,Stay away,44,-0.2,0.8,0.8,57.8,0,,nan,0.0,0.0
RSSYX,VICTORY RS SELECT GROWTH FUND CLASS Y,28.54,10,4,2,7,3,0,4,30,0.0,33.0,Poor,Stay away,46,-2.7,0.1,-0.6,51.0,0,,nan,0.0,0.0
CAMWX,CAMBIAR OPPORTUNITY FUND INSTITUTIONAL CLASS SHARES,28.08,12,3,8,9,3,1,4,40,-10.0,33.0,Poor,Stay away,44,-0.2,0.8,0.8,57.9,0,,nan,0.0,0.0
NWCCX,NUVEEN WINSLOW LARGE-CAP GROWTH FUND CLASS C,33.85,6,4,3,7,3,1,4,28,0.0,33.0,Poor,🔥 COILED: Stay away,30,-3.7,-1.1,-1.4,48.4,0,,nan,0.0,0.0
ARKG,ARK Genomic Revolution ETF,33.41,16,5,1,14,3,0,5,44,-11.0,33.0,Poor,Stay away,54,-3.6,9.4,3.7,57.7,1,,nan,nan,2938996.7
IPFCX,POPLAR FOREST CORNERSTONE FUND INSTITUTIONAL CLASS,32.84,17,3,6,7,3,3,4,43,-10.0,33.0,Poor,Stay away,57,0.1,1.5,1.1,64.2,0,,nan,0.0,0.0
LSSNX,LOOMIS SAYLES SMALL CAP GROWTH FUND CLASS N,32.95,13,3,6,7,3,5,3,40,-15.0,33.0,Poor,🔥 COILED: Stay away,51,-0.5,1.5,0.3,53.8,0,,nan,0.0,0.0
MUOCX,MSIF US Core Portfolio Class C,32.47,8,4,7,7,3,6,3,38,-10.0,33.0,Poor,🔥 COILED: Stay away,52,-2.6,-1.4,-1.0,47.7,0,,nan,0.0,0.0
PACFX,Putnam RetirementReady 2045 Fund Class R4 Shares,33.48,8,4,2,7,3,6,3,33,-5.0,33.0,Poor,🔥 COILED: Stay away,52,-2.0,-0.6,-0.8,47.8,0,,nan,nan,0.0
PAAYX,Putnam RetirementReady 2040 Fund Class R4 Shares,33.0,8,4,2,7,3,6,3,33,-5.0,33.0,Poor,🔥 COILED: Stay away,52,-1.7,-0.5,-0.7,47.9,0,,nan,nan,0.0
PACGX,Putnam RetirementReady 2045 Fund Class R3 Shares,33.45,8,4,2,7,3,6,3,33,-5.0,33.0,Poor,🔥 COILED: Stay away,52,-2.0,-0.6,-0.9,47.7,0,,nan,nan,0.0
PACHX,Putnam RetirementReady 2045 Fund Class R5 Shares,33.53,8,4,2,7,3,6,3,33,-5.0,33.0,Poor,🔥 COILED: Stay away,52,-2.0,-0.6,-0.8,47.8,0,,nan,nan,0.0
PABTX,Putnam RetirementReady 2040 Fund Class R5 Shares,33.01,8,4,2,7,3,6,3,33,-5.0,33.0,Poor,🔥 COILED: Stay away,52,-1.7,-0.5,-0.7,47.9,0,,nan,nan,0.0
SIXF,AIM ETF Products Trust,33.68,12,6,4,14,3,2,3,44,-11.0,33.0,Poor,Stay away,59,-0.8,-0.0,-0.0,55.2,0,,nan,nan,14092.07
GIRMX,GOLDMAN SACHS EMERGING MARKETS EQUITY FUND CLASS IR,39.39,17,7,4,7,6,3,4,48,-15.0,33.0,Poor,Stay away,61,1.3,4.8,2.5,62.1,0,,nan,0.0,0.0
TMSIX,THRIVENT MID CAP STOCK FUND CLASS S,38.35,16,5,4,7,3,2,4,41,-8.0,33.0,Poor,Stay away,56,-0.1,1.9,0.7,57.2,0,,nan,0.0,0.0
SVUIX,GUGGENHEIM MID CAP VALUE INSTITUTIONAL FUND MID CAP VALUE INSTITUTIONAL,39.41,14,5,2,7,3,1,4,36,-3.0,33.0,Poor,Stay away,48,-0.4,1.9,0.6,55.4,0,,nan,0.0,0.0
FRSGX,FRANKLIN SMALL-MID CAP GROWTH FUND CLASS A,38.73,11,3,2,7,3,1,3,30,0.0,33.0,Poor,Stay away,46,-2.0,1.1,-0.3,50.9,0,,nan,0.0,0.0
FCDCX,FIDELITY STOCK SELECTOR SMALL CAP FUND FIDELITY ADVISOR STOCK SELECTOR SMALL CAP FUND: CLASS C,39.15,10,4,4,7,3,5,2,35,-5.0,33.0,Poor,Stay away,42,-2.0,-0.8,-1.4,45.7,0,,nan,0.0,0.0
HDGYX,THE HARTFORD DIVIDEND AND GROWTH FUND CLASS Y,38.56,10,3,4,7,3,5,4,36,-3.0,33.0,Poor,Stay away,51,-1.5,0.8,0.3,55.7,0,,nan,0.0,0.0
SVAL,iShares US Small Cap Value Factor ETF,39.853,13,5,7,14,3,5,4,51,-18.0,33.0,Poor,Stay away,63,-0.1,1.0,0.6,55.1,0,,nan,nan,39958.67
XHYE,BondBloxx US High Yield Energy Sector ETF,39.105,7,7,8,3,6,4,3,38,-10.0,33.0,Poor,🔥 COILED: Stay away,41,0.0,0.0,-0.1,43.6,0,,nan,nan,1866.26
AOPAX,ALLIANZGI INTERNATIONAL SMALL-CAP FUND CLASS A,41.02,4,3,6,7,3,5,2,30,0.0,33.0,Poor,Stay away,42,-3.2,-1.0,-1.9,40.4,0,,nan,0.0,0.0
SAOCX,GUGGENHEIM ALPHA OPPORTUNITY FUND C,41.95,17,5,3,7,3,3,5,43,-10.0,33.0,Poor,Stay away,59,0.2,2.7,1.3,64.1,0,,nan,0.0,0.0
SPGIX,SIMT LARGE CAP GROWTH FUND SIMT LARGE CAP GROWTH FUND - CLASS I,41.27,6,4,4,7,3,1,3,28,0.0,33.0,Poor,🔥 COILED: Stay away,43,-3.0,-0.8,-1.0,49.3,0,,nan,0.0,0.0
CFIGY,Challenger Ltd ADR,43.7,4,4,8,8,0,1,3,28,0.0,33.0,Poor,🔥 COILED: Stay away,23,0.0,0.0,0.0,50.0,0,,Financial Services,3013384960.0,0.13
PUVCX,PUTNAM INTERNATIONAL CAPITAL OPPORTUNITIES CLASS C SHARES,43.47,6,4,5,7,3,0,3,28,0.0,33.0,Poor,🔥 COILED: Stay away,34,-3.2,-1.6,-1.5,44.5,0,,nan,0.0,0.0
PICRX,PUTNAM INTERNATIONAL CAPITAL OPPORTUNITIES CLASS R SHARES,43.63,6,4,5,7,3,0,3,28,0.0,33.0,Poor,🔥 COILED: Stay away,34,-3.2,-1.6,-1.5,44.6,0,,nan,0.0,0.0
FCDTX,FIDELITY STOCK SELECTOR SMALL CAP FUND FIDELITY ADVISOR STOCK SELECTOR SMALL CAP FUND: CLASS T,43.92,10,4,4,7,3,5,2,35,-5.0,33.0,Poor,Stay away,40,-2.0,-0.7,-1.4,45.8,0,,nan,0.0,0.0
ALOIX,ALLIANZGI INTERNATIONAL SMALL-CAP FUND INSTITUTIONAL CLASS,43.23,4,3,6,7,3,5,2,30,0.0,33.0,Poor,Stay away,42,-3.2,-1.0,-1.9,40.4,0,,nan,0.0,0.0
APHMX,Artisan Mid Cap Fd Insti Sh,42.51,8,4,1,7,3,4,3,30,0.0,33.0,Poor,Stay away,42,-2.2,-0.7,-1.0,47.8,0,,nan,0.0,0.0
AIISX,ALLIANZGI INTERNATIONAL SMALL-CAP FUND CLASS R6,42.5,4,3,6,7,3,5,2,30,0.0,33.0,Poor,Stay away,42,-3.2,-1.0,-1.9,40.4,0,,nan,0.0,0.0
IENSX,Invesco Energy Fund Class R6,42.23,6,4,4,7,0,8,4,33,-5.0,33.0,Poor,🔥 COILED: Stay away,44,1.5,-3.2,-1.5,45.3,0,,nan,0.0,0.0
FIGB,Fidelity Investment Grade Bond ETF,42.69,5,10,3,9,0,2,3,32,0.0,33.0,Poor,Stay away,19,-0.5,0.0,-0.3,42.7,0,,nan,nan,74895.0
DFAC,Dimensional U.S. Core Equity 2 ETF,43.46,11,3,3,15,3,5,4,44,-11.0,33.0,Poor,Stay away,60,-1.7,0.3,-0.3,52.3,0,,nan,nan,2637376.0
LSRCF,Lasertec Corporation,240.2,3,9,0,8,6,2,2,30,0.0,33.0,Poor,Stay away,44,-7.6,0.1,-4.4,40.4,0,,Technology,21529286656.0,587.22
MCD,McDonald’s Corporation,279.84,3,14,3,3,3,7,3,36,-6.0,33.0,Poor,Stay away,16,0.2,-1.5,-0.1,46.2,0,,Consumer Cyclical,198827950080.0,3338149.5
ALRHF,Allreal,282.5,12,3,9,8,4,2,3,41,-13.0,33.0,Poor,🔥 COILED: Stay away,48,0.0,0.0,0.0,99.9,0,,Real Estate,4665346560.0,1.81
FDUIHX,FDUIHX,625.16,9,5,6,8,0,4,3,35,-5.0,33.0,Poor,Stay away,31,0.1,0.0,-0.1,21.0,0,,nan,nan,0.0
RMQAX,MONTHLY REBALANCE NASDAQ-100 2X STRATEGY FUND CLASS A,691.43,13,5,7,7,6,2,5,45,-15.0,33.0,Poor,Stay away,54,0.5,6.6,4.8,72.2,0,,nan,0.0,0.0
SSEYX,STATE STREET EQUITY 500 INDEX II PORTFOLIO STATE STREET EQUITY 500 INDEX II PORTFOLIO,685.84,15,6,7,7,6,2,4,47,-19.0,33.0,Poor,🔥 COILED: Stay away,60,0.1,1.9,1.6,69.4,0,,nan,0.0,0.0
RMQHX,MONTHLY REBALANCE NASDAQ-100 2X STRATEGY FUND CLASS H,721.19,13,5,7,7,6,2,5,45,-15.0,33.0,Poor,Stay away,55,0.5,6.6,4.8,72.2,0,,nan,0.0,0.0
LITE,Lumentum Holdings Inc,863.66,10,5,2,8,3,3,2,33,0.0,33.0,Poor,Stay away,51,1.0,-10.5,-6.0,46.2,1,,Technology,67192745984.0,5100589.0
0P0001PREK,PineBridge Global Funds - Global Focus Equity Fund,1924.33,18,6,5,7,3,2,5,46,-13.0,33.0,Poor,Stay away,57,4.2,10.2,5.9,77.1,2,,nan,nan,0.0
MET-PA,MetLife Inc Preferred Stock Series A,21.92,6,10,3,12,3,1,4,39,-10.0,32.0,Poor,Stay away,41,-1.6,-2.2,-1.0,45.0,0,,Financial Services,40791236608.0,78584.23
SWDHY,Skyworth Digital Holdings Ltd ADR,20.87,14,5,3,9,3,0,5,39,-3.0,32.0,Poor,Stay away,48,-10.0,-10.0,3.0,64.3,0,,Technology,1313555584.0,6.13
BRELY,BRELY,21.977,9,2,4,9,6,4,5,39,-7.0,32.0,Poor,Stay away,59,-7.7,4.7,3.0,60.5,1,,Basic Materials,1231387648.0,1338.83
REPYF,Repsol S.A,25.51,6,5,4,8,3,4,2,32,0.0,32.0,Poor,Stay away,51,3.2,-5.3,-1.7,47.2,0,,Energy,27968036864.0,0.0
HBM,Hudbay Minerals Inc.,25.66,10,4,1,13,3,7,5,43,-11.0,32.0,Poor,Stay away,51,-12.0,3.7,-5.4,47.0,0,,Basic Materials,10192052224.0,6107951.77
ATH-PA,Athene Holding Ltd,24.59,8,6,9,6,3,2,3,37,-10.0,32.0,Poor,🔥 COILED: Stay away,41,0.0,0.3,0.1,54.4,1,,Financial Services,7562633728.0,44150.14
BZH,Beazer Homes USA Inc,25.96,15,9,5,10,5,7,5,56,-22.0,32.0,Poor,Stay away,57,2.2,8.1,6.9,63.9,2,,Consumer Cyclical,709586048.0,477457.92
JDVWX,JOHN HANCOCK DISCIPLINED VALUE FUND CLASS R6,28.33,16,5,4,7,3,1,4,40,-8.0,32.0,Poor,Stay away,56,-1.0,2.6,0.7,57.5,0,,nan,0.0,0.0
PSBJX,SMALLCAP FUND FKA SMALLCAP BLEND FUND CLASS J,28.91,10,4,5,7,3,5,3,37,-10.0,32.0,Poor,🔥 COILED: Stay away,48,-2.2,0.1,-0.6,49.7,0,,nan,0.0,0.0
JDVFX,JOHN HANCOCK DISCIPLINED VALUE FUND CLASS R4,28.23,16,5,4,7,3,1,4,40,-8.0,32.0,Poor,Stay away,56,-1.0,2.6,0.7,57.5,0,,nan,0.0,0.0
JDVPX,JOHN HANCOCK DISCIPLINED VALUE FUND CLASS R2,28.13,16,5,4,7,3,1,4,40,-8.0,32.0,Poor,Stay away,52,-1.0,2.6,0.7,57.5,0,,nan,0.0,0.0
FSCVX,NUVEEN SMALL CAP VALUE FUND CLASS C,29.85,13,4,3,7,3,6,3,39,-10.0,32.0,Poor,Stay away,56,-1.3,0.1,-0.1,52.0,0,,nan,0.0,0.0
DMCVX,DREYFUS OPPORTUNISTIC MIDCAP VALUE FUND CLASS A,32.11,13,5,4,7,3,1,4,37,-10.0,32.0,Poor,🔥 COILED: Stay away,46,-0.7,1.6,0.3,54.7,0,,nan,0.0,0.0
TADAX,TRANSAMERICA US GROWTH A,33.39,8,4,1,7,3,1,3,27,0.0,32.0,Poor,🔥 COILED: Stay away,43,-4.4,-1.0,-1.8,46.2,0,,nan,0.0,0.0
DCCIX,DELAWARE SMALL CAP CORE FUND DELAWARE SMALL CAP CORE FUND INSTITUTIONAL CLASS,33.98,14,3,2,7,3,2,3,34,-10.0,32.0,Poor,🔥 COILED: Stay away,55,-0.5,0.7,0.2,53.3,0,,nan,0.0,0.0
DCCAX,DELAWARE SMALL CAP CORE FUND DELAWARE SMALL CAP CORE FUND CLASS A,32.86,14,3,2,7,3,2,3,34,-10.0,32.0,Poor,🔥 COILED: Stay away,55,-0.5,0.6,0.2,53.3,0,,nan,0.0,0.0
QFVRX,PEAR TREE POLARIS FOREIGN VALUE FUND R6 SHARES,33.14,8,4,8,7,3,4,3,37,-10.0,32.0,Poor,🔥 COILED: Stay away,55,-2.1,-0.7,-0.6,50.0,0,,nan,0.0,0.0
BDAFX,Baron Durable Advantage Fund Retail Shares,33.58,7,3,6,7,3,1,2,29,0.0,32.0,Poor,Stay away,41,-4.1,-2.4,-2.6,40.2,0,,nan,nan,0.0
MPRO,Northern Lights Fund Trust IV - Monarch ProCap ETF,32.38,12,3,5,12,3,2,3,40,-8.0,32.0,Poor,Stay away,49,-0.7,0.1,-0.1,50.5,0,,nan,nan,27579.36
XBJA,Innovator ETFs Trust - Innovator U.S. Equity Accelerated 9 Buffer ETF - January,33.477,13,4,3,14,3,3,3,43,-7.0,32.0,Poor,Stay away,51,-0.8,-0.0,-0.0,55.4,0,,nan,nan,11184.55
CLOD,Themes Cloud Computing ETF,32.403,12,3,3,13,3,4,5,43,-11.0,32.0,Poor,Stay away,50,-3.8,4.3,1.2,55.8,0,,nan,nan,1077.66
SAMM,The Advisorsâ Inner Circle Fund III,32.169,12,6,1,13,3,5,4,44,-12.0,32.0,Poor,Stay away,43,-3.8,2.2,-1.2,48.5,0,,nan,nan,3154.68
CMSCX,COLUMBIA SMALL CAP GROWTH FUND I COLUMBIA SMALL CAP GROWTH FUND I CLASS Z,39.72,13,4,2,7,3,4,4,37,-10.0,32.0,Poor,🔥 COILED: Stay away,45,-2.5,0.6,-0.2,52.6,0,,nan,0.0,0.0
GMOIX,GMO INTERNATIONAL EQUITY FUND CLASS III,39.16,10,4,7,7,3,3,3,37,-10.0,32.0,Poor,🔥 COILED: Stay away,53,-2.4,-0.9,-1.2,47.7,0,,nan,0.0,0.0
GMCFX,GMO INTERNATIONAL EQUITY FUND CLASS IV,39.1,10,4,7,7,3,3,3,37,-10.0,32.0,Poor,🔥 COILED: Stay away,53,-2.4,-0.9,-1.2,47.8,0,,nan,0.0,0.0
ENFR,Alerian Energy Infrastructure ETF,38.56,9,4,2,6,7,8,4,40,-13.0,32.0,Poor,🔥 COILED: Stay away,59,2.6,-3.4,-0.2,50.1,0,,nan,nan,77307.59
JPMB,JPMorgan USD Emerging Markets Sovereign Bond ETF,39.886,9,5,2,14,3,0,3,36,-4.0,32.0,Poor,Stay away,30,-0.9,0.8,-0.2,48.7,0,,nan,nan,11167.01
GMOUX,GMO International Equity Fund Class I,39.27,10,4,7,7,3,3,3,37,-10.0,32.0,Poor,🔥 COILED: Stay away,53,-2.4,-0.9,-1.2,47.7,0,,nan,nan,0.0
GDEC,First Trust Exchange Traded Fund VIII - FT Cboe Vest U.S. Equity Moderate Buffer ETF - December,39.479,12,6,4,13,3,2,3,43,-11.0,32.0,Poor,Stay away,49,-0.8,-0.0,-0.1,54.4,0,,nan,nan,62510.13
SPAM,Themes Cybersecurity ETF,39.086,15,3,2,13,3,2,5,43,-11.0,32.0,Poor,Stay away,61,-2.6,4.6,2.7,59.0,0,,nan,nan,1667.32
IRSLF,IRSLF,39.764,15,3,4,13,3,4,4,46,-15.0,32.0,Poor,🔥 COILED: Stay away,56,-0.6,0.3,0.2,54.3,0,,nan,nan,23788.7
CMSHX,Columbia Small Cap Growth S,39.72,13,4,2,7,3,4,4,37,-10.0,32.0,Poor,🔥 COILED: Stay away,45,-2.5,0.6,-0.2,52.6,0,,nan,nan,0.0
KLPEF,Klépierre SA,40.04,9,5,8,6,6,3,2,39,-10.0,32.0,Poor,Stay away,52,0.0,-0.8,-0.1,49.2,0,,Real Estate,11463389184.0,0.0
FSTR,LB Foster Company,41.51,15,9,2,14,5,2,4,51,-19.0,32.0,Poor,Stay away,66,0.9,9.0,4.8,64.0,1,,Industrials,434139776.0,49780.96
FTVFX,FIDELITY ADVISOR VALUE FUND CLASS T,40.39,13,5,7,7,3,3,4,42,-15.0,32.0,Poor,🔥 COILED: Stay away,55,-0.6,1.2,0.3,54.7,0,,nan,0.0,0.0
GLDCX,GABELLI GOLD FUND INC CLASS C,41.16,1,10,3,7,5,1,2,29,0.0,32.0,Poor,Stay away,22,-4.5,-0.1,-3.0,42.7,0,,nan,0.0,0.0
CSGYX,COLUMBIA SMALL CAP GROWTH FUND I COLUMBIA SMALL CAP GROWTH FUND I CLASS Y,41.35,13,4,2,7,3,4,4,37,-10.0,32.0,Poor,🔥 COILED: Stay away,45,-2.5,0.6,-0.2,52.6,0,,nan,0.0,0.0
IENIX,INVESCO ENERGY FUND CLASS R5,42.19,6,4,3,7,0,8,4,32,-5.0,32.0,Poor,🔥 COILED: Stay away,44,1.5,-3.2,-1.5,45.2,0,,nan,0.0,0.0
SECUX,GUGGENHEIM STYLEPLUS - MID GROWTH FUND A-CLASS,42.34,8,4,2,7,3,2,3,29,0.0,32.0,Poor,Stay away,49,-2.6,-0.3,-1.2,47.4,0,,nan,0.0,0.0
BRSVX,SMALL-CAP VALUE FUND CLASS N,43.97,13,3,2,7,3,6,3,37,-10.0,32.0,Poor,🔥 COILED: Stay away,51,-0.5,0.5,-0.0,51.5,0,,nan,0.0,0.0
SUFCX,GUGGENHEIM STYLEPLUS - MID GROWTH FUND C-CLASS,42.99,8,4,2,7,3,2,3,29,0.0,32.0,Poor,Stay away,49,-2.6,-0.3,-1.2,47.2,0,,nan,0.0,0.0
GIUIX,GUGGENHEIM STYLEPLUS - MID GROWTH FUND INSTITUTIONAL CLASS,42.45,8,4,2,7,3,2,3,29,0.0,32.0,Poor,Stay away,49,-2.6,-0.3,-1.2,47.4,0,,nan,0.0,0.0
RPEAX,Davis Opportunity Fund Class,43.82,14,4,6,7,3,1,4,39,-15.0,32.0,Poor,🔥 COILED: Stay away,45,-0.8,0.6,0.1,53.9,0,,nan,0.0,0.0
VBND,Vident Core U.S. Bond Strategy ETF,43.457,8,7,2,9,1,2,3,32,0.0,32.0,Poor,Stay away,31,-0.3,0.5,-0.2,46.8,1,,nan,nan,21657.98
EMLP,First Trust North American Energy Infrastructure Fund,43.46,6,12,2,7,5,4,3,39,-8.0,32.0,Poor,Stay away,54,1.4,-1.8,-0.2,48.4,0,,nan,nan,250586.98
IMTB,iShares Core 5-10 Year USD Bond ETF,43.28,6,6,2,10,0,2,3,29,0.0,32.0,Poor,Stay away,21,-1.1,-0.2,-0.5,40.5,0,,nan,nan,23894.82
FIXD,First Trust TCW Opportunistic Fixed Income ETF,43.438,6,9,2,8,0,1,3,29,0.0,32.0,Poor,Stay away,26,-0.7,0.4,-0.3,45.5,0,,nan,nan,382142.41
PFEB,Innovator S&P 500 Power Buffer ETF - February,42.731,12,3,3,14,3,1,3,39,-7.0,32.0,Poor,Stay away,60,-0.8,0.0,-0.1,54.4,0,,nan,nan,73516.25
UTEN,Rbb Fund Inc - US Treasury 10 Year Note ETF,42.863,6,8,2,8,0,2,3,29,0.0,32.0,Poor,Stay away,13,-0.7,-0.0,-0.5,40.0,0,,nan,nan,57993.0
RYRUX,RUSSELL 2000 2X STRATEGY FUND A-CLASS SHARES,232.75,14,3,3,7,3,5,4,39,-10.0,32.0,Poor,Stay away,47,-2.3,2.9,0.9,54.2,0,,nan,0.0,0.0
RYRSX,RUSSELL 2000 2X STRATEGY FUND H-CLASS SHARES,230.03,14,3,3,7,3,5,4,39,-10.0,32.0,Poor,Stay away,47,-2.3,2.9,0.9,54.2,0,,nan,0.0,0.0
VXF,Vanguard Extended Market Index Fund ETF Shares,231.9,13,3,3,13,3,4,4,43,-11.0,32.0,Poor,Stay away,53,-1.9,1.5,-0.1,52.2,0,,nan,nan,449470.65
CKHGF,Capitec Bank Holdings Limited,247.67,8,6,11,6,3,2,3,39,-10.0,32.0,Poor,Stay away,0,0.0,0.0,0.0,8.0,0,,Financial Services,28693465088.0,0.0
XAIXF,XAIXF,241.782,16,2,3,14,3,4,5,47,-15.0,32.0,Poor,Stay away,56,-1.8,7.2,3.4,62.4,0,,nan,nan,285.5
MPC,Marathon Petroleum Corp,262.01,17,5,6,7,3,4,5,47,-15.0,32.0,Poor,Stay away,72,5.3,5.5,2.9,58.6,1,,Energy,76490317824.0,2255779.06
GNRC,Generac Holdings Inc,261.54,12,6,3,13,3,2,3,42,-10.0,32.0,Poor,Stay away,58,-5.9,5.5,-1.8,50.1,0,,Industrials,15396514816.0,1056876.25
PDER,Pardee Resources Co,265.0,6,14,1,7,3,2,2,35,-1.0,32.0,Poor,Stay away,20,-0.1,1.9,-0.4,46.2,1,,Energy,172646976.0,395.8
CI,Cigna Corp,289.48,10,11,3,4,8,3,4,43,-11.0,32.0,Poor,Stay away,59,4.4,2.6,2.6,56.1,0,,Healthcare,76576841728.0,1743645.5
MDY,SPDR® S&P MIDCAP 400 ETF Trust,674.59,14,7,3,15,3,5,3,50,-18.0,32.0,Poor,Stay away,56,-0.9,1.4,0.1,52.9,0,,nan,26910126080.0,934981.52
RTLLF,RATIONAL Aktiengesellschaft,760.96,6,9,9,5,3,3,2,37,-10.0,32.0,Poor,🔥 COILED: Stay away,29,0.0,4.4,0.6,50.5,0,,Industrials,8750004224.0,0.0
FQNDRX,FQNDRX,819.73,7,9,4,9,0,3,2,34,-7.0,32.0,Poor,🔥 COILED: Stay away,26,0.2,2.8,0.0,45.8,0,,nan,nan,0.0
GAP,"The Gap, Inc.",21.56,1,11,2,9,4,0,2,29,4.0,31.0,Poor,Stay away,24,1.9,-6.9,-3.6,42.8,1,,Consumer Cyclical,7761145856.0,8724685.05
RNR-PF,RenaissanceRe Holdings Ltd,21.23,3,5,4,13,2,1,3,31,2.0,31.0,Poor,Stay away,26,0.3,-0.3,-0.6,42.0,2,,Financial Services,6751518720.0,15822.0
PBI-PB,Pitney Bowes Inc. NT 43,20.67,8,11,0,5,7,5,3,39,-8.0,31.0,Poor,Stay away,56,-0.4,-4.3,-1.5,43.6,0,,Other,3921224960.0,34860.5
CWYUF,Smart REIT,20.85,15,4,4,10,3,2,3,41,-10.0,31.0,Poor,Stay away,56,-0.5,2.0,0.6,54.3,1,,Real Estate,3572884992.0,22748.34
BSJQ,Invesco BulletShares 2026 High Yield Corporate Bond ETF,23.01,2,6,2,13,4,4,3,34,-3.0,31.0,Poor,Stay away,29,-0.1,-0.4,-0.3,33.4,0,,nan,nan,278459.95
MKILX,BlackRock International Fund -,23.85,8,4,1,7,3,2,3,28,0.0,31.0,Poor,Stay away,43,-3.0,-1.6,-1.8,45.5,0,,nan,nan,0.0
VCGRX,VIRTUS KAR CAPITAL GROWTH FUND CLASS R6,22.9,12,5,2,7,3,0,5,34,-3.0,31.0,Poor,Stay away,50,-2.4,3.1,0.6,55.2,0,,nan,nan,0.0
TTDKY,TDK Corp ADR,24.38,17,6,3,10,3,0,5,44,-13.0,31.0,Poor,Stay away,53,-5.9,21.7,10.4,68.2,2,,Technology,46276669440.0,196530.51
RZB,Reinsurance Group of America Inc,25.322,13,10,12,3,6,2,3,49,-19.0,31.0,Poor,Stay away,61,0.1,0.2,0.2,62.8,0,,nan,8857775104.0,83849.61
BPOPO,Popular Inc,25.1,1,3,7,11,4,2,3,31,0.0,31.0,Poor,Stay away,42,-0.6,-1.1,-0.5,40.8,0,,Financial Services,5320957952.0,0.0
MWA,Mueller Water Products,25.33,3,15,5,2,4,7,2,38,-8.0,31.0,Poor,Stay away,28,0.5,0.8,-1.2,42.9,1,,Industrials,3963412224.0,1218219.0
TWO-PC,Two Harbors Investment Corp,24.785,8,5,6,9,3,6,3,40,-9.0,31.0,Poor,Stay away,52,0.1,0.6,-0.1,49.1,0,,Real Estate,3759932672.0,39142.53
INDHF,INDUS Holding AG,24.45,10,6,9,7,4,2,3,41,-13.0,31.0,Poor,Stay away,50,0.0,0.0,0.0,84.1,0,,Industrials,654039488.0,1.5
IBEX,IBEX Ltd,29.94,7,7,1,10,5,2,2,34,-3.0,31.0,Poor,Stay away,31,-5.4,-6.6,-2.7,45.7,0,,Technology,400870144.0,128675.79
BWLAX,AMERICAN BEACON BRIDGEWAY LARGE CAP VALUE FUND A CLASS,28.29,15,3,6,9,3,1,4,41,-15.0,31.0,Poor,🔥 COILED: Stay away,56,0.0,1.1,0.6,56.2,0,,nan,0.0,0.0
OYRDX,Oppenheimer Rising Dividends Y,29.64,9,4,5,7,3,5,3,36,-10.0,31.0,Poor,🔥 COILED: Stay away,52,-1.2,-0.3,-0.4,50.7,0,,nan,0.0,0.0
BRLVX,AMERICAN BEACON BRIDGEWAY LARGE CAP VALUE FUND INSTITUTIONAL CLASS,28.96,15,3,6,9,3,1,4,41,-15.0,31.0,Poor,🔥 COILED: Stay away,56,0.0,1.1,0.6,56.2,0,,nan,0.0,0.0
NBREX,NEUBERGER BERMAN MID CAP INTRINSIC VALUE FUND TRUST CLASS,29.24,16,5,3,7,3,1,4,39,-8.0,31.0,Poor,Stay away,51,-1.2,2.3,0.6,55.5,0,,nan,0.0,0.0
USLCX,U.S. GLOBAL LEADERS GROWTH FUND CLASS C,28.87,5,3,6,7,3,1,3,28,0.0,31.0,Poor,Stay away,27,-3.0,-1.8,-1.7,42.2,0,,nan,0.0,0.0
NINLX,NEUBERGER BERMAN INTRINSIC VALUE FUND INSTITUTIONAL CLASS,29.3,13,3,1,7,3,3,4,34,-3.0,31.0,Poor,Stay away,49,-2.6,1.5,-0.3,52.0,0,,nan,0.0,0.0
NBRAX,NEUBERGER BERMAN MID CAP INTRINSIC VALUE FUND CLASS A,29.27,16,5,3,7,3,1,4,39,-8.0,31.0,Poor,Stay away,51,-1.1,2.4,0.6,55.7,0,,nan,0.0,0.0
OIRDX,Oppenheimer Rising Dividend Fd Cl I,29.53,9,4,5,7,3,5,3,36,-10.0,31.0,Poor,🔥 COILED: Stay away,53,-1.2,-0.3,-0.3,50.9,0,,nan,0.0,0.0
ETGIX,EATON VANCE GREATER INDIA FUND EATON VANCE GREATER INDIA FUND CLASS A,29.62,1,4,8,7,3,1,2,26,0.0,31.0,Poor,🔥 COILED: Stay away,26,-1.6,-1.1,-1.1,42.1,0,,nan,0.0,0.0
LCBEX,ClearBridge Equity Income Fd IS,32.35,7,4,8,9,3,2,3,36,-10.0,31.0,Poor,🔥 COILED: Stay away,49,-0.5,-0.7,-0.2,50.3,0,,nan,0.0,0.0
EPR-PE,EPR Properties Series E Cumulative Conv Pfd Shs Ser E,32.04,7,12,3,4,8,1,2,37,-6.0,31.0,Poor,Stay away,54,0.4,-2.2,-0.8,44.6,1,,Real Estate,nan,8379.91
SEPW,AllianzIM U.S. Equity Buffer20 Sep ETF,33.13,12,3,7,13,3,1,3,42,-11.0,31.0,Poor,Stay away,60,-0.4,0.1,0.1,59.3,0,,nan,nan,91795.05
JULP,PGIM US Large-Cap Buffer 12 ETF - July,32.378,15,5,7,7,3,1,3,41,-8.0,31.0,Poor,Stay away,56,-0.2,0.3,0.3,63.0,0,,nan,nan,3663.91
ZSCCX,ZACKS SMALL-CAP CORE FUND INVESTOR CLASS,39.27,14,3,3,7,3,5,3,38,-15.0,31.0,Poor,🔥 COILED: Stay away,51,-0.5,2.1,0.4,54.2,0,,nan,0.0,0.0
FVCSX,FIDELITY ADVISOR VALUE STRATEGIES CLASS C,38.37,13,5,7,7,3,2,4,41,-15.0,31.0,Poor,🔥 COILED: Stay away,55,-0.7,1.2,0.3,54.7,0,,nan,0.0,0.0
SGSCX,DEUTSCHE GLOBAL SMALL CAP FUND CLASS S,38.53,8,4,6,7,3,5,3,36,-10.0,31.0,Poor,🔥 COILED: Stay away,46,-2.2,-1.8,-1.5,46.7,0,,nan,0.0,0.0
KGDIX,DEUTSCHE GLOBAL SMALL CAP FUND INSTITUTIONAL CLASS,38.68,8,4,6,7,3,5,3,36,-10.0,31.0,Poor,🔥 COILED: Stay away,46,-2.2,-1.9,-1.5,46.7,0,,nan,0.0,0.0
NGRRX,NUVEEN NWQ INTERNATIONAL VALUE FUND NUVEEN NWQ INTERNATIONAL VALUE FUND - CLASS I,39.23,6,3,8,7,3,6,3,36,-10.0,31.0,Poor,🔥 COILED: Stay away,38,-2.3,-1.7,-1.6,43.2,0,,nan,0.0,0.0
GLPAX,GOLDMAN SACHS MLP ENERGY INFRASTRUCTURE FUND CLASS A SHARES,39.7,6,4,0,9,2,7,3,31,-3.0,31.0,Poor,Stay away,42,1.5,-4.9,-1.6,43.4,0,,nan,0.0,0.0
KGDZX,DEUTSCHE GLOBAL SMALL CAP FUND CLASS R6,38.78,8,4,6,7,3,5,3,36,-10.0,31.0,Poor,🔥 COILED: Stay away,46,-2.2,-1.8,-1.5,46.8,0,,nan,0.0,0.0
LOGOX,SCHARF BALANCED OPPORTUNITY FUND INSTITUTIONAL CLASS,39.2,6,3,6,7,3,0,3,28,0.0,31.0,Poor,Stay away,36,-1.3,-0.5,-0.7,45.6,0,,nan,0.0,0.0
SPDV,AAM S&P 500 High Dividend Value ETF,38.856,16,7,4,5,3,6,4,45,-14.0,31.0,Poor,Stay away,72,-1.1,1.3,0.5,57.6,0,,nan,nan,7953.68
BSTP,Innovator Buffer Step-Up Strategy ETF,38.84,11,4,4,14,3,4,3,43,-12.0,31.0,Poor,Stay away,59,-1.6,-0.4,-0.5,49.4,0,,nan,nan,4228.89
SEIQ,SEI Exchange Traded Funds - SEI Enhanced U.S. Large Cap Quality Factor ETF,39.67,10,5,3,11,3,3,4,39,-8.0,31.0,Poor,Stay away,58,-1.3,-0.3,-0.0,53.6,0,,nan,nan,51677.32
NVBT,AIM ETF Products Trust - AllianzIM U.S. Large Cap Buffer10 Nov ETF,39.157,11,3,4,14,3,4,4,43,-12.0,31.0,Poor,Stay away,53,-1.4,-0.1,-0.2,53.0,0,,nan,nan,9141.04
FSTEX,INVESCO ENERGY FUND INVESTOR CLASS,40.49,6,4,3,7,0,7,4,31,-5.0,31.0,Poor,🔥 COILED: Stay away,44,1.5,-3.2,-1.5,45.2,0,,nan,0.0,0.0
THIGX,THORNBURG CORE GROWTH FUND THORNBURG CORE GROWTH FUND - CLASS I,41.12,13,4,3,7,3,1,3,34,-3.0,31.0,Poor,Stay away,48,-3.8,0.9,-0.7,50.6,0,,nan,0.0,0.0
IENAX,INVESCO ENERGY FUND CLASS A,40.68,6,4,3,7,0,7,4,31,-5.0,31.0,Poor,🔥 COILED: Stay away,44,1.4,-3.2,-1.5,45.2,0,,nan,0.0,0.0
QNBC,QNB Corp,43.5,8,3,9,8,3,1,3,35,0.0,31.0,Poor,Stay away,50,-1.0,-1.0,-0.7,45.8,0,,Financial Services,216019136.0,0.0
PGVFX,POLARIS GLOBAL VALUE FUND POLARIS GLOBAL VALUE FUND,43.87,13,4,5,7,3,1,3,36,-10.0,31.0,Poor,🔥 COILED: Stay away,55,-1.5,-0.2,-0.2,53.0,0,,nan,0.0,0.0
SQQQ,ProShares UltraPro Short QQQ,43.19,8,12,5,4,3,2,2,36,-6.0,31.0,Poor,Stay away,27,13.4,2.9,2.8,47.3,1,,nan,nan,44619607.52
ISCF,iShares MSCI Intl Small-Cap Multifactor ETF,43.75,6,5,8,10,3,5,2,39,-8.0,31.0,Poor,Stay away,45,-3.3,-2.3,-2.0,41.7,0,,nan,nan,61176.33
GLPSX,GOLDMAN SACHS MLP ENERGY INFRASTRUCTURE FUND CLASS R6 SHARES,43.19,6,4,0,9,2,7,3,31,-3.0,31.0,Poor,Stay away,44,1.5,-4.7,-1.5,43.8,0,,nan,nan,0.0
GMNPX,GOLDMAN SACHS MLP ENERGY INFRASTRUCTURE FUND CLASS P SHARES,43.34,6,4,0,9,2,7,3,31,-3.0,31.0,Poor,Stay away,44,1.5,-4.7,-1.5,43.8,0,,nan,nan,0.0
UTWY,US Treasury 20 Year Bond ETF,42.211,6,8,2,9,1,4,3,33,-5.0,31.0,Poor,Stay away,16,-0.5,0.6,-0.3,45.2,0,,nan,nan,1481.5
GJUL,First Trust Exchange-Traded Fund VIII - FT Cboe Vest U.S. Equity Moderate Buffer ETF - July,43.11,13,3,7,14,3,1,3,44,-13.0,31.0,Poor,Stay away,62,-0.3,0.1,0.1,61.2,0,,nan,nan,47577.16
BUFC,AB Conservative Buffer ETF,42.22,12,3,4,13,3,1,3,39,-8.0,31.0,Poor,Stay away,58,-0.6,-0.2,-0.1,51.3,0,,nan,nan,47169.73
GKAT,Scharf Global Opportunity ETF,43.787,11,6,3,14,3,1,4,42,-11.0,31.0,Poor,Stay away,53,-2.1,-0.6,-0.7,48.8,0,,nan,nan,0.0
PANW,Palo Alto Networks Inc,272.05,17,5,3,14,5,1,5,50,-19.0,31.0,Poor,Stay away,58,-3.4,7.6,7.2,64.3,0,,Technology,221720739840.0,7816322.27
FHRTZX,FHRTZX,860.29,6,8,3,8,0,3,2,30,-2.0,31.0,Poor,Stay away,23,0.0,0.5,-0.6,22.7,0,,nan,nan,0.0
CAT,Caterpillar Inc,904.28,16,5,4,11,3,6,4,49,-18.0,31.0,Poor,Stay away,66,3.2,4.4,1.5,55.0,1,,Industrials,416504119296.0,2721916.75
NVR,NVR Inc,6182.55,10,8,4,7,2,3,4,38,-5.0,31.0,Poor,Stay away,22,1.3,2.2,1.4,52.8,0,,Consumer Cyclical,16688506880.0,24109.53
CAPEX,Eaton Vance Capital Exchange Fund,3102.68,8,4,5,7,3,6,3,36,-10.0,31.0,Poor,🔥 COILED: Stay away,52,-2.5,-1.4,-1.2,46.6,0,,nan,0.0,0.0
WAY,Waystar Holding Corp. Common Stock,20.0,5,12,3,9,2,1,2,34,-4.0,30.0,Poor,Stay away,20,0.5,6.2,-1.2,47.0,0,,Healthcare,3836257792.0,2603042.7
SISXF,Savaria Corporation,20.94,16,4,1,1,3,7,3,35,-8.0,30.0,Poor,Stay away,58,2.2,-0.4,-0.4,51.9,0,,Industrials,1505229952.0,0.0
BNHUF,Bonheur ASA,21.507,7,3,8,7,3,1,3,32,-5.0,30.0,Poor,Stay away,27,0.0,0.0,-0.0,0.0,1,,Industrials,914724864.0,30.08
ATNI,ATN International Inc,25.75,3,6,2,11,3,2,3,30,0.0,30.0,Poor,Stay away,45,-8.6,-5.5,-5.2,37.6,1,,Communication Services,396056960.0,58790.5
VARNF,VARNF,24.25,7,3,8,7,3,1,3,32,-5.0,30.0,Poor,Stay away,26,0.0,0.0,-0.0,0.0,1,,Real Estate,245555936.0,1.32
BL,Blackline Inc,28.66,7,5,2,10,2,6,2,34,-4.0,30.0,Poor,Stay away,18,-2.5,-1.0,-2.2,46.2,0,,Technology,1681221888.0,1057617.97
IIIN,Insteel Industries Inc,28.44,11,7,4,10,0,2,5,39,-9.0,30.0,Poor,Stay away,23,3.5,8.5,3.5,56.4,1,,Industrials,552681600.0,159462.11
EHMEF,goeasy Ltd,28.91,13,9,5,14,4,0,5,50,-20.0,30.0,Poor,Stay away,25,-1.6,12.1,8.6,59.7,3,,Financial Services,463533760.0,0.0
SBPLX,CLEARBRIDGE DIVIDEND STRATEGY FUND CLASS C,29.97,6,4,8,9,3,2,3,35,-10.0,30.0,Poor,🔥 COILED: Stay away,45,-0.5,-0.7,-0.2,49.8,0,,nan,0.0,0.0
MIGMX,MASSACHUSETTS INVESTORS GROWTH STOCK FUND R1,28.04,5,3,5,7,3,1,3,27,0.0,30.0,Poor,Stay away,30,-2.4,-0.7,-1.2,45.5,0,,nan,0.0,0.0
BPSIX,BOSTON PARTNERS SMALL CAP VALUE FUND II INSTITUTIONAL,28.63,15,3,3,7,3,6,3,40,-15.0,30.0,Poor,🔥 COILED: Stay away,55,0.7,1.2,0.3,53.2,0,,nan,0.0,0.0
EILVX,EATON VANCE LARGE-CAP VALUE FUND EATON VANCE LARGE-CAP VALUE FUND CLASS I,29.69,11,4,5,7,3,6,4,40,-15.0,30.0,Poor,🔥 COILED: Stay away,54,-1.6,-0.3,-0.3,51.4,0,,nan,0.0,0.0
ECSTX,EATON VANCE LARGE-CAP VALUE FUND EATON VANCE LARGE-CAP VALUE FUND CLASS C,29.68,11,4,5,7,3,6,4,40,-15.0,30.0,Poor,🔥 COILED: Stay away,52,-1.6,-0.3,-0.4,51.1,0,,nan,0.0,0.0
BWLYX,AMERICAN BEACON BRIDGEWAY LARGE CAP VALUE FUND Y CLASS,28.76,15,3,5,9,3,1,4,40,-15.0,30.0,Poor,🔥 COILED: Stay away,56,0.1,1.1,0.6,56.3,0,,nan,0.0,0.0
PIGFX,PIONEER FUNDAMENTAL GROWTH FUND PIONEER FUNDAMENTAL GROWTH FUND: CLASS A,33.67,6,4,2,7,3,2,3,27,0.0,30.0,Poor,Stay away,37,-2.7,-0.1,-0.7,49.6,0,,nan,0.0,0.0
MWEBX,MFS GLOBAL EQUITY FUND B,33.5,6,4,2,7,3,2,3,27,0.0,30.0,Poor,Stay away,29,-2.4,-1.1,-1.0,46.1,0,,nan,0.0,0.0
CAPE,Barclays ETN+ Shiller Capet ETN,32.28,6,12,4,4,6,2,3,37,-8.0,30.0,Poor,Stay away,58,0.4,-0.5,0.3,52.0,1,,nan,nan,35097.76
GTLLX,LARGE CAP GROWTH PORTFOLIO LARGE CAP GROWTH PORTFOLIO,32.02,14,5,3,7,3,3,5,40,-10.0,30.0,Poor,Stay away,59,-0.2,5.2,2.2,60.5,0,,nan,0.0,0.0
FITLX,Fidelity US Sustainability Index Fund In,32.91,11,4,4,7,3,3,3,35,-10.0,30.0,Poor,🔥 COILED: Stay away,53,-1.8,-0.5,-0.5,51.1,0,,nan,0.0,0.0
GTILX,Large Cap Growth Portfolio Instl Shs,32.22,14,5,3,7,3,3,5,40,-10.0,30.0,Poor,Stay away,59,-0.2,5.3,2.2,60.6,0,,nan,0.0,0.0
HOOFX,HARTFORD SCHRODERS US SMALL CAP OPPORTUNITIES FUND CLASS F,33.0,13,3,4,7,3,2,3,35,-10.0,30.0,Poor,🔥 COILED: Stay away,49,-0.9,0.4,0.0,52.4,0,,nan,0.0,0.0
URITX,INTERNATIONAL FUND R6 SHARES,33.69,6,3,8,7,3,5,3,35,-10.0,30.0,Poor,🔥 COILED: Stay away,40,-3.0,-1.9,-1.8,43.1,0,,nan,nan,0.0
WCBR,WisdomTree Cybersecurity Fund,33.539,13,3,2,14,3,1,5,41,-11.0,30.0,Poor,Stay away,55,-3.3,5.3,3.4,59.0,0,,nan,nan,34186.57
DCPE,DoubleLine Shiller CAPE US Equities ETF,32.28,6,12,4,4,6,2,3,37,-8.0,30.0,Poor,Stay away,58,0.4,-0.5,0.3,52.0,1,,nan,nan,33894.35
AUGW,AllianzIM U.S. Equity Buffer20 Aug ETF,33.795,12,3,7,14,3,2,3,44,-14.0,30.0,Poor,Stay away,57,-0.3,0.1,0.2,61.7,0,,nan,nan,10140.17
BEEZ,Honeytree U.S. Equity ETF,32.842,7,4,5,6,3,7,3,35,-10.0,30.0,Poor,🔥 COILED: Stay away,42,-1.0,1.1,-0.3,48.5,0,,nan,nan,746.93
MVPA,Advisor Managed Portfolios,32.044,1,6,7,8,2,1,2,27,0.0,30.0,Poor,Stay away,25,-3.3,-1.1,-2.4,40.3,0,,nan,nan,2145.9
CUSEX,CAPITAL GROUP U.S. EQUITY FUND SHARE CLASS,39.42,8,4,3,7,3,5,3,33,-3.0,30.0,Poor,Stay away,48,-2.9,-0.4,-1.0,48.3,0,,nan,0.0,0.0
ESPNX,WELLS FARGO ADVANTAGE SPECIAL SMALL CAP VALUE FUND INSTITUTIONAL,39.19,12,5,5,7,3,2,3,37,-10.0,30.0,Poor,Stay away,41,-0.7,1.0,-0.1,50.7,0,,nan,0.0,0.0
ESPIX,WELLS FARGO ADVANTAGE SPECIAL SMALL CAP VALUE FUND ADMINISTRATOR CLASS,39.15,12,5,5,7,3,2,3,37,-10.0,30.0,Poor,Stay away,42,-0.7,1.0,-0.1,50.7,0,,nan,0.0,0.0
MWELX,MFS GLOBAL EQUITY FUND R4,39.9,6,4,2,7,3,2,3,27,0.0,30.0,Poor,Stay away,29,-2.4,-1.0,-1.0,46.5,0,,nan,0.0,0.0
MWEHX,MFS GLOBAL EQUITY FUND R3,39.16,6,4,2,7,3,2,3,27,0.0,30.0,Poor,Stay away,29,-2.4,-1.0,-1.0,46.3,0,,nan,0.0,0.0
VIDI,Vident International Equity Fund,39.58,8,4,3,14,3,2,4,38,-8.0,30.0,Poor,Stay away,57,-4.1,-1.4,-1.8,46.0,0,,nan,nan,22674.82
MWEFX,MFS GLOBAL EQUITY FUND A,39.57,6,4,2,7,3,2,3,27,0.0,30.0,Poor,Stay away,29,-2.4,-1.0,-1.0,46.4,0,,nan,0.0,0.0
ESPRX,WELLS FARGO ADVANTAGE SPECIAL SMALL CAP VALUE FUND CLASS R6,39.18,12,5,5,7,3,2,3,37,-10.0,30.0,Poor,Stay away,41,-0.7,1.0,-0.1,50.6,0,,nan,0.0,0.0
SMAYX,Small Cap Growth Fund Class Y,38.9,10,4,4,7,3,4,3,35,-10.0,30.0,Poor,🔥 COILED: Stay away,45,-1.6,-0.7,-1.2,47.8,0,,nan,0.0,0.0
PSFD,Pacer Swan SOS Flex (December) ETF,39.408,11,3,3,14,3,4,3,41,-11.0,30.0,Poor,Stay away,57,-1.1,-0.1,-0.2,53.4,0,,nan,nan,3816.2
XAUG,FT Cboe Vest U.S. Equity Enhance & Moderate Buffer ETF - August,38.83,13,3,7,14,3,1,3,44,-14.0,30.0,Poor,Stay away,49,-0.2,0.1,0.1,63.0,0,,nan,nan,6731.8
GGTL,Gabelli Global Technology Leaders ETF,38.728,16,3,1,14,3,1,5,43,-13.0,30.0,Poor,Stay away,56,-3.3,3.1,-0.0,54.4,0,,nan,nan,505.13
LUV,Southwest Airlines Company,41.54,13,13,3,4,5,4,3,45,-13.0,30.0,Poor,Stay away,40,-3.3,1.9,1.0,53.1,0,,Industrials,20303661056.0,9014265.75
FMCEX,FIDELITY ADVISOR STOCK SELECTOR MID CAP FUND CLASS C,41.66,15,5,3,7,3,3,4,40,-15.0,30.0,Poor,🔥 COILED: Stay away,50,-0.5,1.8,0.4,55.0,0,,nan,0.0,0.0
MWEIX,MFS GLOBAL EQUITY FUND I,41.61,6,4,2,7,3,2,3,27,0.0,30.0,Poor,Stay away,29,-2.4,-1.0,-1.0,46.4,0,,nan,0.0,0.0
IALAX,TRANSAMERICA CAPITAL GROWTH A,41.27,6,4,1,7,3,4,2,27,0.0,30.0,Poor,Stay away,38,-8.0,-1.6,-3.0,45.2,0,,nan,0.0,0.0
EAEAX,EATON VANCE TAX-MANAGED EQUITY ASSET ALLOCATION FUND EATON VANCE TAX-MANAGED EQUITY ASSET ALLOCATION FUND CLASS A,41.29,8,4,5,7,3,5,3,35,-10.0,30.0,Poor,🔥 COILED: Stay away,53,-2.1,-0.6,-0.8,48.7,0,,nan,0.0,0.0
MWEMX,MFS GLOBAL EQUITY FUND R6,41.63,6,4,2,7,3,2,3,27,0.0,30.0,Poor,Stay away,29,-2.4,-1.0,-1.0,46.5,0,,nan,0.0,0.0
JENSX,THE JENSEN PORTFOLIO DOING BUSINESS AS JENSEN QUALITY GROWTH FUND J SHARES,43.05,6,4,2,7,3,2,3,27,0.0,30.0,Poor,Stay away,30,-1.8,-0.6,-0.7,48.1,0,,nan,0.0,0.0
JENRX,THE JENSEN PORTFOLIO DOING BUSINESS AS JENSEN QUALITY GROWTH FUND R SHARES,42.34,6,4,2,7,3,2,3,27,0.0,30.0,Poor,Stay away,30,-1.8,-0.6,-0.7,48.0,0,,nan,0.0,0.0
JENIX,THE JENSEN PORTFOLIO DOING BUSINESS AS JENSEN QUALITY GROWTH FUND I SHARES,42.96,6,4,2,7,3,2,3,27,0.0,30.0,Poor,Stay away,30,-1.8,-0.6,-0.7,48.2,0,,nan,0.0,0.0
EWUS,iShares MSCI United Kingdom Small-Cap ETF,42.02,11,4,2,12,3,3,3,38,-8.0,30.0,Poor,Stay away,43,-2.8,-1.7,-1.2,46.6,0,,nan,nan,6696.25
JENYX,THE JENSEN PORTFOLIO DOING BUSINESS AS JENSEN QUALITY GROWTH FUND Y SHARES,42.93,6,4,2,7,3,2,3,27,0.0,30.0,Poor,Stay away,30,-1.8,-0.6,-0.7,48.2,0,,nan,0.0,0.0
NSMVX,NORTH STAR MICRO CAP FUND NORTH STAR MICRO CAP FUND CLASS I SHARES,43.95,14,3,1,7,3,6,3,37,-10.0,30.0,Poor,Stay away,43,-1.1,1.7,-0.1,51.0,0,,nan,0.0,0.0
GNMSF,Genmab A/S,249.45,3,9,1,8,3,2,2,28,2.0,30.0,Poor,Stay away,16,-0.8,-7.4,-2.0,43.6,0,,Healthcare,15314584576.0,1659.74
SNX,Synnex Corporation,268.8,17,5,2,16,3,2,5,50,-20.0,30.0,Poor,Stay away,71,2.9,16.5,7.3,71.3,2,,Technology,21672372224.0,745423.74
RCL,Royal Caribbean Cruises Ltd,280.0,11,5,4,13,1,2,3,39,-9.0,30.0,Poor,Stay away,41,-1.6,7.6,1.7,53.5,1,,Consumer Cyclical,75094589440.0,2416217.5
FSCORX,FSCORX,646.27,7,9,5,8,3,3,3,38,-8.0,30.0,Poor,Stay away,33,0.0,0.1,-0.0,28.5,0,,nan,nan,0.0
FSYHGX,FSYHGX,790.16,5,8,3,8,0,3,2,29,-2.0,30.0,Poor,Stay away,22,0.1,1.2,-1.0,25.8,0,,nan,nan,0.0
FRVGJX,The First Trust Combined Series 584: Tax Exempt Municipal Income Trust Intermediate Series 38,921.53,7,7,3,8,0,4,3,32,-7.0,30.0,Poor,🔥 COILED: Stay away,36,0.0,0.2,0.0,47.1,0,,nan,nan,0.0
FJSINX,FJSINX,954.93,7,8,4,8,0,4,3,34,-7.0,30.0,Poor,Stay away,28,0.0,0.3,-0.1,34.3,0,,nan,nan,0.0
SNDK,Sandisk Corp,1559.32,13,3,4,14,3,5,5,47,-17.0,30.0,Poor,Stay away,54,-8.0,1.1,1.2,54.9,0,,Technology,230919323648.0,13622760.5
FMCB,Farmers & Merchants Bancorp,1320.25,14,12,1,9,5,1,3,45,-15.0,30.0,Poor,Stay away,54,-3.3,-2.2,-0.2,51.7,1,,Financial Services,913991936.0,163.2
FEXD,Fintech Ecosystem Development Corp,7454.0,18,10,4,6,5,4,5,52,-22.0,30.0,Poor,Stay away,69,1.7,3.5,2.2,68.2,0,,Financial Services,74358416.0,510.54
PAWH,Pennsylvania Warehousing Safe Deposit,13000,15,6,10,6,6,2,3,48,-23.0,30.0,Poor,🔥 COILED: Stay away,48,0.0,0.0,0.8,100.0,0,,Industrials,nan,0.02
SFTBY,SoftBank Group Corp,21.66,12,3,2,15,3,3,5,43,-14.0,29.0,Poor,Stay away,47,-8.4,7.3,-1.8,51.4,0,,Communication Services,246877372416.0,2584833.0
NOV,NOV Inc.,20.14,12,5,3,13,3,6,5,47,-18.0,29.0,Poor,Stay away,57,0.9,-3.5,-1.6,47.8,0,,Energy,7228013568.0,4369389.5
WRB-PE,W. R. Berkley Corporation 5.70% SB DB 2058,21.495,2,6,7,10,0,1,3,29,0.0,29.0,Poor,Stay away,18,-1.3,0.4,-0.6,43.5,0,,Other,2631580672.0,11444.52
DLR-P-K,Digital Realty Trust Inc 5850 Series K Cumulative Redeemable Preferred Stock par value 001 per share,22.5,2,6,6,10,1,1,3,29,0.0,29.0,Poor,Stay away,19,-1.3,0.0,-0.8,40.8,0,,Other,nan,20930.46
ZIM,ZIM Integrated Shipping Services Ltd,25.24,8,12,5,1,4,2,2,34,-8.0,29.0,Poor,Stay away,55,7.4,0.4,-0.1,48.3,1,,Industrials,3041912064.0,3685312.81
HIPO,Hippo Holdings Inc,24.82,1,10,3,7,4,2,2,29,2.0,29.0,Poor,Stay away,15,-4.1,-4.4,-4.0,38.8,0,,Financial Services,646211456.0,153422.04
FLNG,FLEX LNG Ltd,29.77,4,6,1,7,7,4,2,31,0.0,29.0,Poor,Stay away,48,0.0,-8.0,-3.8,37.0,0,,Energy,1610330112.0,483819.0
PBT,Permian Basin Royalty Trust,28.47,13,3,2,13,5,2,5,43,-14.0,29.0,Poor,Stay away,59,1.7,-5.0,1.5,55.2,0,,Energy,1326952448.0,119436.5
DNMDX,DUNHAM MONTHLY DISTRIBUTION FUND DUNHAM MONTHLY DISTRIBUTION FUND CLASS N,28.8,4,5,0,8,0,4,3,24,2.0,29.0,Poor,Stay away,30,0.5,-0.9,-0.3,41.7,0,,nan,0.0,0.0
CFWAX,CALVERT GLOBAL WATER FUND CLASS A,29.99,7,4,7,7,3,1,2,31,-5.0,29.0,Poor,Stay away,23,-1.1,0.1,-0.9,44.5,0,,nan,0.0,0.0
MIGDX,MASSACHUSETTS INVESTORS GROWTH STOCK FUND C,28.86,5,3,4,7,3,1,3,26,0.0,29.0,Poor,Stay away,30,-2.4,-0.7,-1.2,45.5,0,,nan,0.0,0.0
IPLIX,VOYA INDEX PLUS LARGECAP PORTFOLIO CLASS I,29.59,3,5,2,7,2,5,2,26,0.0,29.0,Poor,Stay away,26,-2.5,-0.6,-2.4,38.1,0,,nan,0.0,0.0
UNPIX,ULTRAINTERNATIONAL PROFUND ULTRAINTERNATIONAL PROFUND INVESTOR CLASS,28.4,6,3,7,7,3,5,3,34,-10.0,29.0,Poor,🔥 COILED: Stay away,36,-5.1,-4.2,-3.3,43.9,0,,nan,0.0,0.0
IPLSX,VOYA INDEX PLUS LARGECAP PORTFOLIO CLASS S,29.09,3,5,2,7,2,5,2,26,0.0,29.0,Poor,Stay away,24,-2.5,-0.6,-2.4,38.1,0,,nan,0.0,0.0
PRZZX,Putnam Retirement Ready 2040 Cl Y Shs,32.93,8,4,2,7,3,2,3,29,-5.0,29.0,Poor,🔥 COILED: Stay away,52,-1.7,-0.4,-0.7,47.9,0,,nan,0.0,0.0
JSEPX,JPMORGAN SMALL CAP EQUITY FUND CLASS R3,33.85,8,4,8,7,3,1,3,34,-10.0,29.0,Poor,🔥 COILED: Stay away,32,-1.6,-1.1,-1.1,46.4,0,,nan,0.0,0.0
PREHX,Putnam RetirementReady 2040 Fund Class R,33.04,8,4,2,7,3,2,3,29,-5.0,29.0,Poor,🔥 COILED: Stay away,52,-1.7,-0.5,-0.7,48.0,0,,nan,0.0,0.0
PREKX,Putnam RetirementReady 2045 Fund Class R,33.55,8,4,2,7,3,2,3,29,-5.0,29.0,Poor,🔥 COILED: Stay away,52,-2.0,-0.6,-0.8,47.9,0,,nan,0.0,0.0
VICE,AdvisorShares Vice ETF,32.65,3,11,5,11,6,1,3,40,-11.0,29.0,Poor,Stay away,37,-1.3,-1.1,-1.1,44.6,0,,nan,nan,532.29
PAAUX,Putnam RetirementReady 2040 Fund Class R3 Shares,32.96,8,4,2,7,3,2,3,29,-5.0,29.0,Poor,🔥 COILED: Stay away,52,-1.7,-0.5,-0.7,47.9,0,,nan,nan,0.0
AUGP,PGIM US Large-Cap Buffer 12 ETF - August,32.714,13,2,5,9,3,1,4,37,-8.0,29.0,Poor,Stay away,61,-0.5,0.6,0.2,58.7,0,,nan,nan,2513.3
MIRGX,MASSACHUSETTS INVESTORS GROWTH STOCK FUND R2,38.25,5,3,4,7,3,1,3,26,0.0,29.0,Poor,Stay away,30,-2.4,-0.7,-1.2,45.6,0,,nan,0.0,0.0
AIGOX,ALGER GROWTH & INCOME PORTFOLIO ALGER GROWTH & INCOME PORTFOLIO CLASS I-2,39.13,11,4,4,7,3,1,4,34,-10.0,29.0,Poor,🔥 COILED: Stay away,48,-2.4,-0.4,-0.7,50.3,0,,nan,0.0,0.0
DQICX,DREYFUS EQUITY INCOME FUND CLASS C,38.95,8,4,4,7,3,4,4,34,-10.0,29.0,Poor,🔥 COILED: Stay away,53,-2.4,-1.2,-1.0,48.0,0,,nan,0.0,0.0
DQIAX,DREYFUS EQUITY INCOME FUND CLASS A,39.7,8,4,4,7,3,4,4,34,-10.0,29.0,Poor,🔥 COILED: Stay away,53,-2.4,-1.2,-1.0,48.0,0,,nan,0.0,0.0
MIGHX,MASSACHUSETTS INVESTORS GROWTH STOCK FUND R3,39.49,5,3,4,7,3,1,3,26,0.0,29.0,Poor,Stay away,30,-2.5,-0.7,-1.2,45.6,0,,nan,0.0,0.0
DQIRX,DREYFUS EQUITY INCOME FUND CLASS I,39.81,8,4,4,7,3,4,4,34,-10.0,29.0,Poor,🔥 COILED: Stay away,53,-2.4,-1.2,-1.0,48.1,0,,nan,0.0,0.0
NAIGX,NUVEEN NWQ INTERNATIONAL VALUE FUND NUVEEN NWQ INTERNATIONAL VALUE FUND - CLASS A,38.93,6,3,8,7,3,6,3,36,-10.0,29.0,Poor,Stay away,38,-2.3,-1.7,-1.6,43.2,0,,nan,0.0,0.0
LOGBX,SCHARF BALANCED OPPORTUNITY FUND RETAIL CLASS,39.08,4,3,6,7,3,0,3,26,0.0,29.0,Poor,Stay away,39,-1.3,-0.5,-0.7,45.5,0,,nan,0.0,0.0
PLDR,Putnam Sustainable Leaders ETF,38.056,8,3,3,12,3,4,3,36,-10.0,29.0,Poor,Stay away,52,-2.4,-0.7,-0.9,48.4,0,,nan,nan,90235.99
EQH,Axa Equitable Holdings Inc,40.8,7,10,5,5,7,2,2,38,-10.0,29.0,Poor,Stay away,26,-1.3,-4.0,-1.2,47.2,2,,Financial Services,11485990912.0,3376404.68
DFCSX,CONTINENTAL SMALL COMPANY PORTFOLIO CONTINENTAL SMALL COMPANY PORTFOLIO - INSTITUTIONAL CLASS,40.19,8,3,5,7,3,5,3,34,-10.0,29.0,Poor,🔥 COILED: Stay away,47,-3.5,-1.5,-1.5,44.7,0,,nan,0.0,0.0
XUTGX,Reaves Utility Income Fund,41.3,6,3,0,7,3,3,2,24,0.0,29.0,Poor,🔥 COILED: Stay away,41,-2.6,-2.9,-2.6,43.4,0,,Other,0.0,0.0
OMCL,Omnicell Inc,43.0,12,9,9,4,5,2,3,44,-18.0,29.0,Poor,Stay away,47,-2.6,-1.7,0.1,52.1,0,,Healthcare,1955593088.0,552491.26
NEAMX,NEIMAN LARGE CAP VALUE FUND CLASS A SHARES,42.25,8,4,4,7,3,4,4,34,-10.0,29.0,Poor,🔥 COILED: Stay away,53,-1.5,-0.7,-0.8,48.8,0,,nan,0.0,0.0
MGTIX,MASSACHUSETTS INVESTORS GROWTH STOCK FUND I,42.41,5,3,4,7,3,1,3,26,0.0,29.0,Poor,Stay away,34,-2.4,-0.7,-1.2,45.7,0,,nan,0.0,0.0
OGICX,Oppenheimer Global Growth & Income Fd C,43.85,10,4,3,7,3,4,3,34,-10.0,29.0,Poor,🔥 COILED: Stay away,51,-1.9,-0.7,-1.2,47.1,0,,nan,0.0,0.0
ASHS,Xtrackers Harvest CSI 500 China-A Shares Small Cap ETF,43.58,5,5,2,11,3,1,2,29,0.0,29.0,Poor,Stay away,49,-2.7,-3.7,-3.1,41.3,0,,nan,nan,16770.42
NEIMX,NEIMAN LARGE CAP VALUE FUND NO-LOAD SHARES,42.25,8,4,4,7,3,4,4,34,-10.0,29.0,Poor,🔥 COILED: Stay away,53,-1.5,-0.7,-0.8,48.8,0,,nan,0.0,0.0
GMLPX,GOLDMAN SACHS MLP ENERGY INFRASTRUCTURE FUND INSTITUTIONAL SHARES,43.08,6,4,0,9,2,7,3,31,-5.0,29.0,Poor,Stay away,44,1.5,-4.7,-1.5,43.7,0,,nan,0.0,0.0
STLYX,SIMT TAX-MANAGED LARGE CAP FUND CLASS Y,43.56,11,4,3,7,3,5,4,37,-8.0,29.0,Poor,Stay away,55,-1.3,0.3,-0.1,52.8,0,,nan,0.0,0.0
XDEC,First Trust Exchange-Traded Fund VIII - FT Cboe Vest U.S. Equity Enhance & Moderate Buffer ETF - Dec,42.506,13,5,3,11,3,2,3,40,-11.0,29.0,Poor,Stay away,58,-0.6,0.0,-0.0,55.8,0,,nan,nan,14703.26
JANT,AIM ETF Products Trust - AllianzIM U.S. Large Cap Buffer10 Jan ETF,43.533,11,3,4,13,3,4,3,41,-12.0,29.0,Poor,Stay away,61,-1.1,-0.1,-0.2,53.0,0,,nan,nan,21700.34
BAMG,Brookstone Growth Stock ETF,42.923,11,5,3,13,3,1,4,40,-11.0,29.0,Poor,Stay away,57,-2.6,1.0,-0.2,53.9,0,,nan,nan,28879.21
XOMX,Direxion Daily XOM Bull 2X Shares,42.501,2,4,2,10,0,6,5,29,2.0,29.0,Poor,Stay away,41,5.9,-7.4,-2.5,46.1,1,,nan,nan,28593.0
ERIE,Erie Indemnity Company,227.22,10,14,4,3,4,2,5,42,-11.0,29.0,Poor,Stay away,22,6.6,1.1,3.6,55.5,0,,Financial Services,11881304064.0,183656.0
VAW,Vanguard Materials Index Fund ETF Shares,227.85,8,8,4,8,3,3,3,37,-8.0,29.0,Poor,Stay away,39,-2.0,0.5,-1.5,44.0,0,,nan,nan,64906.23
FNSLPX,FNSLPX,227.46,7,6,10,6,0,4,3,36,-10.0,29.0,Poor,Stay away,31,-0.0,0.0,-0.0,34.7,0,,nan,nan,0.0
STLD,Steel Dynamics Inc,268.5,17,4,4,15,3,3,5,51,-22.0,29.0,Poor,Stay away,70,3.2,15.8,7.0,70.4,2,,Basic Materials,38721130496.0,1246364.5
BELFB,Bel Fuse B Inc,262.56,9,6,2,11,3,0,2,33,-4.0,29.0,Poor,Stay away,47,-4.4,0.8,-2.9,46.9,0,,Technology,3734313984.0,181380.5
STX,Seagate Technology PLC,847.47,15,3,4,14,3,2,5,46,-17.0,29.0,Poor,Stay away,56,-3.7,4.6,2.0,57.9,0,,Technology,190027333632.0,4174522.25
TIGAEX,TIGAEX,873.85,3,11,2,8,0,3,2,29,0.0,29.0,Poor,Stay away,24,0.0,0.0,-1.0,3.1,0,,nan,nan,0.0
AIGAFX,AIGAFX,921.59,5,6,11,6,1,2,3,34,-10.0,29.0,Poor,🔥 COILED: Stay away,38,-0.0,0.0,-0.0,44.7,0,,nan,nan,0.0
FIX,Comfort Systems USA Inc,1843.94,10,5,1,6,5,7,2,36,-10.0,29.0,Poor,Stay away,55,0.9,0.5,-0.8,50.2,0,,Industrials,64877125632.0,466082.0
MDU,MDU Resources Group Inc,21.36,4,11,1,3,8,6,2,35,-8.0,28.0,Poor,Stay away,48,1.3,-2.2,-1.2,44.7,1,,Utilities,4464368640.0,2123004.24
SHAOF,SHIMAMURA Co. Ltd,21.488,7,3,10,6,3,3,3,35,-10.0,28.0,Poor,Stay away,27,0.0,0.0,-0.4,32.7,0,,Consumer Cyclical,4461361152.0,8.5
PMDKY,Mitra Adiperkasa Tbk PT ADR,20.43,6,4,8,6,4,2,3,33,-10.0,28.0,Poor,🔥 COILED: Stay away,35,0.0,0.0,0.0,50.0,0,,Consumer Cyclical,1695681664.0,7.1
FLUIF,Fluidra S.A,25.19,4,3,9,6,3,7,3,35,-10.0,28.0,Poor,Stay away,18,0.0,0.0,-0.7,0.7,0,,Consumer Cyclical,4783128576.0,132.31
FRMEP,First Merchants Corporation Depository Shares,25.06,7,6,2,11,0,3,3,32,-4.0,28.0,Poor,Stay away,14,-0.2,0.0,-0.7,34.8,0,,Financial Services,2420000000.0,910.5
ATLCP,Atlanticus Holdings Corp Preferred,24.308,9,10,3,6,6,2,4,40,-13.0,28.0,Poor,Stay away,57,0.4,0.5,1.3,56.9,0,,Financial Services,619017900.0,5904.0
UPST,Upstart Holdings Inc,29.74,4,5,3,13,3,0,4,32,-4.0,28.0,Poor,Stay away,23,-12.0,3.1,-3.3,47.2,0,,Financial Services,2846461952.0,5683272.59
LRCDF,Laurentian Bank of Canada,29.1,2,3,7,7,0,6,3,28,0.0,28.0,Poor,Stay away,47,-0.2,-0.9,-0.3,34.8,0,,Financial Services,1303480448.0,0.0
LBRX,LB Pharmaceuticals Inc Common Stock,28.53,6,12,4,4,7,6,2,41,-13.0,28.0,Poor,Stay away,54,2.0,1.9,-0.6,48.5,2,,Healthcare,818144896.0,0.0
LMIYX,LORD ABBETT MICRO-CAP GROWTH FUND CLASS I,29.19,10,4,1,7,3,5,3,33,-10.0,28.0,Poor,🔥 COILED: Stay away,41,-4.7,-0.3,-1.8,48.5,0,,nan,0.0,0.0
FDETX,FIDELITY ADVISOR CAPITAL DEVELOPMENT FUND CLASS O,29.77,8,4,6,7,3,2,3,33,-10.0,28.0,Poor,🔥 COILED: Stay away,48,-1.9,-1.0,-0.8,47.7,0,,nan,0.0,0.0
VSCOX,JPMORGAN DYNAMIC SMALL CAP GROWTH FUND CLASS A,29.47,12,4,2,7,3,2,3,33,-10.0,28.0,Poor,🔥 COILED: Stay away,48,-2.2,-0.1,-0.6,50.1,0,,nan,0.0,0.0
FDEIX,FIDELITY ADVISOR CAPITAL DEVELOPMENT FUND FIDELITY ADVISOR CAPITAL DEVELOPMENT FUND: CLASS I,29.88,8,4,6,7,3,2,3,33,-10.0,28.0,Poor,🔥 COILED: Stay away,48,-1.9,-1.0,-0.8,47.7,0,,nan,0.0,0.0
DIAMX,DIAMOND HILL LONG-SHORT FUND DIAMOND HILL LONG-SHORT FUND CLASS A,29.22,2,7,3,6,5,5,3,31,-8.0,28.0,Poor,🔥 COILED: Stay away,29,-0.2,-0.9,-0.5,45.0,0,,nan,0.0,0.0
POLIX,POLEN GROWTH FUND INSTITUTIONAL CLASS,32.47,6,4,1,7,3,1,3,25,0.0,28.0,Poor,Stay away,29,-4.2,-0.4,-1.4,47.1,0,,nan,0.0,0.0
FGD,First Trust Dow Jones Global Select Dividend Index Fund,33.13,7,5,8,11,3,5,3,42,-14.0,28.0,Poor,Stay away,50,-2.1,-2.3,-1.4,42.3,0,,nan,nan,205237.31
CAGIX,Calvert Aggressive Allocation Fund Class,32.06,11,4,2,7,3,6,3,36,-8.0,28.0,Poor,Stay away,51,-2.2,0.1,-0.6,50.5,0,,nan,0.0,0.0
DSCGX,DFA - U.S. Small Cap Growth Port,32.62,14,5,3,7,3,5,3,40,-15.0,28.0,Poor,Stay away,46,-0.8,1.4,-0.1,51.5,0,,nan,0.0,0.0
JSVQX,JPMORGAN SMALL CAP VALUE FUND CLASS R4,32.53,11,4,2,7,3,5,3,35,-10.0,28.0,Poor,Stay away,49,-1.6,0.1,-0.6,49.7,0,,nan,0.0,0.0
SXQG,6 Meridian Quality Growth ETF,32.092,8,3,4,12,3,6,4,40,-8.0,28.0,Poor,Stay away,50,-1.6,0.2,0.1,52.4,0,,nan,nan,2919.69
CGARX,Calvert Responsible Index Series Inc. - Growth Allocation Fund,32.04,11,4,2,7,3,6,3,36,-8.0,28.0,Poor,Stay away,51,-2.2,0.1,-0.6,50.5,0,,nan,nan,0.0
PSCX,Pacer Swan SOS Conservative (January) ETF,32.364,11,4,4,14,3,1,3,40,-12.0,28.0,Poor,Stay away,51,-0.8,-0.1,-0.1,53.5,0,,nan,nan,3602.08
RUNN,Running Oak Efficient Growth ETF,32.565,8,14,6,7,5,3,3,46,-18.0,28.0,Poor,Stay away,24,-0.4,0.7,-0.2,48.4,0,,nan,nan,43036.74
CBAF,Citba Financial Corp,39.0,2,4,5,10,0,4,3,28,0.0,28.0,Poor,Stay away,37,-0.0,-0.2,-0.7,32.2,0,,Financial Services,61615904.0,0.0
PGIOX,Putnam Global Industrials Fund R Shs,38.91,8,4,5,7,3,3,3,33,-10.0,28.0,Poor,🔥 COILED: Stay away,53,-2.9,-1.0,-1.1,47.9,0,,nan,0.0,0.0
XTYCX,Tri-Continental Corp,38.89,11,4,3,7,3,4,4,36,-8.0,28.0,Poor,Stay away,55,-1.4,0.2,-0.1,52.7,0,,Other,0.0,0.0
GXG,Global X MSCI Colombia ETF,39.85,13,5,1,5,3,1,5,33,-10.0,28.0,Poor,🔥 COILED: Stay away,48,1.8,7.5,1.7,54.9,0,,nan,nan,117782.44
VFSAX,VICTORY SELECT FUND CLASS A,38.16,5,2,4,7,3,5,2,28,0.0,28.0,Poor,Stay away,40,-3.9,-2.3,-2.6,38.8,0,,nan,0.0,0.0
FPTIX,Fidelity Advisor 529 High Income Portfolio,38.8,13,4,3,7,3,2,3,35,-10.0,28.0,Poor,Stay away,45,-0.4,0.2,-0.0,53.1,0,,Other,nan,0.0
COWG,Pacer US Large Cap Cash Cows Growth Leaders ETF,38.015,12,3,3,14,3,0,4,39,-11.0,28.0,Poor,Stay away,55,-2.3,0.9,-0.4,52.0,0,,nan,nan,559186.71
USSE,Segall Bryant & Hamill Trust,39.321,15,3,3,15,3,7,4,50,-22.0,28.0,Poor,Stay away,55,-0.7,0.9,0.3,55.1,0,,nan,nan,31658.31
DYNB,Hartford Dynamic Bond ETF,39.139,6,6,1,7,0,2,3,25,0.0,28.0,Poor,Stay away,15,-0.5,-0.1,-0.4,41.3,0,,nan,nan,0.0
COLO,Global X Funds - Global X MSCI Colombia ETF,39.85,13,5,1,5,3,1,5,33,-10.0,28.0,Poor,🔥 COILED: Stay away,48,1.8,7.5,1.7,54.9,0,,nan,nan,121176.7
UNCRY,UniCredit SpA ADR,41.76,11,4,6,12,3,2,4,42,-14.0,28.0,Poor,Stay away,50,-2.5,0.3,-0.4,51.2,0,,Financial Services,125136117760.0,331116.39
GALDY,GALDERMA GROUP AG,40.45,10,7,5,3,5,3,2,35,-10.0,28.0,Poor,Stay away,53,-5.1,-0.3,-1.3,47.1,0,,Healthcare,47441526784.0,179146.95
DAVPX,DAVENPORT CORE FUND DAVENPORT CORE FUND,40.34,12,4,3,7,3,5,4,38,-15.0,28.0,Poor,🔥 COILED: Stay away,56,-0.9,0.4,0.1,54.0,0,,nan,0.0,0.0
MGIBX,MFS INTERNATIONAL VALUE FUND B,41.89,4,3,5,7,3,0,3,25,0.0,28.0,Poor,Stay away,37,-2.8,-2.0,-1.7,43.3,0,,nan,0.0,0.0
PGIAX,PNC Fds Gr and Incm Fd Cl A,40.21,8,4,5,7,3,3,3,33,-10.0,28.0,Poor,🔥 COILED: Stay away,53,-2.9,-1.0,-1.1,48.0,0,,nan,0.0,0.0
PGWTX,Putnam Focused Equity Fund Class R6 Shares,42.01,8,4,5,7,3,3,3,33,-10.0,28.0,Poor,🔥 COILED: Stay away,53,-2.9,-1.0,-1.1,48.0,0,,nan,nan,0.0
FSEC,Fidelity Investment Grade Securitized ETF,43.58,5,5,1,11,1,2,3,28,0.0,28.0,Poor,Stay away,27,-0.8,-0.4,-0.5,39.6,0,,nan,nan,215438.5
FKACOX,FKACOX,226.44,7,7,3,8,0,4,3,32,-7.0,28.0,Poor,Stay away,37,-0.1,0.3,0.0,48.4,0,,nan,nan,0.0
DDOG,Datadog Inc,234.11,13,3,3,16,3,0,5,43,-15.0,28.0,Poor,Stay away,58,-5.4,7.4,5.8,61.1,0,,Technology,83333840896.0,5212008.24
SLMCX,COLUMBIA SELIGMAN COMMUNICATIONS AND INFORMATION FUND COLUMBIA SELIGMAN COMMUNICATIONS AND INFORMATION FUND CLASS A,230.25,12,4,1,7,3,1,5,33,-10.0,28.0,Poor,🔥 COILED: Stay away,51,-2.1,1.1,-0.0,54.2,0,,nan,0.0,0.0
COR,Cencora Inc.,275.04,5,11,5,6,3,3,5,38,-8.0,28.0,Poor,Stay away,15,2.1,3.6,1.2,49.1,1,,Healthcare,53512073216.0,1518415.53
ESE,ESCO Technologies Inc,292.64,4,9,6,5,9,0,2,35,-8.0,28.0,Poor,Stay away,51,0.3,-0.2,-1.9,44.4,1,,Technology,7581475328.0,242674.0
TIGACX,TIGACX,664.1,3,11,1,8,0,3,2,28,0.0,28.0,Poor,Stay away,21,0.0,0.0,-4.0,0.7,0,,nan,nan,0.0
FKLTIX,FKLTIX,705.33,7,8,3,8,0,4,2,32,-7.0,28.0,Poor,Stay away,40,0.0,0.6,-0.2,35.3,0,,nan,nan,0.0
ZSILF,ZKB Silver ETF,755.0,7,3,8,5,3,6,3,35,-10.0,28.0,Poor,Stay away,37,0.0,0.0,-0.0,19.9,0,,Other,nan,229.0
STRL,Sterling Construction Company Inc,882.43,17,5,2,15,3,2,5,49,-21.0,28.0,Poor,Stay away,67,2.5,20.3,8.2,59.8,2,,Industrials,27078205440.0,583244.76
AIGAGX,AIGAGX,989.6,6,6,9,6,1,2,3,33,-10.0,28.0,Poor,🔥 COILED: Stay away,27,-0.1,0.0,-0.0,44.0,0,,nan,nan,0.0
MTLZF,Metall Zug AG,1525.8,5,4,10,6,3,2,3,33,-10.0,28.0,Poor,🔥 COILED: Stay away,35,0.0,0.0,0.0,50.0,0,,Healthcare,681574912.0,0.04
BHAT,Blue Hat Interactive Entertainment ,1040.0,14,8,3,6,5,5,2,43,-18.0,28.0,Poor,Stay away,43,28.4,-13.7,4.5,51.4,2,,Communication Services,2091312.0,334888.97
DLR-PJ,Digital Realty Trust Inc,20.367,8,6,4,12,3,1,3,37,-10.0,27.0,Poor,Stay away,35,-1.2,0.7,-0.4,46.6,0,,Real Estate,21800062976.0,15261.07
SEKEF,Seiko Epson Corporation,20.2,17,4,6,12,6,4,5,54,-27,27,Poor,Stay away,0,55.4,55.4,31.5,98.3,2,3,Technology,4357817344.0,0.0
MS-PI,Morgan Stanley,25.02,6,6,4,7,3,2,3,31,-4.0,27.0,Poor,Stay away,20,-0.3,-0.1,-0.3,44.4,0,,Financial Services,67151286272.0,60026.15
ALL-PB,The Allstate Corporation,25.76,1,5,2,11,3,2,3,27,0.0,27.0,Poor,Stay away,24,-0.4,-0.6,-0.4,43.1,0,,nan,33303158784.0,20508.93
NEWTI,"NewtekOne, Inc. 8.00% Fixed Rate Senior Notes due 2028",25.25,5,6,3,9,4,2,3,32,-3.0,27.0,Poor,Stay away,39,0.0,-0.6,-0.4,46.0,1,,Other,426240736.0,2595.5
IVSOX,VOYA SMALLCAP OPPORTUNITIES PORTFOLIO CLASS I,29.54,10,4,0,7,3,5,3,32,-10.0,27.0,Poor,🔥 COILED: Stay away,45,-4.1,-1.0,-1.7,47.6,0,,nan,0.0,0.0
PGEOX,GEORGE PUTNAM FUND OF BOSTON CLASS A SHARES,28.61,11,4,2,7,3,4,4,35,-8.0,27.0,Poor,Stay away,52,-1.7,0.0,-0.4,50.8,0,,nan,0.0,0.0
PGPRX,GEORGE PUTNAM FUND OF BOSTON CLASS R SHARES,28.43,11,4,2,7,3,4,4,35,-8.0,27.0,Poor,Stay away,53,-1.7,0.0,-0.4,50.7,0,,nan,0.0,0.0
BOPIX,STERLING CAPITAL SPECIAL OPPORTUNITIES FUND INSTITUTIONAL CLASS,28.94,12,3,3,7,3,3,4,35,-8.0,27.0,Poor,Stay away,56,-0.7,1.5,0.7,56.4,0,,nan,0.0,0.0
RYMHX,INVERSE MID-CAP STRATEGY FUND CLASS H,28.75,6,6,8,6,3,1,4,34,-10.0,27.0,Poor,Stay away,24,-1.1,0.4,-0.3,47.2,0,,nan,0.0,0.0
FCCGX,FIDELITY SMALL CAP GROWTH FUND FIDELITY ADVISOR SMALL CAP GROWTH FUND: CLASS C,28.64,10,4,1,7,3,4,3,32,-10.0,27.0,Poor,🔥 COILED: Stay away,40,-4.2,-1.3,-2.1,45.7,0,,nan,0.0,0.0
PGEYX,GEORGE PUTNAM FUND OF BOSTON CLASS Y SHARES,28.8,11,4,2,7,3,4,4,35,-8.0,27.0,Poor,Stay away,53,-1.6,0.1,-0.3,51.1,0,,nan,0.0,0.0
DNVYX,DAVIS NEW YORK VENTURE FUND CLASS Y,33.4,8,4,9,7,3,5,3,39,-15.0,27.0,Poor,Stay away,56,-0.8,-0.7,-0.6,48.9,0,,nan,0.0,0.0
GTCSX,SMALL CAP EQUITY PORTFOLIO ADVISOR,32.57,16,5,4,7,3,1,3,39,-15.0,27.0,Poor,Stay away,52,-0.1,1.7,0.8,56.6,0,,nan,0.0,0.0
APHIX,ARTISAN INTERNATIONAL FUND INSTITUTIONAL SHARES,33.24,2,2,6,7,3,5,2,27,0.0,27.0,Poor,Stay away,31,-3.6,-3.8,-3.2,35.6,0,,nan,0.0,0.0
SAA,ProShares Ultra SmallCap600,32.67,13,3,3,15,3,5,3,45,-18.0,27.0,Poor,Stay away,58,-1.3,2.2,-0.1,51.7,0,,nan,nan,8442.39
UCIB,UBS AG London Branch ELKS 1,33.67,6,6,0,9,1,0,2,24,0.0,27.0,Poor,Stay away,43,-2.7,-4.2,-3.1,44.9,0,,nan,nan,1933.39
FGRTX,FIDELITY MEGA CAP STOCK FUND FIDELITY MEGA CAP STOCK FUND,33.79,8,4,5,7,3,2,3,32,-10.0,27.0,Poor,🔥 COILED: Stay away,52,-2.1,-1.3,-1.0,47.0,0,,nan,0.0,0.0
APDIX,ARTISAN INTERNATIONAL FUND ADVISOR SHARES,32.77,2,2,6,7,3,5,2,27,0.0,27.0,Poor,Stay away,31,-3.6,-3.8,-3.2,35.5,0,,nan,0.0,0.0
FZALX,FIDELITY MEGA CAP STOCK FUND FIDELITY ADVISOR MEGA CAP STOCK FUND: CLASS Z,33.56,8,4,5,7,3,2,3,32,-10.0,27.0,Poor,🔥 COILED: Stay away,52,-2.0,-1.3,-1.0,47.1,0,,nan,0.0,0.0
CHGX,Change Finance Diversified Imp US Large Cap Fossil Fuel Free,32.32,14,3,3,13,3,5,5,46,-15.0,27.0,Poor,⚠️ EXHAUSTION RISK: Stay away,59,-1.6,2.6,0.9,58.9,0,,nan,nan,11152.79
SRVR,Pacer Benchmark Data & Infrastructure Real Estate SCTR,33.81,6,6,4,9,3,5,2,35,-8.0,27.0,Poor,Stay away,49,-2.6,-1.6,-1.8,44.6,0,,nan,nan,96680.38
HLGZX,HARDING LOEVNER GLOBAL EQUITY PORTFOLIO INSTITUTIONAL CLASS Z,32.36,6,4,5,7,3,1,3,29,-5.0,27.0,Poor,Stay away,27,-2.6,-0.9,-1.4,45.3,0,,nan,nan,0.0
QLVD,FlexShares Developed Markets ex-US Quality Low Volatility Index Fund,32.509,3,3,5,8,2,3,3,27,0.0,27.0,Poor,Stay away,24,-1.7,-2.8,-1.5,39.2,0,,nan,nan,3403.63
KRBN,KraneShares Global Carbon ETF,32.51,7,3,3,10,3,1,4,31,0.0,27.0,Poor,Stay away,42,-3.2,2.0,-0.2,52.4,0,,nan,nan,34156.16
HEQT,Simplify Hedged Equity ETF,33.22,9,4,6,12,3,1,3,38,-11.0,27.0,Poor,Stay away,52,-0.7,-0.1,-0.2,52.2,0,,nan,nan,76547.14
JAFSX,John Hancock Variable Insurance Trust - Science & Technology Trust,33.35,8,4,1,7,3,4,5,32,-10.0,27.0,Poor,🔥 COILED: Stay away,43,-7.4,-1.7,-3.3,47.9,0,,nan,nan,0.0
TDVI,FT Vest Technology Dividend Target Income ETF,32.4,13,3,1,13,3,0,5,38,-11.0,27.0,Poor,Stay away,53,-5.2,3.2,-0.8,51.7,0,,nan,nan,103404.0
IDEC,Innovator ETFs Trust,33.635,8,4,8,12,3,1,3,39,-8.0,27.0,Poor,Stay away,47,-1.4,-1.0,-0.8,45.3,0,,nan,nan,10639.09
SIXP,AIM ETF Products Trust,33.44,11,2,6,13,3,2,3,40,-13.0,27.0,Poor,Stay away,45,-0.6,0.1,0.1,57.4,0,,nan,nan,115745.0
CLBEX,AMERICAN BALANCED FUND CLASS 529-E,39.98,8,4,5,7,3,2,3,32,-10.0,27.0,Poor,🔥 COILED: Stay away,48,-2.0,-0.5,-0.8,47.7,0,,nan,0.0,0.0
RLBCX,AMERICAN BALANCED FUND CLASS R-3,39.81,8,4,5,7,3,2,3,32,-10.0,27.0,Poor,🔥 COILED: Stay away,48,-2.0,-0.5,-0.8,47.7,0,,nan,0.0,0.0
HSUAX,RATIONAL DEFENSIVE GROWTH FUND CLASS A SHARES,38.45,6,4,0,7,3,1,3,24,0.0,27.0,Poor,Stay away,37,-3.0,-0.6,-0.8,48.7,0,,nan,0.0,0.0
CLBFX,AMERICAN BALANCED FUND CLASS 529-F-1,39.96,8,4,5,7,3,2,3,32,-10.0,27.0,Poor,🔥 COILED: Stay away,48,-2.0,-0.5,-0.8,47.7,0,,nan,0.0,0.0
FCIGX,FIDELITY SMALL CAP GROWTH FUND FIDELITY ADVISOR SMALL CAP GROWTH FUND: CLASS I,39.94,10,4,1,7,3,4,3,32,-10.0,27.0,Poor,🔥 COILED: Stay away,45,-4.2,-1.2,-2.1,45.9,0,,nan,0.0,0.0
BALCX,AMERICAN BALANCED FUND CLASS C,39.71,8,4,5,7,3,2,3,32,-10.0,27.0,Poor,🔥 COILED: Stay away,52,-2.0,-0.5,-0.8,47.5,0,,nan,0.0,0.0
RLBAX,AMERICAN BALANCED FUND CLASS R-1,39.65,8,4,5,7,3,2,3,32,-10.0,27.0,Poor,🔥 COILED: Stay away,52,-2.0,-0.5,-0.8,47.4,0,,nan,0.0,0.0
AUIYX,AB EQUITY INCOME FUND INC ADVISOR CLASS,39.35,11,4,4,7,3,2,4,35,-8.0,27.0,Poor,Stay away,50,-1.4,0.5,-0.2,52.7,0,,nan,0.0,0.0
RLBBX,AMERICAN BALANCED FUND CLASS R-2,39.7,8,4,5,7,3,2,3,32,-10.0,27.0,Poor,🔥 COILED: Stay away,52,-2.0,-0.5,-0.8,47.5,0,,nan,0.0,0.0
FCPGX,FIDELITY SMALL CAP GROWTH FUND FIDELITY SMALL CAP GROWTH FUND,39.85,10,4,1,7,3,4,3,32,-10.0,27.0,Poor,🔥 COILED: Stay away,45,-4.2,-1.2,-2.1,45.9,0,,nan,0.0,0.0
PLBBX,PLUMB BALANCED FUND PLUMB BALANCED FUND,39.67,10,4,4,7,3,1,3,32,-10.0,27.0,Poor,🔥 COILED: Stay away,45,-1.8,-0.3,-0.8,48.1,0,,nan,0.0,0.0
RAMHX,AMERICAN BALANCED FUND CLASS R-2E,39.84,8,4,5,7,3,2,3,32,-10.0,27.0,Poor,🔥 COILED: Stay away,48,-2.0,-0.5,-0.8,47.5,0,,nan,0.0,0.0
CRTC,Xtrackers US National Critical Technologies ETF,38.552,8,4,3,15,3,1,4,38,-11.0,27.0,Poor,Stay away,50,-3.3,-0.0,-1.1,48.0,0,,nan,nan,12249.5
ACES,ALPS Clean Energy,38.13,8,6,1,13,3,2,5,38,-11.0,27.0,Poor,Stay away,51,-9.1,-0.8,-3.4,47.0,0,,nan,nan,68604.0
HNRIX,Hennessy BP Energy Fund - Institutional Class,38.61,4,4,1,7,0,7,4,27,-5.0,27.0,Poor,🔥 COILED: Stay away,49,1.4,-3.3,-1.7,44.5,0,,nan,nan,0.0
PLIBX,Plumb Balanced Fund Institutional Shares,39.67,10,4,4,7,3,1,3,32,-10.0,27.0,Poor,🔥 COILED: Stay away,45,-1.7,-0.3,-0.8,48.2,0,,nan,nan,0.0
NBDS,Neuberger Berman Disrupters ETF,38.921,11,2,1,12,3,4,5,38,-11.0,27.0,Poor,Stay away,48,-5.3,0.3,-1.0,51.6,0,,nan,nan,2625.37
JANW,AIM ETF Products Trust - AllianzIM U.S. Large Cap Buffer20 Jan ETF,38.39,12,3,3,14,3,1,3,39,-12.0,27.0,Poor,Stay away,55,-0.6,-0.1,-0.1,53.5,0,,nan,nan,56600.37
IQSM,Iq Candriam ESG U.S. Mid Cap Equity ETF,38.059,15,4,3,14,3,6,4,49,-18.0,27.0,Poor,Stay away,65,-0.7,1.4,0.3,54.0,0,,nan,nan,16658.29
KMTUY,Komatsu Ltd,40.99,9,4,3,8,0,4,3,31,-4.0,27.0,Poor,Stay away,47,0.0,5.5,-1.2,47.7,1,,Industrials,36953427968.0,161629.84
CLBAX,AMERICAN BALANCED FUND CLASS 529-A,40.02,8,4,5,7,3,2,3,32,-10.0,27.0,Poor,🔥 COILED: Stay away,48,-2.0,-0.5,-0.8,47.7,0,,nan,0.0,0.0
ABALX,American Balanced Fund Class A Sh,40.12,8,4,5,7,3,2,3,32,-10.0,27.0,Poor,🔥 COILED: Stay away,48,-2.0,-0.5,-0.8,47.7,0,,nan,0.0,0.0
IYZ,iShares U.S. Telecommunications ETF,42.58,8,6,1,14,3,2,4,38,-11.0,27.0,Poor,Stay away,50,-4.5,-3.6,-2.6,44.9,0,,nan,443078976.0,1392816.73
MIGNX,MASSACHUSETTS INVESTORS GROWTH STOCK FUND R6,42.52,5,3,2,7,3,1,3,24,0.0,27.0,Poor,Stay away,34,-2.5,-0.7,-1.2,45.7,0,,nan,0.0,0.0
NSCCX,NUVEEN NWQ SMALL-CAP VALUE FUND NUVEEN NWQ SMALL-CAP VALUE FUND - CLASS C,42.64,8,4,4,7,3,3,3,32,-10.0,27.0,Poor,🔥 COILED: Stay away,47,-1.7,-0.7,-0.9,49.4,0,,nan,0.0,0.0
EFAD,ProShares MSCI EAFE Dividend Growers ETF,42.32,11,4,6,8,3,0,3,35,-8.0,27.0,Poor,Stay away,48,-2.0,-1.0,-0.7,47.2,0,,nan,nan,5605.95
ITGRX,IVY GLOBAL GROWTH FUND CLASS N,42.98,8,4,5,7,3,2,3,32,-10.0,27.0,Poor,🔥 COILED: Stay away,48,-2.8,-1.2,-1.4,45.0,0,,nan,0.0,0.0
USML,ETRACS 2x Leveraged MSCI US Minimum Volatility Factor TR ETN,42.657,7,4,2,11,3,1,4,32,-5.0,27.0,Poor,Stay away,44,-1.5,-0.5,-0.3,50.7,0,,nan,nan,228.72
GEMD,Goldman Sachs ETF Trust - Goldman Sachs Access Emerging Markets USD Bond ETF,42.015,8,7,2,12,3,0,3,35,-8.0,27.0,Poor,Stay away,32,-0.9,0.6,-0.2,48.3,0,,nan,nan,4611.5
GSGO,Goldman Sachs Growth Opportunities ETF,43.774,11,3,3,14,3,1,4,39,-12.0,27.0,Poor,Stay away,0,-2.6,0.2,-0.3,53.1,0,,nan,nan,0.0
VPMAX,VANGUARD PRIMECAP FUND ADMIRAL SHARES,222.49,12,4,2,7,3,1,5,34,-15.0,27.0,Poor,🔥 COILED: Stay away,45,-3.4,1.0,-0.2,54.7,0,,nan,0.0,0.0
ADBE,Adobe Systems Incorporated,251.44,10,5,1,13,1,2,3,35,-8.0,27.0,Poor,Stay away,25,-3.0,3.0,-0.1,50.3,0,,Technology,101632049152.0,4938068.2
FJNBMX,The First Trust Combined Series 582: Tax Exempt Municipal Income Trust Intermediate Series 37,637.6,6,6,5,8,0,3,3,31,-7.0,27.0,Poor,Stay away,26,0.0,0.1,-0.3,12.3,0,,nan,nan,0.0
FGERTX,FGERTX,756.93,6,6,3,8,0,3,3,29,-5.0,27.0,Poor,Stay away,24,0.0,0.1,-0.2,10.9,0,,nan,nan,0.0
FRFHF,Fairfax Financial Holdings Ltd,1582.34,6,13,4,2,4,6,2,37,-8.0,27.0,Poor,Stay away,25,1.5,-3.3,-1.1,43.0,1,,Financial Services,32634230784.0,8221.86
EONGY,E.ON SE ADR,21.04,3,11,8,5,2,3,3,35,-8.0,26.0,Poor,Stay away,42,-0.7,-2.9,-1.2,44.9,1,,Utilities,54979162112.0,169903.16
ACAD,ACADIA Pharmaceuticals Inc,21.56,6,14,6,2,7,1,2,38,-12.0,26.0,Poor,Stay away,35,-0.5,1.1,0.3,49.8,1,,Healthcare,3691845376.0,1750858.5
CSTL,Castle Biosciences Inc,21.01,6,6,2,12,2,4,5,37,-11.0,26.0,Poor,Stay away,25,-0.3,2.3,0.2,48.4,2,,Healthcare,637232320.0,401539.32
SEIX,Virtus ETF Trust II - Virtus Seix Senior Loan ETF,23.233,7,13,4,4,5,4,3,40,-14.0,26.0,Poor,Stay away,45,0.1,0.1,-0.1,48.0,1,,nan,nan,116381.0
TGS,Transportadora de Gas del Sur SA ADR,29.51,7,8,3,10,0,0,2,30,-4.0,26.0,Poor,Stay away,38,-5.1,-1.5,-2.8,44.7,0,,Energy,4442795520.0,385527.72
GLPGF,Galapagos NV,28.08,4,3,9,4,3,7,3,33,-10.0,26.0,Poor,Stay away,26,0.0,0.0,-0.7,0.8,0,,Healthcare,3209187584.0,46.0
WWSAX,TETON WESTWOOD SMALL CAP EQUITY FUND CLASS A,28.12,13,4,1,7,3,2,3,33,-10.0,26.0,Poor,Stay away,51,-1.6,1.1,-0.3,51.4,0,,nan,0.0,0.0
PSOAX,JPMORGAN SMALL CAP VALUE FUND CLASS A,28.86,11,4,2,7,3,3,3,33,-10.0,26.0,Poor,Stay away,49,-1.6,0.1,-0.6,49.7,0,,nan,0.0,0.0
HDSIX,HODGES SMALL CAP FUND INSTITUTIONAL CLASS,28.23,14,3,4,7,3,1,4,36,-15.0,26.0,Poor,🔥 COILED: Stay away,57,-1.1,0.9,0.5,56.1,0,,nan,0.0,0.0
TEQCX,TOUCHSTONE SUSTAINABILITY AND IMPACT EQUITY FUND TOUCHSTONE SUSTAINABILITY AND IMPACT EQUITY FUND CLASS C,33.5,12,6,2,7,3,1,3,34,-8.0,26.0,Poor,Stay away,49,-2.1,0.1,-0.8,49.5,0,,nan,0.0,0.0
FISVX,Fidelity Small Cap Value Index Fund,32.7,10,4,0,7,3,6,3,33,-10.0,26.0,Poor,Stay away,49,-1.9,-0.2,-0.7,49.4,0,,nan,nan,0.0
PSMD,Pacer Funds Trust - Pacer Swan SOS Moderate (December) ETF,33.995,11,6,4,8,3,2,3,37,-11.0,26.0,Poor,Stay away,57,-0.8,-0.1,-0.1,53.9,0,,nan,nan,5401.85
PSMJ,Pacer Swan SOS Moderate (July) ETF,33.595,12,4,8,13,3,1,3,44,-14.0,26.0,Poor,Stay away,59,-0.2,0.2,0.2,66.5,0,,nan,nan,1727.87
DGIN,VanEck Digital India ETF,33.646,8,3,4,11,3,3,2,34,-8.0,26.0,Poor,Stay away,24,-2.9,-0.4,-0.9,47.4,0,,nan,nan,4926.09
DECP,PGIM US Large-Cap Buffer 12 ETF - December,32.171,11,6,4,13,3,4,3,44,-18.0,26.0,Poor,Stay away,62,-1.0,-0.0,-0.1,53.5,0,,nan,nan,5813.11
MINFX,MFS INTERNATIONAL VALUE FUND R2,39.57,2,3,5,7,3,0,3,23,0.0,26.0,Poor,Stay away,38,-2.8,-2.0,-1.7,43.4,0,,nan,0.0,0.0
BRLGX,AMERICAN BEACON BRIDGEWAY LARGE CAP GROWTH FUND INSTITUTIONAL CLASS,39.67,12,3,3,7,3,1,5,34,-8.0,26.0,Poor,Stay away,50,-2.2,2.1,0.4,56.0,0,,nan,0.0,0.0
AUIIX,AB EQUITY INCOME FUND INC CLASS I,38.42,11,4,4,7,3,2,3,34,-8.0,26.0,Poor,Stay away,50,-1.4,0.5,-0.2,52.7,0,,nan,0.0,0.0
AUIAX,AB EQUITY INCOME FUND INC CLASS A,38.76,11,4,4,7,3,2,3,34,-8.0,26.0,Poor,Stay away,50,-1.4,0.5,-0.2,52.7,0,,nan,0.0,0.0
OSGIX,JPMORGAN MID CAP GROWTH FUND CLASS A,39.17,8,4,2,7,3,1,3,28,-5.0,26.0,Poor,Stay away,38,-2.7,0.5,-0.8,49.1,0,,nan,0.0,0.0
PEXMX,T. ROWE PRICE EXTENDED EQUITY MARKET INDEX FUND T. ROWE PRICE EXTENDED EQUITY MARKET INDEX FUND,38.91,15,3,2,7,3,0,4,34,-8.0,26.0,Poor,Stay away,50,-1.9,1.4,-0.1,52.3,0,,nan,0.0,0.0
BLYYX,American Beacon Bridgeway Lg Cp Gr Y,39.24,12,3,3,7,3,1,5,34,-8.0,26.0,Poor,Stay away,50,-2.1,2.1,0.4,56.1,0,,nan,0.0,0.0
BLYAX,American Beacon Bridgeway Lg Cp Gr A,38.01,12,3,3,7,3,1,5,34,-8.0,26.0,Poor,Stay away,50,-2.2,2.1,0.4,56.0,0,,nan,0.0,0.0
OBSIX,OBERWEIS SMALL-CAP OPPORTUNITIES FUND INSTITUTIONAL CLASS,39.08,12,4,1,7,3,7,4,38,-15.0,26.0,Poor,Stay away,54,-0.4,0.6,-0.3,51.9,0,,nan,0.0,0.0
BLYRX,AMERICAN BEACON BRIDGEWAY LARGE CAP GROWTH FUND CLASS R6,39.97,12,3,3,7,3,1,5,34,-8.0,26.0,Poor,Stay away,51,-2.2,2.1,0.4,56.1,0,,nan,nan,0.0
WBSRX,William Blair Small Cap Growth Fund,38.4,14,3,2,7,3,0,4,33,-10.0,26.0,Poor,Stay away,50,-1.6,1.5,-0.1,52.0,0,,nan,nan,0.0
XPND,First Trust Expanded Technology ETF,39.465,11,3,1,13,3,1,5,37,-11.0,26.0,Poor,Stay away,53,-3.9,1.0,-0.9,51.1,0,,nan,nan,9760.76
AAPB,GraniteShares ETF Trust - GraniteShares 2x Long Tilray Daily ETF,39.017,16,3,5,15,3,0,5,47,-21.0,26.0,Poor,Stay away,59,-2.9,1.3,2.8,59.6,0,,nan,nan,162394.5
CAML,Congress Large Cap Growth ETF,39.25,8,6,3,14,3,1,3,38,-12.0,26.0,Poor,Stay away,50,-2.4,-0.7,-1.1,47.8,0,,nan,nan,28427.97
SSUMY,Sumitomo Corp ADR,41.59,8,3,2,8,3,4,2,30,-4.0,26.0,Poor,Stay away,47,-5.6,-7.8,-4.8,40.8,0,,Industrials,49704837120.0,90564.37
ARCAY,Arcadis NV,40.0,8,5,7,0,3,1,5,29,-8.0,26.0,Poor,🔥 COILED: Stay away,24,-4.7,-2.9,-0.6,49.5,0,,Industrials,3401912576.0,0.0
NTCT,NetScout Systems Inc,40.59,15,3,2,13,3,2,5,43,-17.0,26.0,Poor,Stay away,56,-2.5,2.9,1.0,56.3,0,,Technology,2901990912.0,567188.01
MAYS,J W Mays Inc,42.04,9,7,5,8,0,5,5,39,-13.0,26.0,Poor,Stay away,39,1.5,-1.1,0.9,51.9,1,,Real Estate,86174592.0,0.0
EALCX,EATON VANCE GROWTH FUND EATON VANCE GROWTH FUND CLASS A,43.08,6,4,6,7,3,2,3,31,-10.0,26.0,Poor,🔥 COILED: Stay away,43,-3.9,-2.3,-2.0,43.3,0,,nan,0.0,0.0
VSEQX,VANGUARD STRATEGIC EQUITY FUND INVESTOR SHARES,42.74,14,3,4,7,3,1,4,36,-15.0,26.0,Poor,🔥 COILED: Stay away,51,-1.0,1.1,0.1,53.8,0,,nan,0.0,0.0
IGIIX,IVY GLOBAL GROWTH FUND CLASS I,42.87,8,4,5,7,3,1,3,31,-10.0,26.0,Poor,🔥 COILED: Stay away,50,-2.7,-1.2,-1.4,45.2,0,,nan,0.0,0.0
HSLRX,THE HARTFORD SMALL CAP GROWTH FUND CLASS R3,42.23,10,4,0,7,3,4,3,31,-10.0,26.0,Poor,🔥 COILED: Stay away,43,-3.5,-0.9,-1.5,48.3,0,,nan,0.0,0.0
HTUS,Capitol Series Trust,43.419,12,2,6,14,3,6,4,47,-21.0,26.0,Poor,Stay away,48,-1.8,-0.7,-0.3,53.0,0,,nan,nan,13217.22
FZAOX,FIDELITY ADVISOR SMALL CAP FUND CLASS Z,42.15,10,4,4,7,3,5,3,36,-15.0,26.0,Poor,🔥 COILED: Stay away,46,-1.6,0.2,-0.8,49.3,0,,nan,0.0,0.0
DFCF,Dimensional Core Fixed Income ETF,42.02,6,8,2,12,1,2,3,34,-8.0,26.0,Poor,Stay away,23,-0.7,0.2,-0.3,43.6,0,,nan,nan,977625.5
LCF,Touchstone ETF Trust - Touchstone US Large Cap Focused ETF,43.528,8,6,7,9,3,0,3,36,-10.0,26.0,Poor,Stay away,54,-2.2,-1.2,-1.0,47.0,0,,nan,nan,1853.94
GMAR,First Trust Exchange-Traded Fund VIII - FT Cboe Vest U.S. Equity Moderate Buffer ETF - March,43.943,10,3,3,14,3,1,3,37,-11.0,26.0,Poor,Stay away,54,-0.6,-0.0,-0.0,55.9,0,,nan,nan,36256.63
LGRO,Level Four Large Cap Growth Active ETF,42.997,12,3,3,15,3,1,4,41,-11.0,26.0,Poor,Stay away,55,-2.5,1.3,-0.0,54.0,0,,nan,nan,10414.0
FDN,First Trust Dow Jones Internet Index Fund,271.79,9,5,3,13,3,1,3,37,-11.0,26.0,Poor,Stay away,51,-4.1,0.0,-0.9,50.0,0,,nan,nan,554970.85
LIAU,Stone Ridge 2060 Inflation-Protected Longevity Income ETF,260.46,5,5,3,7,1,2,3,26,0.0,26.0,Poor,Stay away,36,-0.9,0.7,-0.4,45.9,0,,nan,nan,62.93
DBOEF,Deutsche Börse AG,279.45,4,8,0,10,4,2,2,30,-4.0,26.0,Poor,Stay away,35,-2.5,-5.8,-3.1,43.1,0,,Financial Services,51832684544.0,1290.64
CRWD,Crowdstrike Holdings Inc,671.02,13,3,2,14,3,2,5,42,-16.0,26.0,Poor,Stay away,62,-8.2,3.5,3.1,58.3,1,,Technology,170818093056.0,3265377.57
ACTRAX,ADT 1999 Advisors Corporate Trust - Navellier / Dial High Income Opportunities Portfolio Series 140,654.49,7,6,4,6,0,7,3,33,-10.0,26.0,Poor,Stay away,32,-0.0,0.2,-0.0,46.5,0,,nan,nan,0.0
FWMPJX,FWMPJX,764.22,7,6,5,8,0,4,3,33,-7.0,26.0,Poor,Stay away,29,0.0,0.4,-0.0,35.5,0,,nan,nan,0.0
FSPMIX,FSPMIX,816.2,6,7,3,6,1,7,3,33,-10.0,26.0,Poor,Stay away,28,-0.5,1.2,-0.1,48.7,0,,nan,nan,0.0
MELI,MercadoLibre Inc.,1607.8,4,6,5,11,2,0,2,30,-4.0,26.0,Poor,Stay away,8,-5.2,-4.2,-3.7,41.1,0,,Consumer Cyclical,81510932480.0,537653.5
SKTP,Skytop Lodge Corporation,1625.0,13,7,3,2,4,1,3,33,-12.0,26.0,Poor,🔥 COILED: Stay away,37,0.0,0.0,0.8,67.6,0,,Consumer Cyclical,15960750.0,6.5
AVMPF,AVMPF,21.877,2,4,10,6,3,2,3,30,-10.0,25.0,Poor,🔥 COILED: Stay away,30,0.0,0.0,0.0,50.0,0,,Technology,8587663872.0,0.0
LPPSY,LPP SA,20.41,2,4,10,6,3,2,3,30,-10.0,25.0,Poor,🔥 COILED: Stay away,31,0.0,0.0,0.0,50.0,0,,Consumer Cyclical,7575742464.0,3.3
NAVN,"Navan, Inc. Class A Common Stock",21.2,17,3,5,15,3,7,5,55,-30,25,Poor,Stay away,55,-0.8,14.3,5.8,63.1,3,,Technology,5354114560.0,0.0
CIM-PA,Chimera Investment Corporation 8.00% Series A Cumulative Redeemable Preferred Stock,21.52,3,4,3,10,3,1,3,27,0.0,25.0,Poor,Stay away,34,-2.5,-4.0,-1.7,40.6,0,,Real Estate,3004067584.0,9424.07
MLFNF,Maple Leaf Foods Inc,21.888,14,16,2,4,8,4,4,52,-27.0,25.0,Poor,Stay away,62,3.5,0.2,2.6,56.1,0,,Consumer Defensive,2742438912.0,12553.03
ARQT,Arcutis Biotherapeutics Inc,21.23,7,8,5,10,0,2,4,36,-11.0,25.0,Poor,Stay away,25,-1.1,1.0,-1.1,46.7,1,,Healthcare,2655520000.0,1806767.07
BLRDY,BillerudKorsnäs AB (publ),20.7,2,4,10,6,3,2,3,30,-10.0,25.0,Poor,🔥 COILED: Stay away,30,0.0,0.0,0.0,50.0,0,,Basic Materials,2574096128.0,0.0
KHNRF,"Keihan Holdings Co., Ltd.",20.75,2,4,10,6,3,2,3,30,-10.0,25.0,Poor,🔥 COILED: Stay away,31,0.0,0.0,0.0,50.0,0,,Industrials,2093692544.0,1.5
SAOGF,Seria Co. Ltd,20.61,2,4,10,6,3,2,3,30,-10.0,25.0,Poor,🔥 COILED: Stay away,31,0.0,0.0,0.0,50.0,0,,Consumer Defensive,1291660416.0,1.0
ASGN,ASGN Inc,20.13,7,6,2,12,2,2,2,33,-8.0,25.0,Poor,Stay away,13,-11.2,5.3,-5.2,41.2,0,,Technology,833931008.0,838771.81
EFOR,"Everforth, Inc.",20.13,7,6,2,12,2,2,2,33,-8.0,25.0,Poor,Stay away,13,-11.2,5.3,-5.2,41.2,0,,Technology,825329984.0,839754.03
TRCLF,transcosmos inc,20.39,2,4,10,6,3,2,3,30,-10.0,25.0,Poor,🔥 COILED: Stay away,30,0.0,0.0,0.0,50.0,0,,Technology,764069888.0,0.0
IVR-P-C,INVESCO MORTGAGE CAPITAL INC 7.5% Fixed-to-Floating Series C Cumulative Redeemable Preferred Stock Liquation Preference $25.00 per Share,23.97,4,4,6,13,1,1,3,32,-10.0,25.0,Poor,Stay away,28,-0.8,-0.6,-0.7,45.7,0,,Other,nan,11564.55
FIQGX,FIDELITY EMERGING MARKETS DISCOVERY FUND FIDELITY ADVISOR EMERGING MARKETS DISCOVERY FUND: CLASS Z,22.22,5,3,5,7,3,5,2,30,-10.0,25.0,Poor,🔥 COILED: Stay away,42,-2.5,-2.3,-2.4,41.1,0,,nan,nan,0.0
CORZ,"Core Scientific, Inc. Common Stock",25.85,13,3,4,13,3,2,5,43,-18.0,25.0,Poor,Stay away,58,-3.7,4.1,0.7,54.6,1,,Technology,8217334784.0,13720298.86
GEDSF,Richter Gedeon Vegyészeti Gyár Nyilvánosan Muködo Rt,24.85,2,4,10,6,3,2,3,30,-10.0,25.0,Poor,🔥 COILED: Stay away,30,0.0,0.0,0.0,50.0,0,,Healthcare,4532356608.0,0.0
BOEUF,Bonesupport Holding AB (publ),24.99,8,4,2,3,6,4,3,30,-10.0,25.0,Poor,🔥 COILED: Stay away,47,0.0,-12.5,-1.5,46.8,0,,Healthcare,1645821312.0,147.16
TSDOF,Tessenderlo Group NV,25.18,2,4,10,6,3,2,3,30,-10.0,25.0,Poor,🔥 COILED: Stay away,0,0.0,0.0,0.0,50.0,0,,Basic Materials,1485442304.0,0.0
LUNR,Intuitive Machines Inc. ,29.36,12,5,1,8,3,4,5,38,-13.0,25.0,Poor,Stay away,54,-33.0,-14.3,-15.0,44.1,1,,Industrials,4710879744.0,10881159.0
TOMYF,"TOMY Company, Ltd.",29.37,2,4,10,6,3,2,3,30,-10.0,25.0,Poor,🔥 COILED: Stay away,31,0.0,0.0,0.0,50.0,0,,Consumer Cyclical,2551769088.0,1.0
CBHC,CBC Holding Company,28.4,2,4,10,6,3,2,3,30,-10.0,25.0,Poor,🔥 COILED: Stay away,31,0.0,0.0,0.0,50.0,0,,Financial Services,20187912.0,0.0
TIRTX,TIAA-CREF LARGE-CAP GROWTH FUND RETAIL CLASS,29.86,6,4,7,7,3,0,3,30,-10.0,25.0,Poor,🔥 COILED: Stay away,38,-3.7,-2.1,-1.9,43.5,0,,nan,0.0,0.0
QCLGX,FEDERATED MDT LARGE CAP GROWTH FUND CLASS C SHARES,29.02,8,4,2,7,3,1,3,28,-3.0,25.0,Poor,Stay away,44,-4.0,-0.7,-1.6,46.9,0,,nan,0.0,0.0
ANVIX,ALLIANZGI NFJ LARGE-CAP VALUE FUND INSTITUTIONAL,29.46,14,3,4,9,3,1,4,38,-13.0,25.0,Poor,Stay away,63,-0.1,1.6,0.7,57.8,0,,nan,0.0,0.0
FRMPX,NUVEEN SMALL CAP GROWTH OPPORTUNITIES FUND CLASS A,29.61,10,4,2,7,3,0,4,30,-10.0,25.0,Poor,🔥 COILED: Stay away,45,-2.4,0.3,-0.7,50.3,0,,nan,0.0,0.0
ACFFX,COLUMBIA ACORN INTERNATIONAL SELECT COLUMBIA ACORN INTERNATIONAL SELECT CLASS Z,29.51,8,4,5,7,3,0,3,30,-10.0,25.0,Poor,🔥 COILED: Stay away,41,-2.3,-0.2,-0.9,47.9,0,,nan,0.0,0.0
LAFAX,COLUMBIA ACORN INTERNATIONAL SELECT COLUMBIA ACORN INTERNATIONAL SELECT CLASS A,28.84,8,4,5,7,3,0,3,30,-10.0,25.0,Poor,🔥 COILED: Stay away,41,-2.3,-0.3,-0.9,47.8,0,,nan,0.0,0.0
MGLBX,MARSICO GLOBAL FUND MARSICO GLOBAL FUND,32.38,8,4,2,7,3,0,3,27,-5.0,25.0,Poor,Stay away,42,-3.8,-0.6,-1.3,48.7,0,,nan,0.0,0.0
UMDD,ProShares UltraPro MidCap400,33.44,13,7,2,15,3,0,3,43,-18.0,25.0,Poor,Stay away,54,-2.5,4.0,-0.2,51.8,0,,nan,nan,10302.05
KBA,KraneShares Bosera MSCI China A 50 Connect Index ETF,33.17,7,6,0,9,3,5,3,33,-8.0,25.0,Poor,Stay away,41,-3.4,-0.3,-2.1,45.5,0,,nan,nan,115827.49
GLPCX,GOLDMAN SACHS MLP ENERGY INFRASTRUCTURE FUND CLASS C SHARES,33.61,4,4,0,9,2,3,3,25,-3.0,25.0,Poor,Stay away,42,1.5,-5.2,-1.8,42.6,0,,nan,0.0,0.0
IUENX,JPMORGAN INTERNATIONAL UNCONSTRAINED EQUITY FUND CLASS R6,32.18,8,4,5,7,3,2,3,32,-10.0,25.0,Poor,Stay away,45,-3.5,-2.1,-2.3,43.1,0,,nan,0.0,0.0
PSMO,Pacer Swan SOS Moderate (October) ETF,32.233,12,3,6,13,3,1,3,41,-12.0,25.0,Poor,Stay away,60,-0.7,0.0,0.0,56.3,0,,nan,nan,6934.34
CGXU,Capital Group International Focus Equity ETF,33.54,8,4,2,14,3,1,4,36,-11.0,25.0,Poor,Stay away,52,-3.8,-0.1,-1.5,48.7,0,,nan,nan,762235.0
SJGIX,Steward Large Cap Growth Fund Institutional Class,33.77,11,4,5,7,3,1,4,35,-15.0,25.0,Poor,🔥 COILED: Stay away,49,-2.2,-0.5,-0.7,50.5,0,,nan,nan,0.0
MIGOX,Marsico Global Fund Institutional Class,32.89,8,4,2,7,3,0,3,27,-5.0,25.0,Poor,Stay away,43,-3.8,-0.5,-1.3,48.8,0,,nan,nan,0.0
AETH,Bitwise Trendwise Ethereum & Treasuries Rotation Strategy ETF,32.615,3,4,6,9,0,5,3,30,-5.0,25.0,Poor,Stay away,33,0.1,0.1,-1.0,36.7,0,,nan,nan,2324.25
NRSH,Tidal ETF Trust,32.211,14,3,2,14,3,2,4,42,-13.0,25.0,Poor,Stay away,55,-3.0,3.9,0.4,55.3,0,,nan,nan,2744.99
SPWO,SP Funds S&P World ETF,32.57,8,4,1,12,3,5,3,36,-11.0,25.0,Poor,Stay away,51,-4.3,-0.7,-2.2,46.9,0,,nan,nan,45372.0
SIBAX,SIT BALANCED FUND SIT BALANCED FUND,39.78,8,4,4,7,3,1,3,30,-10.0,25.0,Poor,🔥 COILED: Stay away,47,-2.3,-1.1,-1.2,44.7,0,,nan,0.0,0.0
SUWIX,DEUTSCHE CORE EQUITY FUND INSTITUTIONAL CLASS,39.16,8,4,4,7,3,1,3,30,-10.0,25.0,Poor,🔥 COILED: Stay away,48,-3.1,-0.6,-0.9,49.3,0,,nan,0.0,0.0
FIMPX,NUVEEN SMALL CAP GROWTH OPPORTUNITIES FUND CLASS I,39.97,10,4,2,7,3,0,4,30,-10.0,25.0,Poor,🔥 COILED: Stay away,46,-2.4,0.4,-0.7,50.4,0,,nan,0.0,0.0
SUWAX,DEUTSCHE CORE EQUITY FUND CLASS A,38.28,8,4,4,7,3,1,3,30,-10.0,25.0,Poor,🔥 COILED: Stay away,48,-3.1,-0.6,-0.9,49.3,0,,nan,0.0,0.0
RGRYX,VICTORY RS GROWTH FUND CLASS Y,39.41,8,4,4,7,3,1,3,30,-10.0,25.0,Poor,🔥 COILED: Stay away,49,-4.0,-1.4,-1.5,47.6,0,,nan,0.0,0.0
CPER,United States Copper Index Fund LP,38.08,11,6,4,12,3,3,4,43,-18.0,25.0,Poor,Stay away,55,-2.0,-1.3,-1.8,47.8,0,,nan,nan,842186.5
HUSV,First Trust Horizon Managed Volatility Domestic ETF,39.395,10,12,4,3,6,4,4,43,-18.0,25.0,Poor,Stay away,62,1.0,-0.6,0.6,55.3,1,,nan,nan,11006.04
SCDGX,DEUTSCHE CORE EQUITY FUND CLASS S,39.03,8,4,4,7,3,1,3,30,-10.0,25.0,Poor,🔥 COILED: Stay away,48,-3.1,-0.6,-0.9,49.4,0,,nan,0.0,0.0
AUIZX,AB EQUITY INCOME FUND INC CLASS Z,38.36,11,4,3,7,3,2,3,33,-8.0,25.0,Poor,Stay away,50,-1.4,0.5,-0.2,52.7,0,,nan,0.0,0.0
IYIGX,IVY GLOBAL GROWTH FUND CLASS R,38.51,6,4,5,7,3,2,3,30,-10.0,25.0,Poor,🔥 COILED: Stay away,43,-2.8,-1.3,-1.4,45.0,0,,nan,0.0,0.0
SUWZX,DEUTSCHE CORE EQUITY FUND CLASS R6,39.08,8,4,4,7,3,1,3,30,-10.0,25.0,Poor,🔥 COILED: Stay away,48,-3.1,-0.6,-0.9,49.4,0,,nan,0.0,0.0
FLJP,Franklin FTSE Japan ETF,38.86,9,4,8,13,3,3,3,43,-18.0,25.0,Poor,Stay away,53,-2.3,-0.6,-1.1,47.2,0,,nan,nan,887989.04
VTWRF,Vantage Towers AG,40.06,2,4,10,6,3,2,3,30,-10.0,25.0,Poor,🔥 COILED: Stay away,31,0.0,0.0,0.0,50.0,0,,Real Estate,21944883200.0,4.98
QBCAF,Quebecor Inc,41.52,12,6,11,6,3,4,3,45,-23.0,25.0,Poor,Stay away,58,0.0,0.0,0.0,99.7,0,,Communication Services,9356565504.0,3.5
PECO,Phillips Edison & Co Inc,40.31,10,14,2,4,6,2,3,41,-16.0,25.0,Poor,Stay away,64,0.4,-0.5,1.3,55.8,1,,Real Estate,5591519744.0,897051.5
VTOL,Bristow Group Inc,41.64,5,10,8,2,2,5,3,35,-10.0,25.0,Poor,Stay away,40,0.0,-3.2,-2.8,39.0,0,,Energy,1232786048.0,194618.5
PBFDX,PAYSON TOTAL RETURN FUND PAYSON TOTAL RETURN FUND,41.07,8,4,9,7,3,1,3,35,-15.0,25.0,Poor,🔥 COILED: Stay away,47,-3.0,-1.9,-1.6,44.6,0,,nan,0.0,0.0
SGQCX,DEUTSCHE GLOBAL GROWTH FUND CLASS C,43.25,8,4,1,7,3,1,3,27,-5.0,25.0,Poor,Stay away,41,-3.4,-1.5,-1.7,45.5,0,,nan,0.0,0.0
FNCRX,FRANKLIN NATURAL RESOURCES FUND CLASS C,42.94,3,2,4,7,3,8,3,30,-5.0,25.0,Poor,Stay away,45,-1.8,-3.0,-2.7,38.9,0,,nan,0.0,0.0
SHYG,iShares 0-5 Year High Yield Corporate Bond ETF,42.17,1,5,2,13,3,2,3,29,-4.0,25.0,Poor,Stay away,27,-1.0,-0.6,-0.5,39.9,0,,nan,nan,1630131.41
AGGY,WisdomTree Yield Enhanced U.S. Aggregate Bond Fund,43.305,6,8,3,7,0,2,3,29,-4.0,25.0,Poor,Stay away,24,-0.6,0.0,-0.3,44.3,0,,nan,nan,82803.87
DIVI,Franklin International Core Dividend Tilt Index ETF,42.22,11,6,6,9,3,5,3,43,-18.0,25.0,Poor,Stay away,50,-2.4,-1.9,-1.4,45.6,0,,nan,nan,202333.5
NODE,Vaneck Funds - Onchain Economy Etf,42.03,11,4,4,12,3,2,2,38,-13.0,25.0,Poor,Stay away,46,-10.7,-6.8,-6.2,42.1,0,,nan,nan,32968.46
IWD,iShares Russell 1000 Value ETF,236.42,13,3,4,14,3,5,4,46,-21.0,25.0,Poor,Stay away,63,-0.6,0.7,0.3,55.7,0,,nan,48387575808.0,3387346.0
LIAM,Stone Ridge 2055 Inflation-Protected Longevity Income ETF,235.184,5,5,3,7,0,2,3,25,0.0,25.0,Poor,Stay away,33,-1.1,0.4,-0.5,43.1,0,,nan,nan,140.21
SANM,Sanmina Corporation,252.08,15,5,3,13,3,3,5,47,-22.0,25.0,Poor,Stay away,58,-2.9,7.6,1.0,55.9,0,,Technology,13510917120.0,793498.85
ONTO,Onto Innovation Inc,253.24,4,4,5,9,3,6,2,33,-8.0,25.0,Poor,Stay away,42,-1.9,-3.1,-5.6,43.3,1,,Technology,12597061632.0,1031128.26
NTETF,Nikkei 225 Exchange Traded Fund,260,2,4,10,6,3,2,3,30,-10.0,25.0,Poor,🔥 COILED: Stay away,30,0.0,0.0,0.0,50.0,0,,Other,nan,0.0
FMZQSX,FMZQSX,633.22,6,4,6,8,0,2,3,29,-7.0,25.0,Poor,Stay away,26,0.0,0.1,-0.2,10.0,0,,nan,nan,0.0
LMHDF,LEM Holding SA,2548.66,2,4,10,6,3,2,3,30,-10.0,25.0,Poor,🔥 COILED: Stay away,31,0.0,0.0,0.0,50.0,0,,Technology,2901715456.0,0.12
ODTC,Odonate Therapeutics,50000,2,4,10,6,3,2,3,30,-10.0,25.0,Poor,🔥 COILED: Stay away,30,0.0,0.0,0.0,50.0,0,,Financial Services,53400000.0,0.0
FPCG,First Physicians Capital Group Inc,1025,2,4,10,6,3,2,3,30,-10.0,25.0,Poor,🔥 COILED: Stay away,31,0.0,0.0,0.0,50.0,0,,Healthcare,10074725.0,0.08
AM,Antero Midstream Partners LP,21.52,4,7,5,5,4,5,4,34,-8.0,24.0,Broken,Avoid/exit,51,2.7,-1.3,0.0,49.3,0,,Energy,10221570048.0,2563626.33
RGTI,Rigetti Computing Inc,20.68,12,4,1,10,3,2,5,37,-13.0,24.0,Broken,Avoid/exit,45,-19.0,-6.2,-7.1,47.9,1,,Technology,6874007552.0,50541506.91
JSGRY,Lixil Group Corp,20.73,12,5,4,5,0,3,2,31,-10.0,24.0,Broken,Avoid/exit,21,3.6,1.1,0.5,50.6,0,,Industrials,2980656128.0,0.0
KMRIF,KMRIF,20.29,4,4,8,6,3,1,3,29,-10.0,24.0,Broken,🔥 COILED: Avoid/exit,26,0.0,0.0,0.0,50.0,0,,Consumer Cyclical,952770624.0,0.51
TSCWX,TIAA-CREF Small-Cap Equity Fund -,22.61,10,4,2,7,3,0,3,29,-10.0,24.0,Broken,🔥 COILED: Avoid/exit,45,-2.6,-0.2,-0.9,49.7,0,,nan,nan,0.0
CGNGX,AMERICAN FUNDS GROWTH AND INCOME PORTFOLIO CLASS ABLE-A,22.63,8,4,2,7,3,2,3,29,-10.0,24.0,Broken,🔥 COILED: Avoid/exit,48,-2.4,-0.7,-1.0,46.5,0,,nan,nan,0.0
GLALX,AIM Investment Securities Funds Invesco Investment Securities Funds Invesco Oppenheimer Global Allocation Fd Cl R5,22.07,8,4,8,7,3,1,3,34,-15.0,24.0,Broken,🔥 COILED: Avoid/exit,44,-1.8,-0.8,-0.9,45.9,0,,nan,nan,0.0
BCE,BCE Inc,24.41,7,13,2,5,5,2,3,37,-13.0,24.0,Broken,Avoid/exit,39,-2.8,0.1,-0.2,49.5,0,,Communication Services,22762954752.0,3308616.5
KEY-PI,KeyCorp,24.98,1,5,1,9,3,2,3,24,0.0,24.0,Broken,Avoid/exit,39,-1.3,-1.1,-0.7,37.9,0,,Financial Services,14979639296.0,47949.67
TCCHF,Technogym S.p.A,24.0,16,6,4,5,6,2,3,42,-23.0,24.0,Broken,🔥 COILED: Avoid/exit,49,0.0,0.0,1.1,89.3,0,,Consumer Cyclical,4782992384.0,57.0
BOW,Bowhead Specialty Holdings Inc.,25.75,6,10,0,4,8,4,2,34,-8.0,24.0,Broken,Avoid/exit,42,-3.3,-9.5,-1.8,47.4,0,,Financial Services,845579456.0,237690.26
YSS,York Space Systems Inc.,29.14,2,6,3,9,5,2,2,29,-5.0,24.0,Broken,Avoid/exit,0,-10.7,2.4,-4.9,47.0,1,,Industrials,3779296256.0,0.0
IMCR,Immunocore Holdings Ltd,28.29,1,3,7,9,0,4,2,26,-5.0,24.0,Broken,Avoid/exit,19,-2.1,-5.7,-2.5,43.3,1,,Healthcare,1438987136.0,368271.15
DIN,Dine Brands Global Inc,29.44,7,13,7,6,7,4,5,49,-23.0,24.0,Broken,Avoid/exit,45,-6.2,-2.9,-0.8,49.6,0,,Consumer Cyclical,373451552.0,463383.14
JOHIX,JOHCM INTERNATIONAL SELECT FUND CLASS I,28.6,3,2,6,7,3,1,2,24,0.0,24.0,Broken,Avoid/exit,32,-3.4,-3.2,-2.7,37.6,0,,nan,0.0,0.0
PSGIX,BLACKROCK SMALL CAP GROWTH EQUITY PORTFOLIO INSTITUTIONAL,28.49,10,4,0,7,3,4,3,31,-10.0,24.0,Broken,Avoid/exit,46,-3.6,-0.3,-1.3,48.8,0,,nan,0.0,0.0
DCFGX,DUNHAM FOCUSED LARGE CAP GROWTH FUND DUNHAM FOCUSED LARGE CAP GROWTH FUND CLASS C,28.31,6,4,2,7,3,1,4,27,-3.0,24.0,Broken,Avoid/exit,32,-5.7,-0.4,-1.5,48.4,0,,nan,0.0,0.0
REBYX,U.S. SMALL CAP EQUITY FUND CLASS Y,29.38,12,4,1,7,3,1,3,31,-10.0,24.0,Broken,Avoid/exit,50,-1.8,0.5,-0.3,51.1,0,,nan,0.0,0.0
JATTX,JANUS TRITON FUND CLASS T,28.1,10,4,5,7,3,2,3,34,-15.0,24.0,Broken,🔥 COILED: Avoid/exit,50,-2.3,-0.7,-1.1,47.5,0,,nan,0.0,0.0
JOHAX,JOHCM INTERNATIONAL SELECT FUND CLASS II,28.72,3,2,6,7,3,1,2,24,0.0,24.0,Broken,Avoid/exit,32,-3.4,-3.2,-2.7,37.6,0,,nan,0.0,0.0
VAFAX,INVESCO AMERICAN FRANCHISE FUND CLASS A,29.78,6,4,6,7,3,0,3,29,-10.0,24.0,Broken,🔥 COILED: Avoid/exit,37,-3.7,-2.2,-2.5,43.7,0,,nan,0.0,0.0
VAFNX,INVESCO AMERICAN FRANCHISE FUND CLASS R5,32.28,6,4,6,7,3,0,3,29,-10.0,24.0,Broken,🔥 COILED: Avoid/exit,37,-3.7,-2.2,-2.5,43.8,0,,nan,0.0,0.0
RFRFX,COLUMBIA FLOATING RATE FUND COLUMBIA FLOATING RATE FUND CLASS R5,32.95,5,4,6,6,3,2,3,29,-10.0,24.0,Broken,🔥 COILED: Avoid/exit,31,-0.0,-0.0,-0.0,48.9,0,,nan,0.0,0.0
DAFGX,DUNHAM FOCUSED LARGE CAP GROWTH FUND DUNHAM FOCUSED LARGE CAP GROWTH FUND CLASS A,33.55,6,4,2,7,3,1,4,27,-3.0,24.0,Broken,Avoid/exit,32,-5.7,-0.3,-1.5,48.5,0,,nan,0.0,0.0
TRSCX,TIAA-CREF SOCIAL CHOICE EQUITY FUND RETIREMENT CLASS,32.26,11,4,3,7,3,2,4,34,-15.0,24.0,Broken,🔥 COILED: Avoid/exit,56,-1.3,0.0,-0.3,52.9,0,,nan,0.0,0.0
BLYCX,Amer Beacon Bridgeway Large Cap Growth F,33.1,10,3,3,7,3,1,5,32,-8.0,24.0,Broken,Avoid/exit,46,-2.2,2.1,0.3,55.9,0,,nan,0.0,0.0
CFRYX,COLUMBIA FLOATING RATE FUND COLUMBIA FLOATING RATE FUND CLASS Y,32.8,5,4,6,6,3,2,3,29,-10.0,24.0,Broken,🔥 COILED: Avoid/exit,30,-0.0,-0.1,-0.0,48.6,0,,nan,0.0,0.0
CFRZX,COLUMBIA FLOATING RATE FUND COLUMBIA FLOATING RATE FUND CLASS Z,32.77,5,4,6,6,3,2,3,29,-10.0,24.0,Broken,🔥 COILED: Avoid/exit,30,-0.0,-0.1,-0.1,48.2,0,,nan,0.0,0.0
IUESX,JPMORGAN INTERNATIONAL UNCONSTRAINED EQUITY FUND SELECT CLASS,32.18,8,4,4,7,3,2,3,31,-10.0,24.0,Broken,Avoid/exit,40,-3.5,-2.1,-2.3,43.1,0,,nan,0.0,0.0
IUEFX,JPMORGAN INTERNATIONAL UNCONSTRAINED EQUITY FUND CLASS R5,32.17,8,4,4,7,3,2,3,31,-10.0,24.0,Broken,Avoid/exit,41,-3.5,-2.1,-2.3,43.1,0,,nan,0.0,0.0
MRRGX,MERIDIAN GROWTH FUND INSTITUTIONAL CLASS,32.28,10,4,3,7,3,1,3,31,-10.0,24.0,Broken,Avoid/exit,35,-2.1,0.4,-0.4,50.9,0,,nan,0.0,0.0
VAFFX,INVESCO AMERICAN FRANCHISE FUND CLASS R6,32.91,6,4,6,7,3,0,3,29,-10.0,24.0,Broken,🔥 COILED: Avoid/exit,37,-3.7,-2.2,-2.5,43.8,0,,nan,0.0,0.0
SEEHX,STEWARD LARGE CAP ENHANCED INDEX FUND CLASS K,32.5,11,4,3,7,3,2,4,34,-15.0,24.0,Broken,🔥 COILED: Avoid/exit,53,-2.4,-0.6,-0.7,50.2,0,,nan,nan,0.0
XHYT,BondBloxx US High Yield Telecom Media Technology Sector ETF,33.693,4,6,8,3,3,4,3,31,-10.0,24.0,Broken,Avoid/exit,26,0.0,0.0,-0.2,38.1,0,,nan,nan,10421.39
ISEP,Innovator International Developed Power Buffer ETF - September,33.966,9,3,7,12,3,1,3,38,-14.0,24.0,Broken,Avoid/exit,48,-1.0,-0.7,-0.4,48.0,0,,nan,nan,23076.37
PBJA,PGIM Rock ETF Trust - PGIM US Large Cap Buffer 20 ETF January Fund,32.054,12,3,4,9,3,2,3,36,-12.0,24.0,Broken,Avoid/exit,60,-0.6,-0.0,-0.0,55.7,0,,nan,nan,9123.92
HYGV,FlexShares® High Yield Value-Scored Bond Index Fund,39.96,1,4,2,13,3,2,3,28,-4.0,24.0,Broken,Avoid/exit,21,-1.2,-0.6,-0.6,40.4,0,,nan,nan,129944.0
IISGF,iShares II Public Limited Company - iShares Global Infrastructure UCITS ETF,38.98,6,11,2,6,3,2,2,32,-8.0,24.0,Broken,Avoid/exit,44,0.5,-0.5,-0.5,45.1,1,,nan,nan,1732.11
FENI,Fidelity Covington Trust,39.3,9,6,8,8,3,5,3,42,-18.0,24.0,Broken,Avoid/exit,43,-2.6,-1.8,-1.4,45.4,0,,nan,nan,1508312.0
NITE,The Nightview ETF,38.245,11,3,2,8,3,1,4,32,-8.0,24.0,Broken,Avoid/exit,47,-3.4,1.0,-0.5,51.2,0,,nan,nan,2232.66
FIBH,First Bancshares Inc. (Bellevue OH),40.9,3,5,8,3,6,3,3,31,-10.0,24.0,Broken,Avoid/exit,45,0.0,-0.5,-0.6,41.6,0,,Financial Services,22311318.0,0.0
UIGRX,GROWTH FUND GROWTH FUND INSTITUTIONAL SHARES,40.94,6,4,5,7,3,1,3,29,-10.0,24.0,Broken,🔥 COILED: Avoid/exit,38,-4.0,-1.8,-1.8,45.3,0,,nan,0.0,0.0
RIFYX,VICTORY RS SCIENCE AND TECHNOLOGY FUND CLASS Y,40.52,11,4,1,7,3,1,5,32,-8.0,24.0,Broken,Avoid/exit,47,-4.8,-0.4,-1.0,51.5,0,,nan,0.0,0.0
LMOIX,CLEARBRIDGE SMALL CAP GROWTH FUND CLASS IS,40.67,8,4,2,7,3,4,3,31,-10.0,24.0,Broken,Avoid/exit,39,-3.2,-1.1,-1.7,45.3,0,,nan,0.0,0.0
TARKX,TARKIO FUND TARKIO FUND,41.38,10,4,1,7,3,3,3,31,-10.0,24.0,Broken,Avoid/exit,43,-4.7,-0.6,-2.0,46.8,0,,nan,0.0,0.0
STDFX,WELLS FARGO LARGE CAP GROWTH FUND ADMINISTRATOR CLASS,42.03,5,3,5,7,3,5,3,31,-10.0,24.0,Broken,Avoid/exit,40,-3.5,-1.7,-1.9,43.5,0,,nan,0.0,0.0
DTLGX,Wilshire Large Company Growth Portf Inv C,43.31,6,4,5,7,3,1,3,29,-10.0,24.0,Broken,🔥 COILED: Avoid/exit,40,-4.1,-1.5,-1.7,46.5,0,,nan,0.0,0.0
CDHAX,Calvert Developed Market Ex-US Responsib,42.55,8,4,2,7,3,5,3,32,-8.0,24.0,Broken,Avoid/exit,46,-3.4,-0.7,-1.4,47.9,0,,nan,0.0,0.0
CDHIX,Calvert Developed Market Ex-US Responsib,43.23,8,4,2,7,3,5,3,32,-8.0,24.0,Broken,Avoid/exit,46,-3.4,-0.7,-1.4,48.0,0,,nan,0.0,0.0
ZVNIX,ZEVENBERGEN GROWTH FUND INSTITUTIONAL CLASS,42.17,6,4,2,7,3,1,4,27,-3.0,24.0,Broken,Avoid/exit,41,-6.3,-0.4,-2.1,47.1,0,,nan,0.0,0.0
ACARX,ALGER CAPITAL APPRECIATION INSTITUTIONAL FUND ALGER CAPITAL APPRECIATION INSTITUTIONAL FUND CLASS R,42.25,8,4,2,7,3,1,4,29,-10.0,24.0,Broken,🔥 COILED: Avoid/exit,45,-4.9,-1.2,-1.7,48.6,0,,nan,0.0,0.0
FLJH,Franklin FTSE Japan Hedged ETF,43.96,13,3,5,14,3,3,4,45,-21.0,24.0,Broken,Avoid/exit,58,-1.8,0.3,-0.5,50.8,0,,nan,nan,28413.0
CDHRX,Calvert International Responsible Index Fund Class R6,43.12,8,4,2,7,3,5,3,32,-8.0,24.0,Broken,Avoid/exit,46,-3.4,-0.7,-1.4,48.0,0,,nan,nan,0.0
FAGCX,FIDELITY ADVISOR GROWTH OPPORTUNITIES FUND CLASS I,260.66,8,4,2,7,3,1,4,29,-10.0,24.0,Broken,🔥 COILED: Avoid/exit,46,-4.0,-0.8,-1.3,49.5,0,,nan,0.0,0.0
FZAHX,FIDELITY ADVISOR GROWTH OPPORTUNITIES FUND CLASS Z,265.28,8,4,2,7,3,1,4,29,-10.0,24.0,Broken,🔥 COILED: Avoid/exit,46,-4.0,-0.8,-1.3,49.6,0,,nan,0.0,0.0
FSQAVX,FSQAVX,273.03,7,6,7,6,0,2,3,31,-10.0,24.0,Broken,Avoid/exit,23,-0.1,-0.1,-0.2,27.9,0,,nan,nan,0.0
FKORQX,FKORQX,789.52,7,6,3,8,0,4,3,31,-7.0,24.0,Broken,Avoid/exit,34,0.0,0.1,-0.0,33.0,0,,nan,nan,0.0
GLPJF,GLP J-REIT,824.7,4,3,10,6,0,5,3,31,-10.0,24.0,Broken,Avoid/exit,16,0.0,0.0,-0.1,2.2,0,,Real Estate,3956688896.0,0.55
QUCT,Queen City Investments Inc,2091.0,10,7,5,3,2,2,3,32,-8.0,24.0,Broken,Avoid/exit,45,-2.0,0.3,-0.1,48.0,0,,Financial Services,97710336.0,0.0
RAYS,Global X Solar ETF,2576.75,13,3,1,13,3,4,5,42,-18.0,24.0,Broken,Avoid/exit,57,-10.0,4.1,-0.1,53.2,0,,nan,nan,10346.9
BNMDF,Banca Mediolanum SpA,21.65,10,4,4,4,4,4,3,33,-10.0,23.0,Broken,Avoid/exit,32,0.0,0.0,-0.3,1.4,0,,Financial Services,16006172672.0,28.79
CODI-PA,Compass Diversified,20.165,11,3,5,4,5,5,2,35,-10.0,23.0,Broken,Avoid/exit,53,-0.5,-3.0,-1.7,45.5,1,,Industrials,1005490560.0,9899.54
TBLD,Thornburg Income Builder Opportunities Trust Common Stock,21.78,4,4,1,11,3,5,3,31,-8.0,23.0,Broken,Avoid/exit,51,-4.0,-2.7,-1.8,41.6,0,,Financial Services,698743424.0,67104.0
CLOU,Global X Cloud Computing,23.88,15,3,2,13,3,3,5,44,-21.0,23.0,Broken,Avoid/exit,62,-1.6,6.1,2.3,56.6,0,,nan,nan,184869.0
BSMT,Invesco BulletShares 2029 Municipal Bond ETF,23.096,13,10,1,3,3,2,3,35,-10.0,23.0,Broken,Avoid/exit,44,-0.1,0.6,0.1,55.6,1,,nan,nan,40694.5
GIFSX,Guggenheim Floating Rate Strategies Fund6,23.07,5,4,5,6,3,2,3,28,-10.0,23.0,Broken,🔥 COILED: Avoid/exit,33,-0.1,0.0,-0.1,44.5,0,,nan,nan,0.0
TLCHX,TIAA-CREF Life Funds - Social Choice Equity Fund,23.51,11,4,2,7,3,2,4,33,-15.0,23.0,Broken,🔥 COILED: Avoid/exit,53,-1.2,0.1,-0.2,53.1,0,,Other,nan,0.0
RIOT,"Riot Platforms, Inc.",24.66,12,4,4,13,3,2,4,42,-19.0,23.0,Broken,Avoid/exit,56,-9.0,0.8,-1.5,52.4,1,,Financial Services,9325209600.0,23065977.71
AVNS,Avanos Medical Inc,25.05,17,10,9,3,6,3,4,52,-30,23,Broken,Avoid/exit,62,1.0,1.4,1.8,82.3,1,,Healthcare,1172961024.0,855633.6
CUE,Cue Biopharma,29.46,18,11,5,5,7,7,2,55,-30,23,Broken,Avoid/exit,62,34.5,46.6,22.7,64.6,3,,Healthcare,123742104.0,253808.2
IHSUX,THE HARTFORD SMALL COMPANY FUND CLASS R5,33.76,10,4,1,7,3,0,3,28,-10.0,23.0,Broken,🔥 COILED: Avoid/exit,42,-4.3,-1.7,-1.8,46.0,0,,nan,0.0,0.0
PIERX,PUTNAM INTERNATIONAL EQUITY FUND /MA/ CLASS R SHARES,32.7,8,4,7,7,3,1,3,33,-15.0,23.0,Broken,🔥 COILED: Avoid/exit,46,-2.3,-1.4,-1.1,47.3,0,,nan,0.0,0.0
JFFAX,JPMORGAN SMARTRETIREMENT 2055 FUND CLASS A,32.58,8,4,2,7,3,6,3,33,-15.0,23.0,Broken,🔥 COILED: Avoid/exit,48,-2.3,-0.8,-1.1,46.5,0,,nan,0.0,0.0
RFRCX,COLUMBIA FLOATING RATE FUND COLUMBIA FLOATING RATE FUND CLASS C,32.82,5,4,5,6,3,2,3,28,-10.0,23.0,Broken,🔥 COILED: Avoid/exit,31,-0.0,-0.1,-0.1,48.1,0,,nan,0.0,0.0
COMT,iShares GSCI Commodity Dynamic Roll Strategy ETF,33.51,4,4,2,11,3,5,2,31,-8.0,23.0,Broken,Avoid/exit,51,-0.4,-5.0,-3.1,41.4,0,,nan,nan,433110.5
PLBEX,PLUMB EQUITY FUND PLUMB EQUITY FUND,33.99,8,4,3,7,3,0,3,28,-10.0,23.0,Broken,🔥 COILED: Avoid/exit,48,-3.0,-0.6,-1.0,49.7,0,,nan,0.0,0.0
JAABX,JPMORGAN SMARTRETIREMENT BLEND 2060 FUND CLASS R5,32.85,8,4,2,7,3,6,3,33,-15.0,23.0,Broken,🔥 COILED: Avoid/exit,50,-2.4,-0.9,-1.1,47.4,0,,nan,0.0,0.0
JAAYX,JPMORGAN SMARTRETIREMENT BLEND 2060 FUND CLASS R6,32.88,8,4,2,7,3,6,3,33,-15.0,23.0,Broken,🔥 COILED: Avoid/exit,50,-2.4,-0.9,-1.0,47.5,0,,nan,0.0,0.0
JFFQX,JPMORGAN SMARTRETIREMENT 2055 FUND CLASS R4,32.76,8,4,2,7,3,6,3,33,-15.0,23.0,Broken,🔥 COILED: Avoid/exit,48,-2.3,-0.8,-1.1,46.5,0,,nan,0.0,0.0
JFFPX,JPMORGAN SMARTRETIREMENT 2055 FUND CLASS R3,32.45,8,4,2,7,3,6,3,33,-15.0,23.0,Broken,🔥 COILED: Avoid/exit,48,-2.3,-0.8,-1.1,46.4,0,,nan,0.0,0.0
JFFYX,JPMORGAN SMARTRETIREMENT 2055 FUND CLASS R6,32.84,8,4,2,7,3,6,3,33,-15.0,23.0,Broken,🔥 COILED: Avoid/exit,48,-2.3,-0.8,-1.1,46.5,0,,nan,0.0,0.0
WFDRX,WELLS FARGO DISCOVERY FUND CLASS R6,32.59,10,4,2,7,3,4,3,33,-15.0,23.0,Broken,🔥 COILED: Avoid/exit,41,-2.2,0.2,-0.7,50.6,0,,nan,0.0,0.0
UPDDX,Upright Growth & Income Fund,32.6,11,4,1,7,3,2,5,33,-15.0,23.0,Broken,🔥 COILED: Avoid/exit,53,-2.1,-0.5,-0.6,52.5,0,,nan,nan,0.0
IMFL,Invesco International Developed Dynamic Multifactor ETF,33.36,8,4,6,12,3,5,3,41,-18.0,23.0,Broken,Avoid/exit,46,-3.9,-2.9,-2.3,42.8,0,,nan,nan,98035.54
SJGAX,Steward Large Cap Growth Fund Class A,33.56,9,4,5,7,3,1,4,33,-15.0,23.0,Broken,🔥 COILED: Avoid/exit,49,-2.2,-0.5,-0.7,50.4,0,,nan,nan,0.0
BULD,Pacer BlueStar Engineering the Future ETF,32.88,12,3,2,10,3,4,4,38,-11.0,23.0,Broken,Avoid/exit,53,-3.5,1.8,-1.0,50.8,0,,nan,nan,2161.24
TBFG,ETF Series Solutions,32.098,8,3,2,8,3,4,3,31,-8.0,23.0,Broken,Avoid/exit,55,-2.3,-0.8,-1.1,46.2,0,,nan,nan,8734.24
POSKX,PRIMECAP ODYSSEY STOCK FUND PRIMECAP ODYSSEY STOCK FUND,39.74,12,3,4,7,3,0,4,33,-15.0,23.0,Broken,🔥 COILED: Avoid/exit,47,-2.0,1.5,0.5,56.2,0,,nan,0.0,0.0
ODVIX,Oppenheimer Developing Markets Cl I,38.83,6,4,1,7,3,2,3,26,-3.0,23.0,Broken,Avoid/exit,41,-3.1,-1.3,-2.4,45.7,0,,nan,0.0,0.0
MAGRX,BlackRock Nat Resource I,39.19,3,2,5,7,3,5,3,28,-5.0,23.0,Broken,Avoid/exit,44,-1.5,-2.3,-2.6,38.2,0,,nan,0.0,0.0
FLYCX,NUVEEN LARGE CAP SELECT FUND CLASS C,39.59,8,4,5,7,3,3,3,33,-15.0,23.0,Broken,🔥 COILED: Avoid/exit,48,-2.6,-1.2,-1.5,45.3,0,,nan,0.0,0.0
NSMAX,NUVEEN NWQ SMALL/MID-CAP VALUE FUND CLASS A,38.82,8,4,4,7,3,1,3,30,-10.0,23.0,Broken,Avoid/exit,43,-2.6,-1.0,-1.2,48.3,0,,nan,0.0,0.0
ODVYX,Oppenheimer Developing Markets Y,38.94,6,4,1,7,3,2,3,26,-3.0,23.0,Broken,Avoid/exit,41,-3.1,-1.3,-2.5,45.7,0,,nan,0.0,0.0
ODMAX,Oppenheimer Developing Markets A,39.97,6,4,1,7,3,2,3,26,-3.0,23.0,Broken,Avoid/exit,42,-3.1,-1.4,-2.5,45.7,0,,nan,0.0,0.0
FIQIX,FIDELITY INTERNATIONAL SMALL CAP FUND FIDELITY ADVISOR INTERNATIONAL SMALL CAP FUND: CLASS Z,39.51,8,3,5,7,3,1,3,30,-10.0,23.0,Broken,Avoid/exit,46,-4.1,-1.9,-2.2,41.0,0,,nan,nan,0.0
DVMFX,AIM Investment Securities Funds Invesco Investment Securities Funds Invesco Oppenheimer Developing Mkts Fd Cl R5,39.83,6,4,1,7,3,2,3,26,-3.0,23.0,Broken,Avoid/exit,42,-3.1,-1.3,-2.4,45.7,0,,nan,nan,0.0
KAPR,Innovator Russell 2000 Power Buffer ETF - April,38.698,11,5,1,13,3,1,3,37,-14.0,23.0,Broken,Avoid/exit,48,-1.1,0.0,-0.2,51.5,0,,nan,nan,16336.01
UFEB,Innovator S&P 500 Ultra Buffer ETF - February,38.397,12,3,3,8,3,2,3,34,-11.0,23.0,Broken,Avoid/exit,60,-0.7,-0.1,-0.0,54.8,0,,nan,nan,43083.93
BUFB,Innovator Laddered Allocation Buffer ETF,38.76,11,4,3,8,3,2,3,34,-11.0,23.0,Broken,Avoid/exit,56,-1.4,-0.4,-0.4,50.3,0,,nan,nan,38280.38
LEXI,Alexis Practical Tactical ETF,39.592,13,3,4,14,3,3,4,44,-21.0,23.0,Broken,Avoid/exit,62,-1.1,0.4,0.0,54.4,0,,nan,nan,8458.0
BUFQ,FT Cboe Vest Fund of Nasdaq-100 Buffer ETFs,38.75,11,4,5,14,3,4,3,44,-21.0,23.0,Broken,Avoid/exit,59,-1.3,-0.6,-0.3,52.4,0,,nan,nan,164523.76
XJAN,First Trust Exchange-Traded Fund Viii - Cboe Vest U S Equity Enhance and Moderate Buffer Etf,38.106,9,2,3,13,3,1,3,34,-11.0,23.0,Broken,Avoid/exit,59,-0.6,-0.0,-0.1,54.5,0,,nan,nan,11795.54
NATO,Themes Transatlantic Defense ETF,38.98,4,4,3,11,1,5,3,31,-8.0,23.0,Broken,Avoid/exit,24,-4.7,0.3,-1.0,47.2,0,,nan,nan,29849.36
UTG,Reaves Utility IF,41.0,4,5,0,8,3,5,2,27,-4.0,23.0,Broken,Avoid/exit,46,-3.4,-2.5,-2.5,40.5,0,,Financial Services,2344741000.0,260424.5
GBLCX,AMERICAN FUNDS GLOBAL BALANCED FUND CLASS C,41.82,8,4,4,7,3,1,3,30,-10.0,23.0,Broken,Avoid/exit,42,-2.0,-1.0,-1.0,44.0,0,,nan,0.0,0.0
NSMRX,NUVEEN NWQ SMALL/MID-CAP VALUE FUND CLASS I,40.34,8,4,4,7,3,1,3,30,-10.0,23.0,Broken,Avoid/exit,43,-2.6,-1.0,-1.2,48.3,0,,nan,0.0,0.0
GBLAX,AMERICAN FUNDS GLOBAL BALANCED FUND CLASS A,41.93,8,4,4,7,3,1,3,30,-10.0,23.0,Broken,Avoid/exit,42,-2.0,-1.0,-1.0,44.3,0,,nan,0.0,0.0
CBFCX,AMERICAN FUNDS GLOBAL BALANCED FUND CLASS 529-C,41.76,8,4,4,7,3,1,3,30,-10.0,23.0,Broken,Avoid/exit,42,-2.0,-1.0,-1.0,44.1,0,,nan,0.0,0.0
RGBLX,AMERICAN FUNDS GLOBAL BALANCED FUND CLASS R-1,41.83,8,4,4,7,3,1,3,30,-10.0,23.0,Broken,Avoid/exit,42,-2.0,-1.0,-1.0,44.0,0,,nan,0.0,0.0
GBLEX,AMERICAN FUNDS GLOBAL BALANCED FUND CLASS F-1,41.97,8,4,4,7,3,1,3,30,-10.0,23.0,Broken,Avoid/exit,42,-2.0,-1.0,-1.0,44.3,0,,nan,0.0,0.0
CBFAX,AMERICAN FUNDS GLOBAL BALANCED FUND CLASS 529-A,41.89,8,4,4,7,3,1,3,30,-10.0,23.0,Broken,Avoid/exit,42,-2.0,-1.0,-1.0,44.2,0,,nan,0.0,0.0
UTI,Universal Technical Institute Inc,43.57,16,10,5,10,3,3,5,52,-29,23,Broken,Avoid/exit,71,16.5,19.0,8.5,61.9,3,,Consumer Defensive,2399024384.0,798526.24
HCIIX,THE CORE FIXED INCOME PORTFOLIO HC STRATEGIC SHARES,42.71,8,6,3,6,0,2,3,28,-10.0,23.0,Broken,🔥 COILED: Avoid/exit,36,-0.5,0.0,-0.4,41.5,0,,Other,0.0,0.0
DGEIX,GLOBAL EQUITY PORTFOLIO GLOBAL EQUITY PORTFOLIO - INSTITUTIONAL CLASS,43.54,8,4,2,7,3,6,3,33,-15.0,23.0,Broken,🔥 COILED: Avoid/exit,51,-1.9,-0.3,-0.7,49.2,0,,nan,0.0,0.0
ACAAX,ALGER CAPITAL APPRECIATION FUND ALGER CAPITAL APPRECIATION FUND CLASS A,43.53,8,4,2,7,3,1,3,28,-10.0,23.0,Broken,🔥 COILED: Avoid/exit,45,-5.0,-1.5,-1.9,47.8,0,,nan,0.0,0.0
RGBFX,AMERICAN FUNDS GLOBAL BALANCED FUND CLASS R-5,42.01,8,4,4,7,3,1,3,30,-10.0,23.0,Broken,Avoid/exit,42,-2.0,-1.0,-1.0,44.5,0,,nan,0.0,0.0
JTBBX,JPMORGAN SMARTRETIREMENT* BLEND 2055 FUND CLASS R5,42.06,8,4,2,7,3,6,3,33,-15.0,23.0,Broken,🔥 COILED: Avoid/exit,50,-2.5,-0.9,-1.1,47.4,0,,nan,0.0,0.0
JTYBX,JPMORGAN SMARTRETIREMENT* BLEND 2055 FUND CLASS R6,42.09,8,4,2,7,3,6,3,33,-15.0,23.0,Broken,🔥 COILED: Avoid/exit,50,-2.5,-0.9,-1.1,47.4,0,,nan,0.0,0.0
DECZ,TrueShares Structured Outcome (December) ETF,42.781,11,6,5,13,3,4,3,45,-22.0,23.0,Broken,Avoid/exit,60,-2.0,-0.5,-0.6,49.7,0,,nan,nan,10087.18
DAT,ProShares Big Data Refiners ETF,42.722,13,3,2,8,3,4,5,38,-11.0,23.0,Broken,Avoid/exit,38,-3.9,5.8,2.1,56.0,0,,nan,nan,2292.97
JHID,John Hancock Exchange-Traded Fund Trust - John Hancock International High Dividend ETF,42.255,6,4,8,11,3,6,3,41,-18.0,23.0,Broken,Avoid/exit,44,-2.1,-2.7,-1.5,44.0,0,,nan,nan,1008.67
GOOP,Kurv Yield Premium Strategy Google (GOOGL) ETF,42.32,7,8,1,4,7,0,2,29,-6.0,23.0,Broken,Avoid/exit,43,-4.0,-6.2,-3.3,43.9,0,,nan,nan,14444.5
PWER,Macquarie ETF Trust,43.007,8,6,2,8,3,4,3,34,-11.0,23.0,Broken,Avoid/exit,55,-4.4,-0.1,-2.7,44.9,0,,nan,nan,1058.7
RESEQX,RESEQX,43.04,8,4,7,7,3,0,4,33,-15.0,23.0,Broken,🔥 COILED: Avoid/exit,0,-2.5,-0.9,-1.0,48.7,0,,nan,nan,0.0
FAGOX,FIDELITY ADVISOR GROWTH OPPORTUNITIES FUND CLASS T,226.83,8,4,2,7,3,1,3,28,-10.0,23.0,Broken,🔥 COILED: Avoid/exit,46,-4.0,-0.8,-1.3,49.4,0,,nan,0.0,0.0
XTL,SPDR® S&P Telecom ETF,226.54,9,4,1,11,3,2,4,34,-11.0,23.0,Broken,Avoid/exit,51,-5.1,-0.9,-2.7,47.2,0,,nan,nan,47388.31
LNG,Cheniere Energy Inc,238.82,5,10,5,1,2,3,2,28,-8.0,23.0,Broken,Avoid/exit,45,6.2,-0.7,-0.7,45.7,1,,Energy,50045177856.0,2256899.0
FAGAX,FIDELITY ADVISOR GROWTH OPPORTUNITIES FUND CLASS A,232.58,8,4,2,7,3,1,3,28,-10.0,23.0,Broken,🔥 COILED: Avoid/exit,46,-4.0,-0.8,-1.3,49.5,0,,nan,0.0,0.0
PRN,Invesco DWA Industrials Momentum ETF,235.96,11,6,2,12,3,4,3,41,-18.0,23.0,Broken,Avoid/exit,54,-3.9,1.0,-1.8,48.4,0,,nan,nan,18654.35
VHCAX,VANGUARD CAPITAL OPPORTUNITY FUND ADMIRAL SHARES,260.42,12,3,2,7,3,1,5,33,-15.0,23.0,Broken,🔥 COILED: Avoid/exit,46,-3.1,2.1,0.3,56.0,0,,nan,0.0,0.0
NXPI,NXP Semiconductors NV,295.96,12,4,1,13,3,4,4,41,-18.0,23.0,Broken,Avoid/exit,52,-7.9,-1.1,-3.1,49.3,0,,Technology,74721337344.0,2970316.5
JLL,Jones Lang LaSalle Incorporated,295.71,5,12,3,5,2,2,2,31,-8.0,23.0,Broken,Avoid/exit,32,4.7,0.9,-0.6,46.1,0,,Real Estate,13719044096.0,417939.31
QCGRIX,CREF Growth Account Class R3,643.951,8,4,3,7,3,0,3,28,-10.0,23.0,Broken,🔥 COILED: Avoid/exit,41,-4.3,-2.3,-2.3,43.2,0,,Other,nan,0.0
QCGRRX,College Retirement Equities Fund - CREF Growth Account,626.522,8,4,3,7,3,0,3,28,-10.0,23.0,Broken,🔥 COILED: Avoid/exit,42,-4.3,-2.3,-2.3,43.1,0,,nan,nan,0.0
QCGRPX,College Retirement Equities Fund - CREF Growth Account,639.465,8,4,3,7,3,0,3,28,-10.0,23.0,Broken,🔥 COILED: Avoid/exit,42,-4.3,-2.3,-2.3,43.2,0,,nan,nan,0.0
QCGRFX,QCGRFX,647.469,8,4,3,7,3,0,3,28,-10.0,23.0,Broken,🔥 COILED: Avoid/exit,42,-4.3,-2.3,-2.3,43.2,0,,nan,nan,0.0
RYSCX,ELECTRONICS FUND CLASS C,709.6,11,4,1,7,3,2,5,33,-15.0,23.0,Broken,🔥 COILED: Avoid/exit,47,-6.2,-0.1,-2.2,50.8,0,,nan,0.0,0.0
FBIVHX,FBIVHX,779.23,6,6,5,6,0,4,3,30,-10.0,23.0,Broken,Avoid/exit,21,-0.2,-0.1,-0.4,24.7,0,,nan,nan,0.0
RYSAX,ELECTRONICS FUND CLASS H,832.74,11,4,1,7,3,2,5,33,-15.0,23.0,Broken,🔥 COILED: Avoid/exit,47,-6.2,-0.1,-2.2,50.9,0,,nan,0.0,0.0
MU,Micron Technology Inc,864.01,16,3,2,14,3,2,5,45,-22.0,23.0,Broken,Avoid/exit,50,-11.0,13.4,1.3,55.2,2,,Technology,974373453824.0,35350165.0
RYELX,ELECTRONICS FUND CLASS A,861.01,11,4,1,7,3,2,5,33,-15.0,23.0,Broken,🔥 COILED: Avoid/exit,47,-6.2,-0.1,-2.2,50.9,0,,nan,0.0,0.0
VMGAX,VANGUARD MEGA CAP GROWTH INDEX FUND INSTITUTIONAL SHARES,868.37,8,4,2,7,3,1,3,28,-10.0,23.0,Broken,🔥 COILED: Avoid/exit,45,-4.2,-1.6,-1.6,47.5,0,,nan,0.0,0.0
RYSIX,ELECTRONICS FUND INVESTOR CLASS,956.78,11,4,1,7,3,2,5,33,-15.0,23.0,Broken,🔥 COILED: Avoid/exit,47,-6.2,-0.1,-2.2,50.9,0,,nan,0.0,0.0
RNMBF,Rheinmetall AG,1404.0,5,11,5,4,4,0,2,31,-11.0,23.0,Broken,Avoid/exit,6,-5.8,-0.7,-2.8,42.9,0,,Industrials,65344991232.0,652.19
VSPGX,VANGUARD S&P 500 GROWTH INDEX FUND INSTITUTIONAL SHARES,1104.03,8,4,2,7,3,1,3,28,-10.0,23.0,Broken,🔥 COILED: Avoid/exit,44,-4.1,-1.5,-1.7,47.1,0,,nan,0.0,0.0
AHKSY,Asahi Kaisei Corp,21.8,13,5,4,10,3,0,5,40,-18.0,22.0,Broken,Avoid/exit,55,-2.3,1.2,1.3,56.2,0,,Industrials,14785198080.0,21264.3
SRG-PA,Seritage Growth Properties,20.94,10,8,2,6,2,3,4,35,-13.0,22.0,Broken,Avoid/exit,16,3.4,3.1,1.3,53.4,1,,Real Estate,2105355776.0,6269.4
NSA-P-A,National Storage Affiliates Trust 6.000% Series A Cumulative Redeemable Preferred Shares of Beneficial Interest (Liquidation Preference $25.00 per share),22.81,8,4,6,3,3,2,3,29,-10.0,22.0,Broken,Avoid/exit,49,0.0,-0.3,-0.4,45.6,0,,Other,nan,16339.03
HNCUX,THE HARTFORD INTERNATIONAL GROWTH FUND CLASS R6,23.76,8,4,0,7,3,0,3,25,-3.0,22.0,Broken,Avoid/exit,38,-5.0,-1.3,-2.6,45.6,0,,nan,nan,0.0
ELMUY,Elisa Oyj,24.496,1,3,1,9,2,4,2,22,0.0,22.0,Broken,Avoid/exit,21,-2.0,-25.2,-15.7,19.7,0,,Communication Services,7866705408.0,447.1
SHMZF,Shimadzu Corporation,24.49,4,3,9,6,3,1,3,29,-10.0,22.0,Broken,Avoid/exit,16,0.0,0.0,-0.3,0.0,0,,Technology,7076146176.0,19.93
NVTS,Navitas Semiconductor Corp,25.08,13,3,2,14,3,5,5,45,-23.0,22.0,Broken,Avoid/exit,60,-5.7,2.9,1.5,53.4,1,,Technology,6026083328.0,30027011.5
ADVOF,ADVA Optical Networking SE,24.19,8,3,11,7,3,2,3,37,-18.0,22.0,Broken,Avoid/exit,47,0.0,0.0,0.0,98.9,1,,Technology,1259198336.0,0.11
SDTHF,Sdiptech AB (publ),25.91,18,3,4,14,6,2,5,52,-30,22,Broken,Avoid/exit,53,23.3,23.3,14.4,95.5,3,,Industrials,984371072.0,6.75
BSTZ,BlackRock Science and Technology Trust II,29.05,13,3,1,14,3,4,5,43,-21.0,22.0,Broken,Avoid/exit,57,-4.4,2.4,-0.1,53.5,0,,Financial Services,1997017600.0,230118.0
CMP,Compass Minerals International Inc,29.63,11,6,3,13,3,2,5,43,-21.0,22.0,Broken,Avoid/exit,47,-7.2,-0.7,-2.6,49.3,0,,Basic Materials,1243225856.0,525939.47
LADRX,LORD ABBETT DEVELOPING GROWTH FUND INC CLASS R3,29.39,10,4,1,7,3,4,3,32,-15.0,22.0,Broken,🔥 COILED: Avoid/exit,48,-4.7,-1.3,-1.9,48.9,0,,nan,0.0,0.0
ALFQX,LORD ABBETT ALPHA STRATEGY FUND CLASS R2,28.87,10,4,0,7,3,0,3,27,-10.0,22.0,Broken,🔥 COILED: Avoid/exit,43,-2.8,-0.1,-1.0,49.0,0,,nan,0.0,0.0
CIGIX,CALAMOS INTERNATIONAL GROWTH FUND CLASS I,28.53,8,4,1,7,3,2,4,29,-10.0,22.0,Broken,Avoid/exit,45,-6.6,-1.5,-2.9,46.5,0,,nan,0.0,0.0
MFLDX,MARKETFIELD FUND MARKETFIELD FUND - CLASS I,28.6,8,4,5,7,3,2,3,32,-15.0,22.0,Broken,🔥 COILED: Avoid/exit,51,-1.6,-0.9,-1.0,46.3,0,,nan,0.0,0.0
ALFYX,LORD ABBETT ALPHA STRATEGY FUND CLASS I,32.45,10,4,0,7,3,0,3,27,-10.0,22.0,Broken,🔥 COILED: Avoid/exit,47,-2.8,-0.0,-1.0,49.1,0,,nan,0.0,0.0
REKTX,AMERICAN FUNDS 2055 TARGET DATE RETIREMENT FUND CLASS R-5,32.27,8,4,2,7,3,5,3,32,-15.0,22.0,Broken,🔥 COILED: Avoid/exit,46,-3.0,-0.9,-1.3,46.2,0,,nan,0.0,0.0
ALFOX,Lord Abbett Alpha Strategy Cl F3,32.73,10,4,0,7,3,0,3,27,-10.0,22.0,Broken,🔥 COILED: Avoid/exit,47,-2.7,-0.0,-1.0,49.1,0,,nan,0.0,0.0
ALFTX,Lord Abbett Alpha Strategy Fund Class R5,32.46,10,4,0,7,3,0,3,27,-10.0,22.0,Broken,🔥 COILED: Avoid/exit,47,-2.8,-0.0,-1.0,49.1,0,,nan,0.0,0.0
ALFVX,Lord Abbett Alpha Strategy Fund Class R6,32.74,10,4,0,7,3,0,3,27,-10.0,22.0,Broken,🔥 COILED: Avoid/exit,47,-2.8,-0.0,-1.0,49.1,0,,nan,0.0,0.0
CZOVX,Zacks All-Cap Core Fund Class Investor,32.29,11,4,2,7,3,1,4,32,-15.0,22.0,Broken,🔥 COILED: Avoid/exit,53,-2.0,-0.4,-0.7,50.2,0,,nan,0.0,0.0
FCJTX,AMERICAN FUNDS 2055 TARGET DATE RETIREMENT FUND CLASS F-3,32.01,8,4,2,7,3,5,3,32,-15.0,22.0,Broken,🔥 COILED: Avoid/exit,46,-3.1,-0.9,-1.3,46.2,0,,nan,0.0,0.0
FHIPX,Fa529 Hg In Cl P,33.27,13,4,3,7,3,1,3,34,-15.0,22.0,Broken,Avoid/exit,45,-0.4,0.2,-0.1,51.9,0,,Other,0.0,0.0
JACSX,JPMORGAN SMARTRETIREMENT BLEND 2060 FUND SELECT CLASS,32.82,8,4,2,7,3,5,3,32,-15.0,22.0,Broken,🔥 COILED: Avoid/exit,50,-2.5,-0.9,-1.1,47.3,0,,nan,0.0,0.0
HTRB,Hartford Total Return Bond ETF,33.56,6,6,2,11,0,2,3,30,-8.0,22.0,Broken,Avoid/exit,19,-0.5,-0.0,-0.4,41.6,0,,nan,nan,301682.0
DIVS,SmartETFs Dividend Builder ETF,32.46,11,5,5,8,3,5,3,40,-18.0,22.0,Broken,Avoid/exit,48,-0.6,-0.7,-0.4,49.1,0,,nan,nan,2793.5
PSFF,Pacer Funds Trust - Pacer Swan SOS Fund of Funds ETF,33.98,10,3,4,14,3,2,3,39,-17.0,22.0,Broken,Avoid/exit,57,-0.7,0.0,-0.0,54.9,0,,nan,nan,66013.69
FLJJ,AIM ETF Products Trust,33.464,12,3,4,10,3,2,3,37,-15.0,22.0,Broken,Avoid/exit,52,-0.5,0.2,0.2,60.2,0,,nan,nan,5986.82
VHGEX,VANGUARD GLOBAL EQUITY FUND INVESTOR SHARES,39.86,6,4,5,7,3,1,3,29,-10.0,22.0,Broken,Avoid/exit,39,-2.7,-1.2,-1.4,45.7,0,,nan,0.0,0.0
INPSX,INTERNET ULTRASECTOR PROFUND INTERNET ULTRASECTOR PROFUND SERVICE CLASS,38.09,6,4,2,7,3,0,3,25,-3.0,22.0,Broken,Avoid/exit,44,-6.2,-0.2,-1.7,49.2,0,,nan,0.0,0.0
TOTL,SPDR® DoubleLine Total Return Tactical ETF,39.13,3,3,0,11,0,2,3,22,0.0,22.0,Broken,Avoid/exit,11,-1.1,-0.4,-0.7,36.9,0,,nan,nan,385046.42
FHCAX,Fa529 Hg In Cl A,38.36,13,4,3,7,3,1,3,34,-15.0,22.0,Broken,Avoid/exit,45,-0.4,0.2,-0.0,53.0,0,,Other,0.0,0.0
MRSK,Toews Agility Shares Managed Risk ETF,38.12,12,3,4,11,3,2,4,39,-17.0,22.0,Broken,Avoid/exit,56,-1.5,0.2,-0.2,52.6,0,,nan,nan,34524.01
DECT,AIM ETF Products Trust - AllianzIM U.S. Large Cap Buffer10 Dec ETF,38.85,12,4,4,13,3,4,4,44,-22.0,22.0,Broken,Avoid/exit,62,-1.2,-0.0,-0.2,53.2,0,,nan,nan,15535.67
ITDE,Ishares Lifepath Target Date 2045 ETF,39.132,8,6,3,13,3,4,3,40,-18.0,22.0,Broken,Avoid/exit,57,-2.3,-0.8,-1.0,47.4,0,,nan,nan,13605.26
ABNY,YieldMax ABNB Option Income Strategy ETF,39.843,6,11,5,1,2,5,2,32,-10.0,22.0,Broken,Avoid/exit,43,-0.1,-1.0,-1.9,41.0,1,,nan,nan,5357.4
VOLT,Tema Electrification ETF,38.4,7,6,0,7,3,5,2,30,-8.0,22.0,Broken,Avoid/exit,50,-1.7,-1.7,-2.4,44.4,0,,nan,nan,215916.25
EGGS,NestYield Total Return Guard ETF,39.168,9,6,1,12,3,2,3,36,-14.0,22.0,Broken,Avoid/exit,42,-2.5,-3.0,-2.2,46.7,0,,nan,nan,8425.0
AHODF,Koninklijke Ahold Delhaize NV,41.1,1,8,4,6,5,4,2,30,-8.0,22.0,Broken,Avoid/exit,30,-1.1,-3.5,-2.5,42.1,0,,Consumer Defensive,36191801344.0,0.0
NNGRY,NN Group NV ADR,41.01,4,4,0,8,3,5,2,26,-4.0,22.0,Broken,Avoid/exit,42,-2.1,-6.3,-3.7,32.7,0,,Financial Services,21460617216.0,47078.33
VOYG,"Voyager Technologies, Inc.",41.55,13,3,1,13,3,0,5,38,-16.0,22.0,Broken,Avoid/exit,52,-16.1,3.6,-0.6,52.6,1,,Industrials,2462342144.0,1546079.82
LCCAX,COLUMBIA CONTRARIAN CORE FUND COLUMBIA CONTRARIAN CORE FUND CLASS A,40.73,11,4,2,7,3,1,4,32,-15.0,22.0,Broken,🔥 COILED: Avoid/exit,52,-2.6,-0.2,-0.7,50.0,0,,nan,0.0,0.0
SMGIX,COLUMBIA CONTRARIAN CORE FUND COLUMBIA CONTRARIAN CORE FUND CLASS Z,41.36,11,4,2,7,3,1,4,32,-15.0,22.0,Broken,🔥 COILED: Avoid/exit,52,-2.6,-0.2,-0.7,50.1,0,,nan,0.0,0.0
RMGNF,RHI Magnesita N.V,42.008,4,4,8,4,3,1,3,27,-10.0,22.0,Broken,🔥 COILED: Avoid/exit,23,0.0,0.0,0.0,50.0,0,,Industrials,1988535808.0,3.0
LADYX,LORD ABBETT DEVELOPING GROWTH FUND INC CLASS I,42.27,10,4,1,7,3,4,3,32,-15.0,22.0,Broken,🔥 COILED: Avoid/exit,48,-4.7,-1.3,-1.9,48.9,0,,nan,0.0,0.0
GSTIX,GOLDMAN SACHS STRATEGIC GROWTH FUND INSTITUTIONAL,43.774,11,3,4,14,3,5,4,44,-22.0,22.0,Broken,Avoid/exit,52,-2.6,0.2,-0.3,53.1,0,,nan,0.0,4946.14
HSCZ,iShares Currency Hedged MSCI EAFE Small-Cap ETF,42.538,9,6,5,12,3,2,3,40,-18.0,22.0,Broken,Avoid/exit,51,-2.1,-0.6,-0.6,49.1,0,,nan,nan,18491.89
COFRX,COLUMBIA CONTRARIAN CORE FUND COLUMBIA CONTRARIAN CORE FUND CLASS R5,42.66,11,4,2,7,3,1,4,32,-15.0,22.0,Broken,🔥 COILED: Avoid/exit,52,-2.6,-0.2,-0.7,50.2,0,,nan,0.0,0.0
COFYX,COLUMBIA CONTRARIAN CORE FUND COLUMBIA CONTRARIAN CORE FUND CLASS Y,42.72,11,4,2,7,3,1,4,32,-15.0,22.0,Broken,🔥 COILED: Avoid/exit,52,-2.6,-0.2,-0.7,50.2,0,,nan,0.0,0.0
JNEAX,JPMORGAN SMARTRETIREMENT* BLEND 2050 FUND SELECT CLASS,42.46,8,4,1,7,3,6,3,32,-15.0,22.0,Broken,🔥 COILED: Avoid/exit,50,-2.5,-0.9,-1.1,47.3,0,,nan,0.0,0.0
JNTKX,JPMORGAN SMARTRETIREMENT* BLEND 2050 FUND CLASS R3,42.48,8,4,1,7,3,6,3,32,-15.0,22.0,Broken,🔥 COILED: Avoid/exit,50,-2.5,-0.9,-1.1,47.3,0,,nan,0.0,0.0
JNYAX,JPMORGAN SMARTRETIREMENT* BLEND 2050 FUND CLASS R6,42.34,8,4,2,7,3,5,3,32,-15.0,22.0,Broken,🔥 COILED: Avoid/exit,50,-2.4,-0.9,-1.1,47.4,0,,nan,0.0,0.0
LADTX,Lord Abbett Developing Growth R5,42.27,10,4,1,7,3,4,3,32,-15.0,22.0,Broken,🔥 COILED: Avoid/exit,48,-4.7,-1.3,-1.9,48.9,0,,nan,0.0,0.0
LADVX,Lord Abbett Developing Growth R6,42.91,10,4,1,7,3,4,3,32,-15.0,22.0,Broken,🔥 COILED: Avoid/exit,48,-4.7,-1.3,-1.9,48.9,0,,nan,0.0,0.0
LOGWX,Lord Abbett Developing Growth Cl F3,42.92,10,4,1,7,3,4,3,32,-15.0,22.0,Broken,🔥 COILED: Avoid/exit,48,-4.7,-1.3,-1.9,48.9,0,,nan,0.0,0.0
LFGSX,Lord Abbett Focused Growth Fund Class R4,43.14,8,4,2,7,3,0,3,27,-10.0,22.0,Broken,🔥 COILED: Avoid/exit,41,-4.5,-3.0,-2.6,43.7,0,,nan,nan,0.0
LFGQX,Lord Abbett Focused Growth Fund Class R3,42.3,8,4,2,7,3,0,3,27,-10.0,22.0,Broken,🔥 COILED: Avoid/exit,41,-4.5,-3.0,-2.6,43.7,0,,nan,nan,0.0
LFGAX,Lord Abbett Focused Growth Fund Class A,43.12,8,4,2,7,3,0,3,27,-10.0,22.0,Broken,🔥 COILED: Avoid/exit,41,-4.5,-3.0,-2.6,43.7,0,,nan,nan,0.0
MTGP,WisdomTree Mortgage Plus Bond Fund,43.935,7,9,2,4,0,4,3,29,-10.0,22.0,Broken,Avoid/exit,25,-0.3,0.0,-0.2,44.9,0,,nan,nan,8480.97
SNOW,Snowflake Inc.,238.26,15,6,3,15,3,4,5,51,-29.0,22.0,Broken,Avoid/exit,50,-6.8,43.9,15.9,65.9,3,,Technology,82580914176.0,6545736.3
TSEM,Tower Semiconductor Ltd,235.48,12,5,1,12,3,2,5,40,-18.0,22.0,Broken,Avoid/exit,54,-7.7,-15.6,-7.5,45.7,0,,Technology,28019535872.0,2049250.0
BELFA,Bel Fuse A Inc,232.04,7,4,2,8,3,0,2,26,-4.0,22.0,Broken,Avoid/exit,46,-5.3,-1.7,-4.3,44.9,0,,Technology,2952176896.0,47360.5
CRBN,iShares MSCI ACWI Low Carbon Target ETF,248.6,8,4,2,12,3,1,3,33,-11.0,22.0,Broken,Avoid/exit,48,-2.8,-1.1,-1.3,46.8,0,,nan,nan,9518.21
WTW,Willis Towers Watson PLC,263.54,7,12,4,2,3,3,4,35,-11.0,22.0,Broken,Avoid/exit,16,5.6,2.1,2.2,53.1,0,,Financial Services,24890820608.0,694377.5
VIGRX,VANGUARD GROWTH INDEX FUND INVESTOR SHARES,265.32,8,4,1,7,3,1,3,27,-10.0,22.0,Broken,🔥 COILED: Avoid/exit,44,-4.1,-1.8,-1.8,46.4,0,,nan,0.0,0.0
VIGIX,VANGUARD GROWTH INDEX FUND INSTITUTIONAL SHARES,265.29,8,4,1,7,3,1,3,27,-10.0,22.0,Broken,🔥 COILED: Avoid/exit,45,-4.1,-1.8,-1.8,46.5,0,,nan,0.0,0.0
VIGAX,VANGUARD GROWTH INDEX FUND ADMIRAL SHARES,265.27,8,4,1,7,3,1,3,27,-10.0,22.0,Broken,🔥 COILED: Avoid/exit,45,-4.1,-1.8,-1.8,46.5,0,,nan,0.0,0.0
AAMBOX,AAMBOX,268.61,6,8,2,6,0,4,3,29,-10.0,22.0,Broken,Avoid/exit,19,-0.3,1.0,-0.2,44.1,0,,nan,nan,0.0
AAMBKX,AAMBKX,631.64,6,8,2,6,0,4,3,29,-10.0,22.0,Broken,Avoid/exit,21,-0.2,1.1,-0.2,45.1,0,,nan,nan,0.0
AAMBUX,AAMBUX,611.05,6,8,2,6,0,4,3,29,-10.0,22.0,Broken,Avoid/exit,22,-0.2,1.1,-0.1,46.1,0,,nan,nan,0.0
RBTEF,Robertet SA,970.0,5,9,1,5,3,7,2,32,-10.0,22.0,Broken,Avoid/exit,33,0.0,3.2,-0.5,38.7,0,,Basic Materials,2033358592.0,0.55
VRGWX,Vanguard Russell 1000 Growth Index Fund Institutional Shares,971.47,8,4,1,7,3,1,3,27,-10.0,22.0,Broken,🔥 COILED: Avoid/exit,44,-4.0,-1.6,-1.7,46.2,0,,nan,nan,0.0
MTD,Mettler-Toledo International Inc,1154.33,6,7,3,9,1,2,2,30,-8.0,22.0,Broken,Avoid/exit,24,-2.2,5.9,0.1,48.4,0,,Healthcare,23326238720.0,156429.12
HIMX,Himax Technologies Inc,20.08,15,3,2,13,3,1,5,42,-21.0,21.0,Broken,Avoid/exit,57,-2.4,1.0,0.4,54.4,0,,Technology,3502472448.0,2301643.46
PRMRF,Paramount Resources Ltd.,21.53,5,4,1,10,3,4,3,30,-9.0,21.0,Broken,Avoid/exit,52,-1.4,-9.7,-4.0,42.8,0,,Energy,3130462208.0,17281.55
HCSG,Healthcare Services Group Inc,20.37,3,6,3,4,7,4,2,29,-8.0,21.0,Broken,Avoid/exit,45,-1.1,0.8,-1.5,46.1,0,,Healthcare,1398303104.0,721084.57
SLGFX,SIMT LARGE CAP INDEX FUND CLASS F,23.61,8,4,3,7,3,2,4,31,-15.0,21.0,Broken,🔥 COILED: Avoid/exit,53,-2.4,-0.5,-0.7,49.8,0,,nan,nan,0.0
DOGEF,Orsted A/S,25.25,6,7,9,4,7,0,3,36,-13.0,21.0,Broken,Avoid/exit,39,-0.4,-2.9,-1.5,47.5,0,,nan,490434330624.0,2403.75
GLAXF,GSK plc,24.66,3,7,6,6,2,0,2,26,-8.0,21.0,Broken,Avoid/exit,37,-5.2,-5.2,-2.9,43.2,0,,Healthcare,98897846272.0,3413.16
VNNVF,Vonovia SE,24.0,1,9,3,6,3,7,2,31,-10.0,21.0,Broken,Avoid/exit,26,0.7,-13.5,-5.3,38.8,0,,Real Estate,20362205184.0,0.0
OBIIF,OBIC Co.Ltd,25.61,5,8,2,5,3,1,2,26,-10.0,21.0,Broken,🔥 COILED: Avoid/exit,23,0.0,0.0,-0.2,46.2,0,,Technology,11080186880.0,672.6
BLBLF,Bilibili Inc,25.58,10,6,10,6,4,2,3,41,-23.0,21.0,Broken,Avoid/exit,52,0.0,0.0,0.0,100.0,0,,Communication Services,10661529600.0,8.67
TRMD,Torm PLC Class A,28.44,4,10,1,2,8,4,2,31,-8.0,21.0,Broken,Avoid/exit,48,4.4,-12.5,-4.9,39.4,1,,Energy,2911320832.0,707533.0
CRSOX,CREDIT SUISSE COMMODITY RETURN STRATEGY FUND CLASS I,29.64,4,2,2,7,3,1,2,21,0.0,21.0,Broken,Avoid/exit,37,-1.6,-4.2,-3.0,38.1,0,,nan,0.0,0.0
MUIFX,NATIONWIDE FUND INSTITUTIONAL SERVICE CLASS,28.8,6,4,7,7,3,1,3,31,-15.0,21.0,Broken,🔥 COILED: Avoid/exit,30,-2.2,-1.1,-1.1,46.0,0,,nan,0.0,0.0
CRSAX,CREDIT SUISSE COMMODITY RETURN STRATEGY FUND CLASS A,28.34,4,2,2,7,3,1,2,21,0.0,21.0,Broken,Avoid/exit,37,-1.6,-4.2,-3.0,37.9,0,,nan,0.0,0.0
STPIX,TECHNOLOGY & COMMUNICATIONS PORTFOLIO TECHNOLOGY & COMMUNICATIONS PORTFOLIO CLASS I,28.95,6,4,2,7,3,0,4,26,-10.0,21.0,Broken,🔥 COILED: Avoid/exit,44,-3.6,-1.2,-1.6,48.3,0,,nan,0.0,0.0
GNWRX,NATIONWIDE FUND CLASS R,28.13,6,4,7,7,3,1,3,31,-15.0,21.0,Broken,🔥 COILED: Avoid/exit,30,-2.2,-1.1,-1.1,45.9,0,,nan,0.0,0.0
TISBX,TIAA-CREF SMALL-CAP BLEND INDEX FUND INSTITUTIONAL CLASS,29.64,10,4,0,7,3,1,3,28,-10.0,21.0,Broken,Avoid/exit,42,-2.9,-0.3,-1.1,48.9,0,,nan,0.0,0.0
PARCX,T. ROWE PRICE RETIREMENT 2030 FUND T. ROWE PRICE RETIREMENT 2030 FUND-ADVISOR CLASS,28.85,8,4,4,7,3,2,3,31,-15.0,21.0,Broken,🔥 COILED: Avoid/exit,47,-1.7,-0.6,-0.8,46.4,0,,nan,0.0,0.0
JMCGX,JACOB MICRO CAP GROWTH FUND INVESTOR CLASS,29.45,2,2,0,7,3,2,2,18,0.0,21.0,Broken,Avoid/exit,28,-8.1,-5.8,-5.2,38.2,0,,nan,0.0,0.0
SCHA,Schwab U.S. Small-Cap ETF,33.19,9,3,3,14,3,4,3,39,-18.0,21.0,Broken,Avoid/exit,49,-2.5,0.1,-0.8,50.1,0,,nan,nan,3406723.49
FFOLX,FIDELITY FREEDOM INDEX 2045 FUND INSTITUTIONAL PREMIUM CLASS,33.39,8,4,1,7,3,5,3,31,-15.0,21.0,Broken,🔥 COILED: Avoid/exit,50,-2.6,-0.8,-1.2,46.8,0,,nan,0.0,0.0
FIOFX,FIDELITY FREEDOM INDEX 2045 FUND INVESTOR CLASS,33.4,8,4,1,7,3,5,3,31,-15.0,21.0,Broken,🔥 COILED: Avoid/exit,50,-2.6,-0.8,-1.2,46.9,0,,nan,0.0,0.0
FFOPX,FIDELITY FREEDOM INDEX 2050 FUND INSTITUTIONAL PREMIUM CLASS,33.56,8,4,1,7,3,5,3,31,-15.0,21.0,Broken,🔥 COILED: Avoid/exit,50,-2.6,-0.8,-1.2,47.0,0,,nan,0.0,0.0
FIPFX,FIDELITY FREEDOM INDEX 2050 FUND INVESTOR CLASS,33.58,8,4,1,7,3,5,3,31,-15.0,21.0,Broken,🔥 COILED: Avoid/exit,50,-2.6,-0.8,-1.2,47.0,0,,nan,0.0,0.0
JATQX,JPMORGAN SMARTRETIREMENT BLEND 2060 FUND CLASS R3,33.07,8,4,1,7,3,5,3,31,-15.0,21.0,Broken,🔥 COILED: Avoid/exit,50,-2.5,-0.9,-1.1,47.3,0,,nan,0.0,0.0
JATPX,JPMorgan SmartRetirement Blend 2060 Fund,32.54,8,4,1,7,3,5,3,31,-15.0,21.0,Broken,🔥 COILED: Avoid/exit,50,-2.5,-0.9,-1.1,47.2,0,,nan,0.0,0.0
JATUX,JPMORGAN SMARTRETIREMENT BLEND 2060 FUND CLASS R4,32.84,8,4,1,7,3,5,3,31,-15.0,21.0,Broken,🔥 COILED: Avoid/exit,50,-2.4,-0.9,-1.1,47.4,0,,nan,0.0,0.0
TTIHX,TIAA-CREF Lifecycle Index 2055 Advisor,32.49,8,4,1,7,3,5,3,31,-15.0,21.0,Broken,🔥 COILED: Avoid/exit,50,-2.6,-0.8,-1.1,47.3,0,,nan,0.0,0.0
WFGGX,WCM FOCUSED GLOBAL GROWTH FUND INVESTOR CLASS,33.67,8,4,2,7,3,1,3,28,-10.0,21.0,Broken,Avoid/exit,40,-3.4,-0.6,-1.3,46.5,0,,nan,0.0,0.0
FQIPX,Fidelity Freedom Index 2045 Fund Premier Class,33.39,8,4,1,7,3,5,3,31,-15.0,21.0,Broken,🔥 COILED: Avoid/exit,50,-2.6,-0.8,-1.2,46.8,0,,nan,nan,0.0
FRLPX,Fidelity Freedom Index 2050 Fund Premier Class,33.55,8,4,1,7,3,5,3,31,-15.0,21.0,Broken,🔥 COILED: Avoid/exit,50,-2.6,-0.8,-1.2,46.9,0,,nan,nan,0.0
ISHP,First Trust S-Network Global E-Commerce ETF,33.751,3,6,7,4,3,3,2,28,-10.0,21.0,Broken,Avoid/exit,19,-1.8,-0.8,-1.8,42.5,0,,nan,nan,472.99
VAGVX,Vanguard Advice Select Global Value Fund,32.82,11,4,4,7,3,1,3,33,-15.0,21.0,Broken,Avoid/exit,49,-1.4,0.5,-0.2,52.0,0,,nan,nan,0.0
CLSE,Trust For Professional Managers - Convergence Long/Short Equity ETF,33.56,15,3,4,15,3,0,5,45,-24.0,21.0,Broken,Avoid/exit,59,-0.7,1.7,0.8,60.4,0,,nan,nan,106996.24
DIHP,Dimensional International High Profitability ETF,33.52,7,4,8,9,3,5,3,39,-18.0,21.0,Broken,Avoid/exit,37,-2.2,-1.8,-1.4,44.0,0,,nan,nan,542768.5
STEJX,Northern Lights Fund Trust - Sierra Tactical Core Growth Fund,32.35,8,4,1,7,3,5,3,31,-15.0,21.0,Broken,🔥 COILED: Avoid/exit,49,-2.6,-1.0,-1.3,46.2,0,,nan,nan,0.0
STENX,Northern Lights Fund Trust - Sierra Tactical Core Growth Fund,32.16,8,4,1,7,3,5,3,31,-15.0,21.0,Broken,🔥 COILED: Avoid/exit,48,-2.6,-1.0,-1.3,46.1,0,,nan,nan,0.0
SEPP,PGIM US Large-Cap Buffer 12 ETF - September,32.175,13,3,5,10,3,2,3,39,-18.0,21.0,Broken,Avoid/exit,61,-0.6,0.6,0.1,57.0,0,,nan,nan,3399.39
TLLPX,TIAA-CREF LIFECYCLE INDEX 2050 FUND PREMIER CLASS,39.69,8,4,1,7,3,5,3,31,-15.0,21.0,Broken,🔥 COILED: Avoid/exit,50,-2.6,-0.8,-1.1,47.2,0,,nan,0.0,0.0
FTISX,FIDELITY INTERNATIONAL SMALL CAP FUND FIDELITY ADVISOR INTERNATIONAL SMALL CAP FUND: CLASS T,38.1,6,3,5,7,3,1,3,28,-10.0,21.0,Broken,Avoid/exit,46,-4.1,-1.9,-2.2,40.9,0,,nan,0.0,0.0
FIXIX,FIDELITY INTERNATIONAL SMALL CAP FUND FIDELITY ADVISOR INTERNATIONAL SMALL CAP FUND: CLASS I,39.57,6,3,5,7,3,1,3,28,-10.0,21.0,Broken,Avoid/exit,46,-4.0,-1.9,-2.2,41.0,0,,nan,0.0,0.0
SOAVX,SPIRIT OF AMERICA LARGE CAP VALUE FUND CLASS A,39.52,8,4,4,7,3,2,3,31,-15.0,21.0,Broken,🔥 COILED: Avoid/exit,54,-2.1,-1.1,-1.0,48.9,0,,nan,0.0,0.0
TLMRX,TIAA-CREF LIFECYCLE INDEX 2045 FUND RETIREMENT CLASS,38.34,8,4,1,7,3,5,3,31,-15.0,21.0,Broken,🔥 COILED: Avoid/exit,50,-2.4,-0.7,-1.1,47.2,0,,nan,0.0,0.0
TLXIX,TIAA-CREF LIFECYCLE INDEX 2045 FUND INSTITUTIONAL CLASS,38.79,8,4,1,7,3,5,3,31,-15.0,21.0,Broken,🔥 COILED: Avoid/exit,50,-2.4,-0.7,-1.0,47.3,0,,nan,0.0,0.0
TLLRX,TIAA-CREF LIFECYCLE INDEX 2050 FUND RETIREMENT CLASS,39.47,8,4,1,7,3,5,3,31,-15.0,21.0,Broken,🔥 COILED: Avoid/exit,50,-2.6,-0.8,-1.1,47.2,0,,nan,0.0,0.0
OTFCX,Oppenheimer Target Fund Cl C,39.38,6,3,6,7,3,0,3,28,-10.0,21.0,Broken,Avoid/exit,32,-3.6,-2.4,-2.6,43.2,0,,nan,0.0,0.0
FIASX,FIDELITY INTERNATIONAL SMALL CAP FUND FIDELITY ADVISOR INTERNATIONAL SMALL CAP FUND: CLASS A,38.35,6,3,5,7,3,1,3,28,-10.0,21.0,Broken,Avoid/exit,46,-4.1,-1.9,-2.2,40.9,0,,nan,0.0,0.0
FYLD,Cambria Foreign Shareholder Yield ETF,38.07,6,6,7,3,3,11,3,39,-18.0,21.0,Broken,Avoid/exit,54,-0.3,-2.0,-0.9,45.5,1,,nan,nan,57970.54
FISMX,FIDELITY INTERNATIONAL SMALL CAP FUND FIDELITY INTERNATIONAL SMALL CAP FUND,39.29,6,3,5,7,3,1,3,28,-10.0,21.0,Broken,Avoid/exit,46,-4.1,-1.9,-2.2,40.9,0,,nan,0.0,0.0
SSDZX,DEUTSCHE SMALL CAP GROWTH FUND CLASS R6,38.8,10,4,0,7,3,1,3,28,-10.0,21.0,Broken,Avoid/exit,39,-2.9,-0.6,-1.3,47.4,0,,nan,0.0,0.0
TLLHX,TIAA-CREF Lifecycle Index 2050 Advisor,39.88,8,4,1,7,3,5,3,31,-15.0,21.0,Broken,🔥 COILED: Avoid/exit,50,-2.6,-0.8,-1.1,47.2,0,,nan,0.0,0.0
TLMHX,TIAA-CREF Lifecycle Index 2045 Fund Advi,38.7,8,4,1,7,3,5,3,31,-15.0,21.0,Broken,🔥 COILED: Avoid/exit,50,-2.4,-0.7,-1.1,47.2,0,,nan,0.0,0.0
TLLIX,TIAA-CREF LIFECYCLE INDEX 2050 FUND INSTITUTIONAL CLASS,39.96,8,4,1,7,3,5,3,31,-15.0,21.0,Broken,🔥 COILED: Avoid/exit,50,-2.6,-0.8,-1.1,47.2,0,,nan,0.0,0.0
FLEE,Franklin FTSE Europe ETF,38.27,11,3,6,7,3,6,3,39,-18.0,21.0,Broken,Avoid/exit,39,-2.4,-1.9,-1.1,46.8,0,,nan,nan,14819.5
LCR,Leuthold Core ETF,39.129,12,4,3,13,3,1,3,39,-18.0,21.0,Broken,Avoid/exit,58,-1.3,0.1,-0.4,49.0,0,,nan,nan,5495.81
FBOT,Fidelity Disruptive Automation ETF,38.258,9,4,4,13,3,4,2,39,-18.0,21.0,Broken,Avoid/exit,52,-4.0,-1.0,-2.4,44.4,0,,nan,nan,22096.5
BESF,EA Series Trust Bastion Energy ETF,39.415,3,3,3,11,0,7,3,30,-9.0,21.0,Broken,Avoid/exit,54,1.9,-4.5,-1.8,44.6,1,,nan,nan,2860.64
WKISF,Workman Co.Ltd,40.01,8,6,10,6,3,5,3,41,-23.0,21.0,Broken,Avoid/exit,46,0.0,0.0,0.0,100.0,0,,Consumer Cyclical,3265341184.0,8.0
SSDIX,DEUTSCHE SMALL CAP GROWTH FUND INSTITUTIONAL CLASS,41.25,10,4,0,7,3,1,3,28,-10.0,21.0,Broken,Avoid/exit,39,-2.9,-0.6,-1.3,47.4,0,,nan,0.0,0.0
GNMA,iShares GNMA Bond ETF,43.87,6,8,1,9,0,2,3,29,-8.0,21.0,Broken,Avoid/exit,17,-0.9,-0.2,-0.5,41.1,0,,nan,nan,32491.24
JNABX,JPMORGAN SMARTRETIREMENT* BLEND 2050 FUND CLASS R5,42.31,8,4,1,7,3,5,3,31,-15.0,21.0,Broken,🔥 COILED: Avoid/exit,50,-2.4,-0.9,-1.1,47.4,0,,nan,0.0,0.0
JNTPX,JPMORGAN SMARTRETIREMENT* BLEND 2050 FUND CLASS R4,42.24,8,4,1,7,3,5,3,31,-15.0,21.0,Broken,🔥 COILED: Avoid/exit,50,-2.5,-0.9,-1.1,47.3,0,,nan,0.0,0.0
JNNRX,JPMorgan SmartRetirement Blend 2050 Fd R,42.0,8,4,1,7,3,5,3,31,-15.0,21.0,Broken,🔥 COILED: Avoid/exit,50,-2.5,-0.9,-1.1,47.2,0,,nan,0.0,0.0
JPTBX,JPMORGAN SMARTRETIREMENT* BLEND 2055 FUND SELECT CLASS,42.07,8,4,1,7,3,5,3,31,-15.0,21.0,Broken,🔥 COILED: Avoid/exit,50,-2.5,-0.9,-1.1,47.3,0,,nan,0.0,0.0
VLXVX,VANGUARD TARGET RETIREMENT 2065 FUND INVESTOR SHARES,43.45,8,4,1,7,3,5,3,31,-15.0,21.0,Broken,🔥 COILED: Avoid/exit,50,-2.6,-0.8,-1.2,46.9,0,,nan,0.0,0.0
EUSB,iShares Trust - iShares ESG Advanced Total USD Bond Market ETF,43.131,4,6,1,13,0,2,3,29,-8.0,21.0,Broken,Avoid/exit,15,-0.9,-0.1,-0.4,41.5,0,,nan,nan,64765.93
MOOD,Relative Sentiment Tactical Allocation ETF,43.111,9,4,6,13,3,2,3,40,-19.0,21.0,Broken,Avoid/exit,48,-2.0,-0.4,-0.8,47.3,0,,nan,nan,17407.64
LSGR,Natixis ETF Trust II,43.82,6,4,6,11,3,1,2,33,-8.0,21.0,Broken,Avoid/exit,39,-4.1,-2.8,-2.4,43.0,0,,nan,nan,86422.04
VDC,Vanguard Consumer Staples Index Fund ETF Shares,225.75,4,13,0,5,3,1,3,29,-8.0,21.0,Broken,Avoid/exit,39,0.9,-1.8,-0.4,47.0,1,,nan,nan,158726.37
SIMO,Silicon Motion Technology,258.7,12,4,1,13,3,4,5,42,-21.0,21.0,Broken,Avoid/exit,55,-6.6,-1.8,-2.2,52.1,0,,Technology,8771957760.0,622885.5
RYVCX,ENERGY SERVICES FUND CLASS C,256.83,4,2,0,7,3,7,3,26,-5.0,21.0,Broken,Avoid/exit,41,-1.1,-7.7,-4.3,39.6,0,,nan,0.0,0.0
VTWG,Vanguard Russell 2000 Growth Index Fund ETF Shares,267.74,10,4,2,13,3,4,3,39,-18.0,21.0,Broken,Avoid/exit,44,-3.7,-0.4,-1.4,48.6,0,,nan,nan,21390.68
FLKFSX,FLKFSX,595.26,3,6,6,6,0,2,3,26,-10.0,21.0,Broken,🔥 COILED: Avoid/exit,28,-0.4,-0.1,-0.2,41.2,0,,nan,nan,0.0
GBERF,Geberit AG,636.76,3,12,4,4,3,3,2,31,-10.0,21.0,Broken,Avoid/exit,12,0.0,1.0,-1.6,39.4,0,,Industrials,26378981376.0,0.0
CMI,Cummins Inc,651.22,10,5,0,9,3,0,2,29,-8.0,21.0,Broken,Avoid/exit,53,0.7,1.9,-2.0,47.3,0,,Industrials,89861242880.0,905774.0
AAMBJX,AAMBJX,716.71,6,8,2,6,0,3,3,28,-10.0,21.0,Broken,Avoid/exit,18,-0.3,1.2,-0.3,44.6,0,,nan,nan,0.0
FFQUUX,FFQUUX,749.33,6,9,2,6,0,3,2,28,-10.0,21.0,Broken,Avoid/exit,11,-0.4,0.0,-1.4,17.3,0,,nan,nan,0.0
FNTEMX,FNTEMX,790.71,6,8,3,6,0,2,3,28,-10.0,21.0,Broken,Avoid/exit,18,-0.7,0.3,-0.4,43.7,0,,nan,nan,0.0
FVLGIX,FVLGIX,820.71,5,8,3,6,1,2,3,28,-10.0,21.0,Broken,Avoid/exit,24,-0.7,0.3,-0.4,43.9,0,,nan,nan,0.0
FGAIWX,FGAIWX,867.08,6,7,3,6,1,2,3,28,-10.0,21.0,Broken,Avoid/exit,31,-0.7,0.9,-0.1,48.5,0,,nan,nan,0.0
NCRRP,NCR Corp Pref A,1002.0,4,3,8,6,3,1,3,28,-10.0,21.0,Broken,Avoid/exit,10,0.0,0.0,-0.1,0.0,0,,nan,121642803200.0,45.0
BLHWF,BELIMO Holding AG,1049.222,12,6,10,4,4,0,5,41,-23.0,21.0,Broken,Avoid/exit,0,0.0,6.2,4.7,88.5,0,,Industrials,12905372672.0,0.0
MKL,Markel Corporation,1818.67,2,11,3,4,3,1,4,28,-8.0,21.0,Broken,Avoid/exit,14,0.2,-1.9,-0.4,45.9,0,,Financial Services,22758309888.0,51610.69
BVERS,Beaver Coal Co Ltd,2650.0,10,4,5,1,6,0,5,31,-10.0,21.0,Broken,Avoid/exit,36,0.0,0.0,0.6,55.4,0,,Real Estate,65926700.0,0.0
QCSTIX,College Retirement Equities Fund - CREF Stock Account,1211.498,8,4,1,7,3,5,3,31,-15.0,21.0,Broken,🔥 COILED: Avoid/exit,50,-2.7,-1.0,-1.4,46.2,0,,Other,nan,0.0
QCSTPX,College Retirement Equities Fund - CREF Stock Account,1203.063,8,4,1,7,3,5,3,31,-15.0,21.0,Broken,🔥 COILED: Avoid/exit,50,-2.7,-1.0,-1.4,46.2,0,,nan,nan,0.0
QCSTRX,College Retirement Equities Fund - CREF Stock Account,1178.744,8,4,1,7,3,5,3,31,-15.0,21.0,Broken,🔥 COILED: Avoid/exit,50,-2.7,-1.0,-1.4,46.2,0,,nan,nan,0.0
DISTR,Distoken Acquisition Corporation Right,39473.104,1,8,4,6,2,5,2,28,-10.0,21.0,Broken,Avoid/exit,18,-1.3,-1.5,-2.4,33.8,0,,nan,nan,0.0
QCSTFX,QCSTFX,1218.118,8,4,1,7,3,5,3,31,-15.0,21.0,Broken,🔥 COILED: Avoid/exit,50,-2.7,-1.0,-1.3,46.3,0,,nan,nan,0.0
SONY,Sony Group Corp,21.89,8,4,3,7,3,8,5,38,-18.0,20.0,Broken,Avoid/exit,41,1.5,-3.0,-0.2,50.9,0,,Technology,128910016512.0,5268788.73
PRVA,Privia Health Group Inc,21.63,1,12,3,0,8,2,2,28,-8.0,20.0,Broken,Avoid/exit,19,0.6,-4.5,-2.3,42.1,1,,Healthcare,2725647616.0,833159.66
GHRS,GH Research PLC,21.43,12,4,1,8,3,1,4,33,-13.0,20.0,Broken,Avoid/exit,48,-10.7,-1.6,-4.5,47.5,1,,Healthcare,1470289152.0,303763.03
CMSD,CMS Energy Corporation 5.875% J,22.52,1,5,2,7,2,1,2,20,0.0,20.0,Broken,Avoid/exit,14,-1.8,-0.9,-1.5,34.6,0,,Utilities,nan,39053.5
DKNG,DraftKings Inc,24.93,12,3,7,6,5,3,3,39,-24.0,20.0,Broken,🔥 COILED: Avoid/exit,37,1.8,-1.9,0.2,51.4,0,,Consumer Cyclical,12368491520.0,14113860.28
CSBTF,Kuros Biosciences AG,24.75,3,4,8,3,3,3,3,27,-10.0,20.0,Broken,Avoid/exit,12,0.0,0.0,-3.1,33.0,0,,Healthcare,975446528.0,0.0
KE,Kimball Electronics,24.43,5,6,2,8,3,2,2,28,-8.0,20.0,Broken,Avoid/exit,21,-5.8,0.9,-4.7,43.0,0,,Industrials,587515200.0,184213.16
NTULF,BIPROGY Inc.,28.78,4,1,1,7,3,1,3,20,0.0,20.0,Broken,Avoid/exit,14,-0.4,-0.4,-0.3,0.0,0,,Technology,2779478784.0,2.0
DEMSX,EMERGING MARKETS SMALL CAP PORTFOLIO EMERGING MARKETS SMALL CAP PORTFOLIO - INSTITUTIONAL CLASS,28.56,4,2,1,7,3,1,2,20,0.0,20.0,Broken,Avoid/exit,37,-3.1,-1.6,-2.7,38.6,0,,nan,0.0,0.0
OEGNX,Oppenhmr Discovery Mid Cp Grwth Fd Cls N,28.45,10,4,5,7,3,0,3,32,-15.0,20.0,Broken,Avoid/exit,51,-1.4,0.2,-0.8,49.9,0,,nan,0.0,0.0
VTTHX,VANGUARD TARGET RETIREMENT 2035 FUND INVESTOR SHARES,29.13,8,4,1,7,3,4,3,30,-15.0,20.0,Broken,🔥 COILED: Avoid/exit,50,-2.1,-0.5,-0.9,47.2,0,,nan,0.0,0.0
CCVIX,CALAMOS CONVERTIBLE FUND CLASS A,28.1,11,4,1,7,3,3,4,33,-13.0,20.0,Broken,Avoid/exit,48,-1.9,0.6,-0.5,51.8,0,,nan,0.0,0.0
GRMIX,NATIONWIDE S&P 500 INDEX FUND CLASS R6,33.38,8,4,3,7,3,2,3,30,-15.0,20.0,Broken,🔥 COILED: Avoid/exit,53,-2.5,-0.8,-0.9,49.2,0,,nan,0.0,0.0
FCGSX,FIDELITY SERIES GROWTH COMPANY FUND CLASS F,32.31,8,4,3,7,3,1,4,30,-15.0,20.0,Broken,🔥 COILED: Avoid/exit,47,-3.6,-1.9,-1.4,49.0,0,,nan,0.0,0.0
PBLCX,BLUE CHIP FUND CLASS C,33.91,5,3,6,7,3,1,2,27,-10.0,20.0,Broken,Avoid/exit,27,-4.1,-2.3,-2.1,43.1,0,,nan,0.0,0.0
SPFFX,Manager Directed Portfolios - Sphere 500 Fossil Free Fund,32.79,8,4,3,7,3,1,4,30,-15.0,20.0,Broken,🔥 COILED: Avoid/exit,53,-3.0,-0.8,-1.0,49.4,0,,nan,nan,0.0
QTJA,Innovator ETFs Trust - Innovator Growth Accelerated Plus ETF - January,32.362,8,4,4,13,3,6,3,41,-21.0,20.0,Broken,Avoid/exit,59,-2.0,-0.9,-0.7,50.0,0,,nan,nan,9035.4
TRCFX,Popular Total Return C,32.75,8,4,1,7,3,4,3,30,-15.0,20.0,Broken,🔥 COILED: Avoid/exit,45,-2.0,-0.7,-1.0,45.4,0,,nan,nan,0.0
TRAFX,Popular Total Return A,33.33,8,4,1,7,3,4,3,30,-15.0,20.0,Broken,🔥 COILED: Avoid/exit,48,-1.9,-0.7,-0.9,45.6,0,,nan,nan,0.0
RAFAX,AMCAP FUND CLASS R-1,38.0,6,4,3,7,3,1,3,27,-10.0,20.0,Broken,Avoid/exit,40,-3.8,-1.0,-1.6,44.7,0,,nan,0.0,0.0
MUESX,MFS BLENDED RESEARCH CORE EQUITY FUND R2,38.07,8,4,3,7,3,2,3,30,-15.0,20.0,Broken,🔥 COILED: Avoid/exit,53,-2.3,-0.7,-0.9,48.1,0,,nan,0.0,0.0
ASPZX,ALGER SPECTRA FUND ALGER SPECTRA FUND CLASS Z,39.69,8,4,1,7,3,1,3,27,-10.0,20.0,Broken,Avoid/exit,43,-5.6,-2.0,-2.3,46.5,0,,nan,0.0,0.0
MUSBX,Mfs Union Standard Equity Fund Class,38.54,8,4,3,7,3,2,3,30,-15.0,20.0,Broken,🔥 COILED: Avoid/exit,53,-2.3,-0.7,-0.9,47.9,0,,nan,0.0,0.0
FFTY,Capital-Force ETF Trust,39.13,12,4,5,9,3,3,2,38,-18.0,20.0,Broken,Avoid/exit,49,-3.9,-2.4,-3.2,45.3,0,,nan,nan,124288.5
JNTEX,JPMORGAN SMARTRETIREMENT* BLEND 2040 FUND CLASS R3,39.06,8,4,1,7,3,4,3,30,-15.0,20.0,Broken,🔥 COILED: Avoid/exit,50,-2.2,-0.7,-0.9,47.3,0,,nan,0.0,0.0
JNTNX,JPMORGAN SMARTRETIREMENT* BLEND 2040 FUND CLASS R4,38.75,8,4,1,7,3,4,3,30,-15.0,20.0,Broken,🔥 COILED: Avoid/exit,50,-2.2,-0.7,-0.9,47.4,0,,nan,0.0,0.0
JOBBX,JPMORGAN SMARTRETIREMENT* BLEND 2040 FUND CLASS R5,38.82,8,4,1,7,3,4,3,30,-15.0,20.0,Broken,🔥 COILED: Avoid/exit,49,-2.1,-0.7,-0.9,47.5,0,,nan,0.0,0.0
JOBRX,JPMorgan SmartRetirement Blend 2040 Fd R,38.49,8,4,1,7,3,4,3,30,-15.0,20.0,Broken,🔥 COILED: Avoid/exit,50,-2.2,-0.7,-0.9,47.3,0,,nan,0.0,0.0
JOBEX,JPMORGAN SMARTRETIREMENT* BLEND 2040 FUND SELECT CLASS,38.85,8,4,1,7,3,4,3,30,-15.0,20.0,Broken,🔥 COILED: Avoid/exit,50,-2.1,-0.7,-0.9,47.5,0,,nan,0.0,0.0
JOBYX,JPMORGAN SMARTRETIREMENT* BLEND 2040 FUND CLASS R6,38.82,8,4,1,7,3,4,3,30,-15.0,20.0,Broken,🔥 COILED: Avoid/exit,49,-2.1,-0.7,-0.9,47.6,0,,nan,0.0,0.0
PGBEX,BLUE CHIP FUND R-3,38.19,5,3,6,7,3,1,2,27,-10.0,20.0,Broken,Avoid/exit,28,-4.1,-2.3,-2.0,43.2,0,,nan,0.0,0.0
PBLAX,BLUE CHIP FUND CLASS A,38.74,5,3,6,7,3,1,2,27,-10.0,20.0,Broken,Avoid/exit,28,-4.1,-2.3,-2.0,43.3,0,,nan,0.0,0.0
PGBGX,BLUE CHIP FUND R-5,39.76,5,3,6,7,3,1,2,27,-10.0,20.0,Broken,Avoid/exit,28,-4.1,-2.3,-2.0,43.2,0,,nan,0.0,0.0
SACVX,Spirit of America Large Cap Value Fund C,39.37,8,4,3,7,3,2,3,30,-15.0,20.0,Broken,🔥 COILED: Avoid/exit,54,-2.1,-1.1,-1.0,48.7,0,,nan,0.0,0.0
PBCJX,BLUE CHIP FUND CLASS J,39.93,5,3,6,7,3,1,2,27,-10.0,20.0,Broken,Avoid/exit,28,-4.0,-2.3,-2.0,43.3,0,,nan,0.0,0.0
ASPYX,Alger Spectra Fund,39.92,8,4,1,7,3,1,3,27,-10.0,20.0,Broken,Avoid/exit,43,-5.5,-2.0,-2.3,46.6,0,,nan,nan,0.0
SOIVX,Spirit of America Large Cap Value Fund Institutional Shares,39.56,8,4,3,7,3,2,3,30,-15.0,20.0,Broken,🔥 COILED: Avoid/exit,54,-2.1,-1.1,-1.0,49.0,0,,nan,nan,0.0
ONOF,Global X Adaptive U.S. Risk Management ETF,39.489,11,3,3,7,3,2,4,33,-13.0,20.0,Broken,Avoid/exit,61,-2.4,-0.5,-0.8,49.4,0,,nan,nan,10301.07
TOLL,Tema Monopolies and Oligopolies ETF,38.636,12,3,1,15,3,3,4,41,-21.0,20.0,Broken,Avoid/exit,59,-2.2,1.0,-0.3,52.4,0,,nan,nan,15582.92
JDVI,John Hancock Exchange-Traded Fund Trust,38.506,12,4,7,8,3,2,3,39,-19.0,20.0,Broken,Avoid/exit,43,-2.2,-1.5,-1.4,46.6,0,,nan,nan,10863.5
TEXU,Direxion Daily Energy Top 5 Bull 2X ETF,39.078,1,4,2,11,0,6,5,29,-9.0,20.0,Broken,Avoid/exit,51,4.0,-8.0,-2.8,45.5,0,,nan,nan,0.0
CLFD,Clearfield Inc,40.04,9,4,1,12,3,4,5,38,-18.0,20.0,Broken,Avoid/exit,52,-15.2,-6.4,-6.9,46.9,0,,Technology,544121984.0,164117.95
EDEMY,eDreams ODIGEO S.A,40.0,6,8,2,1,3,1,2,23,-8.0,20.0,Broken,🔥 COILED: Avoid/exit,15,0.0,0.0,-0.1,42.6,0,,Consumer Cyclical,418204352.0,8.22
PBCKX,BLUE CHIP FUND INSTITUTIONAL CLASS,40.52,5,3,6,7,3,1,2,27,-10.0,20.0,Broken,Avoid/exit,28,-4.0,-2.3,-2.0,43.4,0,,nan,0.0,0.0
SEEKX,STEWARD LARGE CAP ENHANCED INDEX FUND INDIVIDUAL CLASS,41.94,8,4,2,7,3,2,4,30,-15.0,20.0,Broken,🔥 COILED: Avoid/exit,53,-2.4,-0.6,-0.8,50.0,0,,nan,0.0,0.0
MUETX,MFS BLENDED RESEARCH CORE EQUITY FUND R3,41.06,8,4,3,7,3,2,3,30,-15.0,20.0,Broken,🔥 COILED: Avoid/exit,53,-2.3,-0.7,-0.9,48.1,0,,nan,0.0,0.0
MRGGX,MFS CORE EQUITY FUND R1,40.58,6,4,2,7,3,2,3,27,-10.0,20.0,Broken,Avoid/exit,39,-2.3,-0.9,-1.1,45.7,0,,nan,0.0,0.0
GNNDY,GN Store Nord A/S ADR,43.77,1,6,9,3,3,5,2,29,-10.0,20.0,Broken,Avoid/exit,24,-4.8,0.1,-2.4,42.4,0,,Healthcare,2124486912.0,415.03
SZCCX,DEUTSCHE SMALL CAP CORE FUND CLASS C,42.48,10,4,2,7,3,3,3,32,-15.0,20.0,Broken,Avoid/exit,44,-1.3,0.7,-0.7,48.8,0,,nan,0.0,0.0
MUSEX,Mfs Union Standard Trust Equity Fund Class,42.31,8,4,3,7,3,2,3,30,-15.0,20.0,Broken,🔥 COILED: Avoid/exit,53,-2.3,-0.7,-0.9,48.2,0,,nan,0.0,0.0
MUEVX,MFS BLENDED RESEARCH CORE EQUITY FUND R6,42.43,8,4,3,7,3,2,3,30,-15.0,20.0,Broken,🔥 COILED: Avoid/exit,53,-2.3,-0.7,-0.9,48.2,0,,nan,0.0,0.0
CAFEX,AMCAP FUND CLASS 529-E,43.93,8,4,1,7,3,1,3,27,-10.0,20.0,Broken,Avoid/exit,39,-3.8,-1.0,-1.6,44.7,0,,nan,0.0,0.0
IDV,iShares International Select Dividend ETF,43.42,5,5,5,12,3,5,3,38,-18.0,20.0,Broken,Avoid/exit,47,-2.6,-4.3,-2.3,38.3,0,,nan,nan,1034628.95
IVLU,iShares Edge MSCI Intl Value Factor ETF,42.04,9,4,7,7,3,5,3,38,-18.0,20.0,Broken,Avoid/exit,47,-2.1,-1.6,-1.1,46.7,0,,nan,nan,1096969.54
QVML,Invesco Exchange-Traded Fund Trust II - Invesco S&P 500 QVM Multi-factor ETF,43.715,8,4,3,14,3,6,4,42,-22.0,20.0,Broken,Avoid/exit,52,-2.0,-0.3,-0.4,51.9,0,,nan,nan,11707.52
DIVD,Altrius Global Dividend ETF,42.476,10,8,8,5,3,6,4,44,-24.0,20.0,Broken,Avoid/exit,60,0.0,-1.1,-0.0,50.8,0,,nan,nan,2372.5
IVVW,iShares S&P 500 BuyWrite ETF,43.667,1,4,1,11,3,5,3,28,-8.0,20.0,Broken,Avoid/exit,26,-3.0,-1.9,-1.8,35.2,0,,nan,nan,30573.0
HKTGF,Hikari Tsushin Inc,235.0,5,10,3,3,3,2,2,28,-8.0,20.0,Broken,Avoid/exit,27,4.7,4.7,1.6,51.1,0,,Industrials,10291064832.0,5.44
VRNIX,Vanguard Scottsdale Funds - Vanguard Russell 1000 ETF,645.46,8,4,2,7,3,2,4,30,-15.0,20.0,Broken,🔥 COILED: Avoid/exit,53,-2.4,-0.5,-0.8,49.7,0,,nan,nan,0.0
VRTTX,Vanguard Russell 3000 Index Fund Institutional Shares,628.93,8,4,2,7,3,2,4,30,-15.0,20.0,Broken,🔥 COILED: Avoid/exit,53,-2.4,-0.5,-0.8,49.6,0,,nan,nan,0.0
FQPTWX,FQPTWX,623.64,6,6,3,6,1,2,3,27,-10.0,20.0,Broken,Avoid/exit,19,-0.5,0.4,-0.2,45.9,0,,nan,nan,0.0
FDLAVX,FDLAVX,655.19,6,6,3,6,1,2,3,27,-10.0,20.0,Broken,Avoid/exit,24,-0.7,0.3,-0.3,44.3,0,,nan,nan,0.0
VLISX,VANGUARD LARGE-CAP INDEX FUND INSTITUTIONAL SHARES,705.64,8,4,2,7,3,2,4,30,-15.0,20.0,Broken,🔥 COILED: Avoid/exit,53,-2.5,-0.6,-0.8,49.7,0,,nan,0.0,0.0
FPRDBX,FPRDBX,722.88,6,6,3,6,1,2,3,27,-10.0,20.0,Broken,Avoid/exit,24,-0.7,0.3,-0.4,43.7,0,,nan,nan,0.0
FJCHQX,FJCHQX,782.91,6,6,2,6,0,2,3,25,-10.0,20.0,Broken,🔥 COILED: Avoid/exit,23,-0.5,-0.1,-0.4,40.1,0,,nan,nan,0.0
FDAILX,FDAILX,845.41,6,6,3,6,1,2,3,27,-10.0,20.0,Broken,Avoid/exit,27,-0.8,0.6,-0.3,46.6,0,,nan,nan,0.0
FIMQEX,FIMQEX,845.4,6,6,3,6,1,2,3,27,-10.0,20.0,Broken,Avoid/exit,28,-0.6,0.4,-0.2,45.3,0,,nan,nan,0.0
FMOIPX,FMOIPX,886.88,6,6,3,6,1,2,3,27,-10.0,20.0,Broken,Avoid/exit,25,-0.6,0.5,-0.2,45.9,0,,nan,nan,0.0
FCOIGX,FCOIGX,925.57,6,6,1,6,3,2,3,27,-10.0,20.0,Broken,Avoid/exit,27,-0.6,-0.3,-0.3,45.0,0,,nan,nan,0.0
FTLUVX,FTLUVX,928.38,5,6,3,6,0,2,3,25,-10.0,20.0,Broken,🔥 COILED: Avoid/exit,20,-0.7,0.1,-0.4,41.5,0,,nan,nan,0.0
AHIAAX,AHIAAX,959.78,5,8,2,6,0,1,3,25,-10.0,20.0,Broken,🔥 COILED: Avoid/exit,21,-0.2,0.2,-0.2,40.6,0,,nan,nan,0.0
AIGAHX,AIGAHX,994.55,3,5,6,6,0,2,3,25,-10.0,20.0,Broken,🔥 COILED: Avoid/exit,23,-0.1,0.0,-0.1,40.4,0,,nan,nan,0.0
AHIAIX,AHIAIX,1062.79,3,7,6,6,0,2,3,27,-10.0,20.0,Broken,Avoid/exit,0,-0.4,0.2,-0.4,38.7,0,,nan,nan,0.0
SLG-PI,SL Green Realty Corp,20.84,2,8,4,5,5,1,2,27,-8.0,19.0,Broken,Avoid/exit,19,-0.5,-1.0,-1.1,39.7,0,,Real Estate,6173287936.0,16462.16
DFIHY,Dairy Farm International Holdings Ltd ADR,20.5,3,4,4,6,3,7,2,29,-10.0,19.0,Broken,Avoid/exit,0,0.0,0.0,-0.8,18.8,0,,Consumer Defensive,5549967872.0,0.0
NRSDY,Nordic Semiconductor ASA,20.59,7,4,1,5,3,2,4,26,-10.0,19.0,Broken,Avoid/exit,42,-6.5,-4.4,-4.6,45.6,0,,Technology,4065615616.0,491.08
NVGS,Navigator Holdings Ltd,21.79,8,6,1,5,5,4,2,31,-10.0,19.0,Broken,Avoid/exit,62,0.4,-6.9,-2.5,43.7,1,,Energy,1344919808.0,350244.0
DUK-PA,Duke Energy Corporation,24.65,3,10,2,6,5,2,3,31,-10.0,19.0,Broken,Avoid/exit,25,-0.2,0.1,-0.5,43.2,0,,Utilities,61508739072.0,56938.14
HIG-PG,The Hartford Financial Services Group Inc,24.765,1,7,5,3,5,2,3,26,-10.0,19.0,Broken,Avoid/exit,22,-0.4,-0.1,-0.3,43.1,0,,Financial Services,18682652672.0,18927.94
WULF,Terawulf Inc,24.0,9,3,2,14,3,0,3,34,-15.0,19.0,Broken,Avoid/exit,51,-6.1,4.7,-1.0,51.7,1,,Financial Services,11892783104.0,34971747.0
CWAN,Clearwater Analytics Holdings Inc,24.37,15,6,9,4,5,6,3,48,-29.0,19.0,Broken,Avoid/exit,56,0.1,0.0,0.1,58.3,1,,Technology,7274159616.0,7154680.8
VLYPP,Valley National Bancorp A Pref,25.1,5,8,3,4,7,2,3,32,-11.0,19.0,Broken,Avoid/exit,41,0.4,-0.6,-0.2,46.5,0,,Financial Services,3127824128.0,4748.14
BEAM,Beam Therapeutics Inc,29.4,14,3,1,13,5,2,2,40,-21.0,19.0,Broken,Avoid/exit,45,-10.7,6.3,-2.5,48.5,1,,Healthcare,3024648960.0,2170781.36
MNYFF,MNYFF,29.42,4,4,8,6,3,1,3,29,-15.0,19.0,Broken,🔥 COILED: Avoid/exit,25,0.0,0.0,0.0,50.0,1,,Technology,1631884800.0,5.25
EVSAX,WELLS FARGO DISCIPLINED U.S. CORE FUND CLASS A,28.2,8,4,2,7,3,1,4,29,-15.0,19.0,Broken,🔥 COILED: Avoid/exit,53,-2.5,-0.6,-0.9,49.3,0,,nan,0.0,0.0
ASMYX,INVESCO SUMMIT FUND CLASS Y,29.79,6,3,4,7,3,0,3,26,-10.0,19.0,Broken,Avoid/exit,34,-4.0,-2.5,-2.9,42.6,0,,nan,0.0,0.0
SISAX,SAAT TAX-MANAGED AGGRESSIVE STRATEGY FUND SAAT TAX-MANAGED AGGRESSIVE STRATEGY FUND - CLASS F EFFECTIVE 1-31-2017 (FORMERLY CLASS A),29.3,10,4,3,7,3,1,3,31,-15.0,19.0,Broken,Avoid/exit,53,-1.2,0.2,-0.3,51.2,0,,nan,0.0,0.0
SMMIX,INVESCO SUMMIT FUND CLASS P,29.64,6,3,4,7,3,0,3,26,-10.0,19.0,Broken,Avoid/exit,34,-4.0,-2.5,-2.8,42.6,0,,nan,0.0,0.0
RGWAX,AMERICAN FUNDS GROWTH PORTFOLIO CLASS R-1,29.51,8,4,3,7,3,1,3,29,-15.0,19.0,Broken,🔥 COILED: Avoid/exit,45,-3.8,-1.2,-1.6,45.6,0,,nan,0.0,0.0
SMMSX,INVESCO SUMMIT FUND CLASS S,29.02,6,3,4,7,3,0,3,26,-10.0,19.0,Broken,Avoid/exit,34,-4.0,-2.5,-2.9,42.6,0,,nan,0.0,0.0
SGOVX,FIRST EAGLE OVERSEAS FUND CLASS A,32.42,4,2,8,7,3,3,2,29,-10.0,19.0,Broken,Avoid/exit,38,-2.6,-2.8,-2.2,38.2,0,,nan,0.0,0.0
OEGAX,Oppenheimer Discovery Mid Cap Growth A,32.62,10,4,4,7,3,0,3,31,-15.0,19.0,Broken,Avoid/exit,51,-1.3,0.2,-0.8,49.9,0,,nan,0.0,0.0
PUTW,WisdomTree CBOE S&P 500 PutWrite Strategy Fund,32.74,4,2,9,10,3,6,3,37,-18.0,19.0,Broken,Avoid/exit,37,-1.5,-1.8,-1.1,38.3,0,,nan,nan,111062.68
FAMRX,FIDELITY ASSET MANAGER 85% FIDELITY ASSET MANAGER 85%,33.31,8,4,4,7,3,0,3,29,-15.0,19.0,Broken,🔥 COILED: Avoid/exit,50,-2.7,-1.2,-1.4,46.1,0,,nan,0.0,0.0
BASMX,BlackRock Total Stock Market Index Fund,33.54,8,4,2,7,3,2,3,29,-15.0,19.0,Broken,🔥 COILED: Avoid/exit,53,-2.4,-0.5,-0.8,49.6,0,,nan,0.0,0.0
BKTSX,BlackRock Total Stock Market Index Fund,33.6,8,4,2,7,3,2,3,29,-15.0,19.0,Broken,🔥 COILED: Avoid/exit,53,-2.4,-0.5,-0.8,49.6,0,,nan,0.0,0.0
BITSX,BlackRock Total Stock Market Index Fund,33.6,8,4,2,7,3,2,3,29,-15.0,19.0,Broken,🔥 COILED: Avoid/exit,53,-2.4,-0.5,-0.8,49.6,0,,nan,0.0,0.0
FEORX,First Eagle Overseas Fund Class R6,33.45,4,2,8,7,3,3,2,29,-10.0,19.0,Broken,Avoid/exit,38,-2.6,-2.7,-2.2,38.2,0,,nan,0.0,0.0
FIQCX,FIDELITY ASSET MANAGER 85% FIDELITY ADVISOR ASSET MANAGER 85%: CLASS Z,33.05,8,4,4,7,3,0,3,29,-15.0,19.0,Broken,🔥 COILED: Avoid/exit,50,-2.7,-1.2,-1.4,46.0,0,,nan,nan,0.0
DMCFX,Invesco Discovery Mid Cap Growth Fund Class R5,33.53,10,4,4,7,3,0,3,31,-15.0,19.0,Broken,Avoid/exit,51,-1.3,0.2,-0.8,50.0,0,,nan,nan,0.0
BUYZ,Franklin Disruptive Commerce ETF,33.713,2,5,5,9,3,1,2,27,-8.0,19.0,Broken,Avoid/exit,28,-4.3,-1.5,-2.1,41.9,0,,nan,nan,711.79
BALI,Blackrock Advantage Large Cap Income ETF,33.27,8,4,2,12,3,5,3,37,-18.0,19.0,Broken,Avoid/exit,48,-2.9,-1.6,-1.3,44.4,0,,nan,nan,239238.0
FEBP,PGIM US Large-Cap Buffer 12 ETF - February,33.712,11,3,3,10,3,4,3,37,-18.0,19.0,Broken,Avoid/exit,57,-1.0,0.3,-0.1,53.2,0,,nan,nan,3886.38
OBEGX,OBERWEIS EMERGING GROWTH FUND OBERWEIS EMERGING GROWTH FUND,38.79,8,4,4,7,3,0,3,29,-15.0,19.0,Broken,🔥 COILED: Avoid/exit,45,-1.9,-1.3,-1.2,49.2,0,,nan,0.0,0.0
GOIOX,JOHN HANCOCK INTERNATIONAL GROWTH FUND CLASS 1,38.19,8,4,1,7,3,4,2,29,-15.0,19.0,Broken,🔥 COILED: Avoid/exit,43,-4.5,-1.6,-2.7,43.1,0,,nan,0.0,0.0
FDTEX,FIDELITY ADVISOR DIVERSIFIED STOCK FUND FIDELITY ADVISOR DIVERSIFIED STOCK FUND: CLASS T,39.36,8,4,4,7,3,0,3,29,-15.0,19.0,Broken,🔥 COILED: Avoid/exit,53,-2.7,-0.6,-1.2,47.8,0,,nan,0.0,0.0
SFAAX,WELLS FARGO INDEX ASSET ALLOCATION FUND CLASS A,39.82,6,4,4,7,3,2,3,29,-15.0,19.0,Broken,🔥 COILED: Avoid/exit,38,-1.9,-0.7,-0.8,47.5,0,,nan,0.0,0.0
WFAIX,WELLS FARGO INDEX ASSET ALLOCATION FUND ADMINISTRATOR CLASS,39.91,6,4,4,7,3,2,3,29,-15.0,19.0,Broken,🔥 COILED: Avoid/exit,38,-1.9,-0.6,-0.8,47.5,0,,nan,0.0,0.0
CWI,SPDR® MSCI ACWI ex-US ETF,39.13,8,4,4,12,3,3,3,37,-18.0,19.0,Broken,Avoid/exit,53,-4.2,-2.6,-2.4,42.9,0,,nan,nan,312843.67
JIGTX,JOHN HANCOCK INTERNATIONAL GROWTH FUND CLASS R6,38.3,8,4,1,7,3,4,2,29,-15.0,19.0,Broken,🔥 COILED: Avoid/exit,43,-4.5,-1.6,-2.7,43.2,0,,nan,0.0,0.0
OBGIX,OBERWEIS EMERGING GROWTH FUND INSTITUTIONAL CLASS,39.99,8,4,4,7,3,0,3,29,-15.0,19.0,Broken,🔥 COILED: Avoid/exit,45,-1.9,-1.3,-1.2,49.3,0,,nan,0.0,0.0
WFATX,Wells Fargo Index Asset Allocation Fund-,39.78,6,4,4,7,3,2,3,29,-15.0,19.0,Broken,🔥 COILED: Avoid/exit,39,-1.9,-0.6,-0.8,47.6,0,,nan,0.0,0.0
JLGEX,JLGEX,38.02,8,4,1,7,3,3,3,29,-15.0,19.0,Broken,🔥 COILED: Avoid/exit,44,-2.6,-0.7,-1.2,46.2,0,,nan,nan,0.0
REQCX,U.S. DEFENSIVE EQUITY FUND CLASS C,41.47,6,4,2,7,3,1,4,27,-8.0,19.0,Broken,Avoid/exit,42,-2.2,-0.2,-0.7,49.8,0,,nan,0.0,0.0
FDTOX,FIDELITY ADVISOR DIVERSIFIED STOCK FUND FIDELITY ADVISOR DIVERSIFIED STOCK FUND: CLASS A,40.15,8,4,4,7,3,0,3,29,-15.0,19.0,Broken,🔥 COILED: Avoid/exit,53,-2.7,-0.6,-1.2,47.9,0,,nan,0.0,0.0
CEVA,CEVA Inc,43.58,17,3,2,16,3,3,5,49,-30,19,Broken,Avoid/exit,70,9.0,13.4,6.7,60.2,3,,Technology,1213971968.0,520135.66
TMLCX,SIMT TAX-MANAGED LARGE CAP FUND SIMT TAX-MANAGED LARGE CAP FUND - CLASS F EFFECTIVE 1-31-2017 (FORMERLY CLASS A),43.55,11,4,3,7,3,5,4,37,-18.0,19.0,Broken,Avoid/exit,55,-1.3,0.3,-0.1,52.8,0,,nan,0.0,0.0
FDESX,FIDELITY ADVISOR DIVERSIFIED STOCK FUND CLASS O,42.45,8,4,4,7,3,0,3,29,-15.0,19.0,Broken,🔥 COILED: Avoid/exit,53,-2.7,-0.6,-1.2,48.0,0,,nan,0.0,0.0
SMIZ,Zacks Trust,42.052,12,3,3,13,3,4,3,41,-18.0,19.0,Broken,Avoid/exit,62,-1.4,0.7,-0.4,51.0,0,,nan,nan,27497.28
FCWTRX,FCWTRX,223.21,6,6,3,6,0,2,3,26,-10.0,19.0,Broken,Avoid/exit,22,-0.5,0.3,-0.3,43.3,0,,nan,nan,0.0
FGRAYX,FGRAYX,248.84,6,6,3,6,0,2,3,26,-10.0,19.0,Broken,Avoid/exit,21,-0.5,0.3,-0.3,43.9,0,,nan,nan,0.0
FXAIX,Fidelity 500 Index Fund,257.02,8,4,2,7,3,2,3,29,-15.0,19.0,Broken,🔥 COILED: Avoid/exit,53,-2.5,-0.8,-0.9,49.1,0,,nan,0.0,0.0
FWCBJX,FWCBJX,250.9,3,5,5,6,0,4,3,26,-10.0,19.0,Broken,Avoid/exit,30,-0.1,-0.0,-0.2,35.5,0,,nan,nan,0.0
QCEQRX,College Retirement Equities Fund - CREF Equity Index Account,638.662,8,4,2,7,3,2,3,29,-15.0,19.0,Broken,🔥 COILED: Avoid/exit,52,-2.5,-0.8,-0.9,49.2,0,,nan,nan,0.0
FAMTRX,FAMTRX,636.23,6,6,2,6,1,2,3,26,-10.0,19.0,Broken,Avoid/exit,24,-0.6,0.3,-0.3,45.0,0,,nan,nan,0.0
FATOPX,FATOPX,624.02,6,6,3,6,0,2,3,26,-10.0,19.0,Broken,Avoid/exit,24,-0.7,0.4,-0.4,43.3,0,,nan,nan,0.0
FCHWRX,FCHWRX,605.33,5,6,3,6,1,2,3,26,-10.0,19.0,Broken,Avoid/exit,24,-0.7,0.4,-0.3,43.7,0,,nan,nan,0.0
VFINX,VANGUARD 500 INDEX FUND INVESTOR SHARES,682.86,8,4,2,7,3,2,3,29,-15.0,19.0,Broken,🔥 COILED: Avoid/exit,53,-2.5,-0.8,-0.9,49.2,0,,nan,0.0,0.0
VFIAX,VANGUARD 500 INDEX FUND ADMIRAL SHARES,682.84,8,4,2,7,3,2,3,29,-15.0,19.0,Broken,🔥 COILED: Avoid/exit,53,-2.5,-0.8,-0.9,49.2,0,,nan,0.0,0.0
QCEQIX,CREF Equity Index Account Class R3,656.403,8,4,2,7,3,2,3,29,-15.0,19.0,Broken,🔥 COILED: Avoid/exit,52,-2.5,-0.8,-0.9,49.2,0,,Other,nan,0.0
QCEQPX,CREF Equity Index Account - R2,651.834,8,4,2,7,3,2,3,29,-15.0,19.0,Broken,🔥 COILED: Avoid/exit,52,-2.5,-0.8,-0.9,49.2,0,,nan,nan,0.0
FEWZPX,FEWZPX,657.72,6,4,3,8,0,2,3,26,-7.0,19.0,Broken,Avoid/exit,25,0.0,0.1,-0.1,16.1,0,,nan,nan,0.0
FHELPX,FHELPX,696.23,7,6,2,6,0,3,2,26,-10.0,19.0,Broken,Avoid/exit,12,-0.7,0.3,-1.1,31.7,0,,nan,nan,0.0
QCEQFX,QCEQFX,659.987,8,4,2,7,3,2,3,29,-15.0,19.0,Broken,🔥 COILED: Avoid/exit,52,-2.5,-0.8,-0.9,49.2,0,,nan,nan,0.0
FPERCX,FPERCX,704.87,6,5,3,6,1,2,3,26,-10.0,19.0,Broken,Avoid/exit,27,-0.6,0.5,-0.2,46.8,0,,nan,nan,0.0
FSXYMX,FSXYMX,775.54,3,6,2,6,2,2,3,24,-10.0,19.0,Broken,🔥 COILED: Avoid/exit,24,-0.4,-0.0,-0.2,41.7,0,,nan,nan,0.0
FLOKNX,FLOKNX,837.37,6,6,3,6,0,2,3,26,-10.0,19.0,Broken,Avoid/exit,24,-0.7,0.2,-0.4,43.0,0,,nan,nan,0.0
FSECUX,FSECUX,845.22,6,5,3,6,1,2,3,26,-10.0,19.0,Broken,Avoid/exit,31,-0.8,0.7,-0.2,47.6,0,,nan,nan,0.0
WFSPX,BLACKROCK S&P 500 INDEX FUND CLASS K SHARES,860.63,8,4,2,7,3,2,3,29,-15.0,19.0,Broken,🔥 COILED: Avoid/exit,53,-2.5,-0.8,-0.9,49.2,0,,nan,0.0,0.0
BSPIX,BlackRock S&P 500 Stock Fund Instl,860.31,8,4,2,7,3,2,3,29,-15.0,19.0,Broken,🔥 COILED: Avoid/exit,53,-2.5,-0.8,-0.9,49.1,0,,nan,0.0,0.0
BSPPX,iShares S&P 500 Index Fund - Investor P Shares,858.91,8,4,2,7,3,2,3,29,-15.0,19.0,Broken,🔥 COILED: Avoid/exit,53,-2.6,-0.8,-0.9,49.1,0,,nan,nan,0.0
BSPSX,BlackRock S&P 500 Stock Fund Service,859.89,8,4,2,7,3,2,3,29,-15.0,19.0,Broken,🔥 COILED: Avoid/exit,53,-2.6,-0.8,-0.9,49.1,0,,nan,0.0,0.0
BSPAX,BlackRock S&P 500 Stock Fund Inv A,859.78,8,4,2,7,3,2,3,29,-15.0,19.0,Broken,🔥 COILED: Avoid/exit,53,-2.6,-0.8,-0.9,49.1,0,,nan,0.0,0.0
BSPGX,iShares S&P 500 Index Fund,860.64,8,4,2,7,3,2,3,29,-15.0,19.0,Broken,🔥 COILED: Avoid/exit,53,-2.5,-0.8,-0.9,49.2,0,,nan,nan,0.0
FHTBUX,FHTBUX,894.8,5,6,3,6,1,2,3,26,-10.0,19.0,Broken,Avoid/exit,27,-1.0,0.4,-0.4,44.8,0,,nan,nan,0.0
FNOLUX,FNOLUX,879.41,5,6,2,6,0,2,3,24,-10.0,19.0,Broken,🔥 COILED: Avoid/exit,16,-0.8,0.0,-0.4,41.1,0,,nan,nan,0.0
FNRAEX,FNRAEX,852.85,6,5,3,6,1,2,3,26,-10.0,19.0,Broken,Avoid/exit,35,-0.8,0.7,-0.2,47.2,0,,nan,nan,0.0
FTCOGX,FTCOGX,891.39,6,5,3,6,1,2,3,26,-10.0,19.0,Broken,Avoid/exit,30,-0.6,0.7,-0.1,47.6,0,,nan,nan,0.0
FSULTX,FSULTX,873.77,5,6,2,6,0,2,3,24,-10.0,19.0,Broken,🔥 COILED: Avoid/exit,17,-0.7,0.1,-0.4,41.4,0,,nan,nan,0.0
FWGYPX,FWGYPX,865.9,6,6,2,6,1,2,3,26,-10.0,19.0,Broken,Avoid/exit,24,-0.7,0.4,-0.3,45.0,0,,nan,nan,0.0
FLROTX,FLROTX,909.77,6,5,2,6,0,3,2,24,-10.0,19.0,Broken,🔥 COILED: Avoid/exit,22,-0.7,0.7,-0.4,42.7,0,,nan,nan,0.0
FMATSX,FMATSX,902.51,6,5,3,6,1,2,3,26,-10.0,19.0,Broken,Avoid/exit,28,-0.5,0.6,-0.1,47.5,0,,nan,nan,0.0
FNSKCX,FNSKCX,934.49,6,5,3,6,1,2,3,26,-10.0,19.0,Broken,Avoid/exit,27,-0.6,0.6,-0.2,47.2,0,,nan,nan,0.0
FCWBRX,FCWBRX,954.4,6,5,3,6,1,2,3,26,-10.0,19.0,Broken,Avoid/exit,28,-0.7,0.7,-0.2,47.8,0,,nan,nan,0.0
AVOA,Avoca LLC,1200.0,1,2,0,11,3,0,2,19,0.0,19.0,Broken,Avoid/exit,37,-20.0,-5.9,-9.8,36.0,0,,Basic Materials,9669600.0,17.0
MSGR,Direxion mRNA ETF,6686.072,10,4,2,7,3,0,3,29,-15.0,19.0,Broken,🔥 COILED: Avoid/exit,48,-2.4,-0.1,-1.1,48.2,0,,nan,nan,0.0
WBRERX,Wilmington Trust Retirement & Institutional Services Co. - Blackrock Equity Index Fund,1064.298,8,4,2,7,3,2,3,29,-15.0,19.0,Broken,🔥 COILED: Avoid/exit,52,-2.5,-0.8,-0.9,49.2,0,,nan,nan,0.0
WBREOX,Wilmington Trust Retirement & Institutional Services Co. - Blackrock Equity Index Fund,1065.091,8,4,2,7,3,2,3,29,-15.0,19.0,Broken,🔥 COILED: Avoid/exit,52,-2.5,-0.8,-0.9,49.2,0,,nan,nan,0.0
AEFAAX,AEFAAX,1029.86,5,8,2,6,0,2,3,26,-10.0,19.0,Broken,Avoid/exit,0,-0.6,1.2,-0.4,44.7,0,,nan,nan,0.0
WBRESX,WBRESX,1070.31,8,4,2,7,3,2,3,29,-15.0,19.0,Broken,🔥 COILED: Avoid/exit,52,-2.5,-0.8,-0.9,49.2,0,,nan,nan,0.0
SPNT,Siriuspoint Ltd,21.72,3,11,2,3,8,2,2,31,-11.0,18.0,Broken,Avoid/exit,48,1.7,-7.7,-1.8,44.2,0,,Financial Services,2553015040.0,726183.83
PAGP,Plains GP Holdings LP,24.46,11,4,2,7,3,5,4,36,-18.0,18.0,Broken,Avoid/exit,61,0.5,-4.1,-0.6,49.8,0,,Energy,5699190272.0,1664410.5
MTG,MGIC Investment Corp,25.51,4,11,3,2,3,3,2,28,-8.0,18.0,Broken,Avoid/exit,28,1.1,-2.5,-1.0,42.9,0,,Financial Services,5395117056.0,1962062.0
CII,BlackRock Enhanced Capital and Income Closed Fund,24.35,8,4,1,12,3,5,3,36,-18.0,18.0,Broken,Avoid/exit,52,-6.6,-1.8,-2.3,44.5,0,,Financial Services,888163800.0,105951.5
MATW,Matthews International Corporation,25.35,0,5,2,7,4,0,2,20,0.0,18.0,Broken,Avoid/exit,34,-4.5,-4.2,-4.7,34.4,0,,Industrials,790981824.0,233392.5
BTU,Peabody Energy Corp,28.1,12,5,3,13,0,4,5,42,-24.0,18.0,Broken,Avoid/exit,45,3.9,15.1,2.9,53.1,3,,Energy,3423536384.0,3801814.0
FTAGX,SALIENT TACTICAL GROWTH FUND CLASS A,28.25,8,4,1,7,3,2,3,28,-15.0,18.0,Broken,🔥 COILED: Avoid/exit,46,-1.8,-0.2,-0.9,46.5,0,,nan,0.0,0.0
SIIDX,Bernstein Sanford C Fd Ii Ininter Du,29.29,8,6,2,9,0,2,3,30,-8.0,18.0,Broken,Avoid/exit,33,-0.8,-0.1,-0.5,40.7,0,,nan,0.0,67991.95
MFOCX,MARSICO FOCUS FUND MARSICO FOCUS FUND,29.97,6,4,2,7,3,0,3,25,-10.0,18.0,Broken,Avoid/exit,36,-3.4,-1.9,-1.9,44.6,0,,nan,0.0,0.0
JGACX,JPMORGAN GROWTH ADVANTAGE FUND CLASS C,29.4,6,4,5,7,3,0,3,28,-15.0,18.0,Broken,🔥 COILED: Avoid/exit,39,-3.8,-1.6,-1.9,44.3,0,,nan,0.0,0.0
IOLZX,ICON LONG/SHORT FUND CLASS S,33.82,14,3,3,7,3,2,4,36,-18.0,18.0,Broken,Avoid/exit,53,-1.2,2.4,0.5,55.2,0,,nan,0.0,0.0
TLYHX,TIAA-CREF Lifecycle Index 2035 Advisor,32.02,8,4,1,7,3,2,3,28,-15.0,18.0,Broken,🔥 COILED: Avoid/exit,50,-2.0,-0.5,-0.8,47.3,0,,nan,0.0,0.0
IBBCF,IBBCF,32.82,7,4,0,8,3,1,2,25,-10.0,18.0,Broken,Avoid/exit,41,-1.6,-6.9,-2.5,41.6,0,,nan,nan,2460.7
JEQIX,JOHNSON EQUITY INCOME FUND JOHNSON EQUITY INCOME FUND,38.54,3,4,3,7,3,2,3,25,-10.0,18.0,Broken,Avoid/exit,34,-1.9,-1.1,-0.9,43.3,0,,nan,0.0,0.0
PIEIX,INTERNATIONAL EMERGING MARKETS FUND INSTITUTIONAL CLASS,39.7,8,3,0,7,3,2,2,25,-10.0,18.0,Broken,Avoid/exit,45,-5.4,-2.9,-4.0,42.0,0,,nan,0.0,0.0
PEAPX,INTERNATIONAL EMERGING MARKETS FUND R-3,39.56,8,3,0,7,3,2,2,25,-10.0,18.0,Broken,Avoid/exit,45,-5.4,-2.9,-4.0,42.0,0,,nan,0.0,0.0
MIAPX,MATTHEWS ASIA GROWTH FUND INSTITUTIONAL CLASS SHARES,38.91,8,4,1,7,3,4,4,31,-13.0,18.0,Broken,Avoid/exit,48,-9.2,0.3,-2.9,48.6,0,,nan,0.0,0.0
PIEJX,INTERNATIONAL EMERGING MARKETS FUND CLASS J,38.4,8,3,0,7,3,2,2,25,-10.0,18.0,Broken,Avoid/exit,45,-5.4,-2.9,-4.0,42.0,0,,nan,0.0,0.0
MPACX,MATTHEWS ASIA GROWTH FUND INVESTOR CLASS SHARES,38.35,8,4,1,7,3,4,4,31,-13.0,18.0,Broken,Avoid/exit,48,-9.2,0.3,-2.9,48.6,0,,nan,0.0,0.0
TOECX,MID CAP GROWTH FUND MID CAP GROWTH FUND CLASS C,39.56,8,4,5,7,3,0,3,30,-15.0,18.0,Broken,Avoid/exit,45,-1.9,0.8,-0.3,51.4,0,,nan,0.0,0.0
PEPSX,INTERNATIONAL EMERGING MARKETS FUND R-5,39.96,8,3,0,7,3,2,2,25,-10.0,18.0,Broken,Avoid/exit,45,-5.4,-2.9,-4.0,42.0,0,,nan,0.0,0.0
VHIAX,JPMORGAN GROWTH ADVANTAGE FUND CLASS A,39.97,6,4,5,7,3,0,3,28,-15.0,18.0,Broken,🔥 COILED: Avoid/exit,38,-3.8,-1.6,-1.9,44.4,0,,nan,0.0,0.0
SLAFX,DEUTSCHE LATIN AMERICA EQUITY FUND CLASS S,38.16,0,2,2,7,0,5,2,18,0.0,18.0,Broken,Avoid/exit,31,-4.8,-5.8,-5.0,30.5,0,,nan,0.0,0.0
JGTTX,JPMorgan Growth Advantage Fund-R3,39.86,6,4,5,7,3,0,3,28,-15.0,18.0,Broken,🔥 COILED: Avoid/exit,38,-3.8,-1.6,-1.9,44.4,0,,nan,0.0,0.0
JIGHX,John Hancock Funds III Intl Growth Fund,38.23,8,4,1,7,3,3,2,28,-15.0,18.0,Broken,🔥 COILED: Avoid/exit,43,-4.5,-1.6,-2.7,43.1,0,,nan,0.0,0.0
JIGIX,JOHN HANCOCK INTERNATIONAL GROWTH FUND CLASS R4,38.05,8,4,1,7,3,3,2,28,-15.0,18.0,Broken,🔥 COILED: Avoid/exit,43,-4.5,-1.7,-2.7,43.1,0,,nan,0.0,0.0
PIIMX,INTERNATIONAL EMERGING MARKETS FUND R-6,39.8,8,3,0,7,3,2,2,25,-10.0,18.0,Broken,Avoid/exit,47,-5.4,-2.9,-4.0,42.0,0,,nan,0.0,0.0
SLARX,DEUTSCHE LATIN AMERICA EQUITY FUND INSTITUTIONAL CLASS,38.14,0,2,2,7,0,5,2,18,0.0,18.0,Broken,Avoid/exit,31,-4.8,-5.7,-5.0,30.5,0,,nan,0.0,0.0
JGRJX,JPMORGAN GROWTH ADVANTAGE FUND CLASS R2,38.68,6,4,5,7,3,0,3,28,-15.0,18.0,Broken,🔥 COILED: Avoid/exit,38,-3.8,-1.6,-1.9,44.4,0,,nan,0.0,0.0
ABOT,ABOT,39.104,10,3,2,8,3,0,5,31,-13.0,18.0,Broken,Avoid/exit,55,-3.2,2.4,0.7,56.0,0,,Other,nan,511.44
TXS,Texas Capital Texas Equity Index ETF,39.454,11,4,4,8,3,4,3,37,-19.0,18.0,Broken,Avoid/exit,52,-1.4,-0.6,-0.7,47.3,0,,nan,nan,2956.36
CCNR,CoreCommodity Natural Resources ETF,39.628,3,2,5,7,2,5,2,26,-8.0,18.0,Broken,Avoid/exit,51,-3.7,-4.2,-3.8,36.2,0,,nan,nan,34765.35
TSMG,Leverage Shares 2X Long TSM Daily ETF,39.32,15,3,0,12,3,1,2,36,-18.0,18.0,Broken,Avoid/exit,45,-3.4,1.9,-2.9,49.5,0,,nan,nan,86210.5
STRNY,Severn Trent PLC PK,40.19,3,12,1,6,3,3,2,30,-12.0,18.0,Broken,Avoid/exit,41,0.4,-3.3,-1.3,45.1,1,,Utilities,12127355904.0,18099.18
ACT,Enact Holdings Inc,41.79,3,11,2,2,8,0,2,28,-8.0,18.0,Broken,Avoid/exit,44,0.0,-3.7,-0.8,46.0,1,,Financial Services,5833915392.0,319448.5
PPLI,People Incorporated,41.7,6,3,1,13,3,0,2,28,-10.0,18.0,Broken,Avoid/exit,47,-7.1,1.3,-2.4,46.3,0,,Communication Services,3101958656.0,1173564.0
IAC,IAC Inc.,41.7,6,3,1,13,3,0,2,28,-10.0,18.0,Broken,Avoid/exit,47,-7.1,1.3,-2.4,46.3,0,,Communication Services,3142127872.0,1173265.72
DXYZ,Destiny Tech100 Inc.,41.79,7,7,0,4,5,0,2,25,-10.0,18.0,Broken,Avoid/exit,47,-20.4,-32.2,-12.6,45.5,0,,Financial Services,1273160064.0,1895984.96
DIEQX,DOMINI IMPACT EQUITY FUND INSTITUTIONAL SHARES,40.16,6,4,4,7,3,1,3,28,-15.0,18.0,Broken,🔥 COILED: Avoid/exit,50,-3.1,-0.8,-1.0,48.8,0,,nan,0.0,0.0
AOSL,Alpha and Omega Semiconductor Ltd,42.01,12,3,1,13,3,4,5,41,-23.0,18.0,Broken,Avoid/exit,57,-7.4,7.4,-5.6,48.7,1,,Technology,1257341568.0,488307.98
JGASX,JPMORGAN GROWTH ADVANTAGE FUND SELECT CLASS,43.15,6,4,5,7,3,0,3,28,-15.0,18.0,Broken,🔥 COILED: Avoid/exit,38,-3.8,-1.6,-1.9,44.5,0,,nan,0.0,0.0
JGTUX,JPMorgan Growth Advantage Fund-R4,43.15,6,4,5,7,3,0,3,28,-15.0,18.0,Broken,🔥 COILED: Avoid/exit,38,-3.8,-1.6,-1.9,44.5,0,,nan,0.0,0.0
FCUS,Pinnacle Focused Opportunities ETF,43.01,11,4,2,10,3,2,4,36,-18.0,18.0,Broken,Avoid/exit,51,-3.7,-2.4,-2.9,47.0,0,,nan,nan,21652.81
KRUZ,Unusual Whales Subversive Republican Trading ETF,42.496,9,4,3,9,3,5,3,36,-18.0,18.0,Broken,Avoid/exit,57,-2.9,-2.9,-2.0,43.5,0,,nan,nan,9748.29
USCA,Xtrackers MSCI USA Climate Action Equity ETF,43.705,8,4,3,13,3,2,3,36,-18.0,18.0,Broken,Avoid/exit,59,-2.6,-0.3,-0.7,49.5,0,,nan,nan,57726.16
VEQTF,VEQTF,43.259,12,3,5,12,3,4,4,43,-21.0,18.0,Broken,Avoid/exit,60,-0.1,0.6,0.3,58.7,0,,nan,nan,194.38
WBRLPX,WBRLPX,42.171,8,4,1,7,3,2,3,28,-15.0,18.0,Broken,🔥 COILED: Avoid/exit,46,-1.6,-0.4,-0.7,46.9,0,,nan,nan,0.0
GOP,Unusual Whales Subversive Republican Trading ETF,42.496,9,4,3,9,3,5,3,36,-18.0,18.0,Broken,Avoid/exit,57,-2.9,-2.9,-2.0,43.5,0,,nan,nan,9913.0
FHRQTX,FHRQTX,235.06,5,7,2,6,0,3,2,25,-10.0,18.0,Broken,Avoid/exit,12,-0.5,0.1,-1.2,23.3,0,,nan,nan,0.0
FNSVRX,FNSVRX,237.76,4,6,5,6,0,1,3,25,-10.0,18.0,Broken,Avoid/exit,23,-0.4,-0.2,-0.4,23.4,0,,nan,nan,0.0
THLEF,Thales S.A,263.85,5,8,5,1,2,2,2,25,-10.0,18.0,Broken,Avoid/exit,13,-4.3,0.7,-1.7,45.6,0,,Industrials,54216290304.0,1394.9
SPXL,Direxion Daily S&P500® Bull 3X Shares,262.56,8,4,3,13,3,4,4,39,-21.0,18.0,Broken,Avoid/exit,48,-7.8,-2.8,-3.3,47.2,0,,nan,nan,3066146.17
RTH,VanEck Retail ETF,256.32,6,10,1,1,7,5,2,32,-14.0,18.0,Broken,Avoid/exit,30,-1.4,-2.9,-1.6,40.1,0,,nan,nan,5087.85
FGUYAX,FGUYAX,262.4,5,6,3,6,0,2,3,25,-10.0,18.0,Broken,Avoid/exit,18,-0.5,0.1,-0.3,41.9,0,,nan,nan,0.0
FBICEX,FBICEX,254.53,3,7,4,6,0,3,2,25,-10.0,18.0,Broken,Avoid/exit,18,-0.1,0.0,-2.7,7.0,0,,nan,nan,0.0
FBLEGX,FBLEGX,575.57,5,6,3,6,0,2,3,25,-10.0,18.0,Broken,Avoid/exit,17,-0.8,0.3,-0.4,43.0,0,,nan,nan,0.0
SITM,Sitime Corporation,625.68,7,4,0,11,3,0,2,27,-9.0,18.0,Broken,Avoid/exit,43,-11.9,-12.1,-9.7,43.2,1,,Technology,16515966976.0,407808.31
PWQQF,PowerShares Global Funds Ireland Public Limited Company - PowerShares EQQQ Nasdaq-100 UCITS ETF,728.494,14,3,4,13,3,1,5,43,-21.0,18.0,Broken,Avoid/exit,64,-0.5,1.3,0.7,60.0,0,,Other,nan,151.11
FHTILX,FHTILX,783.47,6,6,2,6,0,2,3,25,-10.0,18.0,Broken,Avoid/exit,21,-0.5,0.0,-0.3,40.8,0,,nan,nan,0.0
FPIYLX,FPIYLX,778.3,5,6,3,6,0,2,3,25,-10.0,18.0,Broken,Avoid/exit,24,-0.7,0.2,-0.3,43.0,0,,nan,nan,0.0
FOQHEX,FOQHEX,775.96,3,6,3,6,0,2,3,23,-10.0,18.0,Broken,🔥 COILED: Avoid/exit,30,-0.5,-0.1,-0.3,40.1,0,,nan,nan,0.0
FPEOOX,FPEOOX,807.11,3,6,3,6,0,2,3,23,-10.0,18.0,Broken,🔥 COILED: Avoid/exit,24,-0.4,-0.1,-0.2,40.7,0,,nan,nan,0.0
FRDUZX,FRDUZX,800.63,3,6,3,6,0,2,3,23,-10.0,18.0,Broken,🔥 COILED: Avoid/exit,24,-0.5,-0.1,-0.3,40.3,0,,nan,nan,0.0
FBWORX,FBWORX,815.52,7,8,2,6,0,3,2,28,-15.0,18.0,Broken,🔥 COILED: Avoid/exit,17,-0.6,0.9,-0.4,43.1,0,,nan,nan,0.0
FUAHDX,FUAHDX,836.19,7,5,2,6,0,3,2,25,-10.0,18.0,Broken,Avoid/exit,17,-0.6,0.7,-0.6,39.0,0,,nan,nan,0.0
FEMACX,FEMACX,858.57,7,5,2,6,0,3,2,25,-10.0,18.0,Broken,Avoid/exit,14,-0.7,0.3,-0.7,37.4,0,,nan,nan,0.0
FJKLWX,FJKLWX,897.92,6,5,3,6,1,1,3,25,-10.0,18.0,Broken,Avoid/exit,32,-0.6,0.9,-0.0,49.8,0,,nan,nan,0.0
FSTYLX,FSTYLX,876.84,5,6,3,6,0,2,3,25,-10.0,18.0,Broken,Avoid/exit,17,-0.5,0.0,-0.3,40.4,0,,nan,nan,0.0
FTHERX,FTHERX,885.09,5,6,3,6,0,2,3,25,-10.0,18.0,Broken,Avoid/exit,18,-0.7,0.1,-0.4,41.9,0,,nan,nan,0.0
FWERVX,FWERVX,851.27,5,6,3,6,0,2,3,25,-10.0,18.0,Broken,Avoid/exit,24,-0.7,0.2,-0.3,43.6,0,,nan,nan,0.0
FYTLPX,FYTLPX,892.47,3,5,6,6,0,2,3,25,-10.0,18.0,Broken,Avoid/exit,24,-0.6,-0.1,-0.4,38.0,0,,nan,nan,0.0
FECNTX,FECNTX,913.44,5,6,3,6,0,2,3,25,-10.0,18.0,Broken,Avoid/exit,18,-0.8,0.1,-0.4,42.6,0,,nan,nan,0.0
FLYEBX,FLYEBX,928.56,5,6,3,6,0,2,3,25,-10.0,18.0,Broken,Avoid/exit,20,-0.7,0.2,-0.4,43.3,0,,nan,nan,0.0
FMTKRX,FMTKRX,933.67,5,6,3,6,0,2,3,25,-10.0,18.0,Broken,Avoid/exit,25,-0.7,0.1,-0.3,42.9,0,,nan,nan,0.0
FTBGRX,FTBGRX,900.4,5,6,3,6,0,2,3,25,-10.0,18.0,Broken,Avoid/exit,18,-0.8,0.2,-0.4,42.3,0,,nan,nan,0.0
FTRDGX,FTRDGX,908.81,5,6,2,6,1,2,3,25,-10.0,18.0,Broken,Avoid/exit,22,-0.9,0.2,-0.4,43.9,0,,nan,nan,0.0
FYAQNX,FYAQNX,908.14,6,5,3,6,1,1,3,25,-10.0,18.0,Broken,Avoid/exit,32,-0.7,0.8,-0.1,48.6,0,,nan,nan,0.0
ADYYF,Adyen N.V,956.888,1,4,0,9,0,2,2,18,0.0,18.0,Broken,Avoid/exit,11,-13.0,-14.6,-10.6,36.6,0,,Technology,30177081344.0,307.39
FHWGJX,FHWGJX,963.85,5,6,3,6,0,2,3,25,-10.0,18.0,Broken,Avoid/exit,19,-0.7,0.2,-0.3,43.7,0,,nan,nan,0.0
CDAQ,Compass Digital Acquisition Corp,1266.27,9,3,3,7,3,2,4,31,-13.0,18.0,Broken,Avoid/exit,45,-1.6,-0.6,-0.3,50.0,1,,Financial Services,83681888.0,0.0
CIBY,Cibl Inc.,1700.0,4,1,7,7,1,4,3,27,-5.0,18.0,Broken,Avoid/exit,28,-0.3,-0.3,-0.2,32.8,1,,Industrials,18507900.0,25.55
AHIAFX,AHIAFX,1008.75,5,7,2,6,0,2,3,25,-10.0,18.0,Broken,Avoid/exit,25,-0.3,0.2,-0.3,39.2,0,,nan,nan,0.0
WOPEF,Woodside Petroleum Ltd,21.68,2,3,7,3,5,2,2,24,-10.0,17.0,Broken,Avoid/exit,51,-1.5,-4.6,-2.4,42.6,0,,Energy,46466969600.0,0.0
MITT-PB,AG Mortgage Investment Trust Inc,21.45,1,6,1,7,3,1,2,21,0.0,17.0,Broken,Avoid/exit,29,-1.6,-5.9,-3.3,31.2,0,,Real Estate,459785472.0,5731.82
FIKZX,FIDELITY ASSET MANAGER 50% FIDELITY ADVISOR ASSET MANAGER 50%: CLASS Z,23.07,8,4,1,7,3,1,3,27,-15.0,17.0,Broken,🔥 COILED: Avoid/exit,44,-1.8,-0.6,-0.9,46.1,0,,nan,nan,0.0
RYAOF,Ryanair Holdings PLC,25.3,3,4,3,5,3,3,3,24,-10.0,17.0,Broken,Avoid/exit,0,0.0,0.0,-2.5,2.8,0,,Industrials,31515543552.0,0.0
RMSYF,Ramsay Health Care Limited,24.61,4,3,2,6,3,6,3,27,-10.0,17.0,Broken,Avoid/exit,42,0.0,-1.4,-0.5,4.3,0,,Healthcare,5770745344.0,0.0
NP,Neptune Insurance Holdings Inc.,25.49,2,8,3,6,8,0,2,29,-13.0,17.0,Broken,Avoid/exit,37,-9.2,-6.5,-4.1,44.9,1,,Financial Services,3526054912.0,0.0
MAZE,"Maze Therapeutics, Inc. Common Stock",24.27,2,4,6,8,0,0,2,22,-5.0,17.0,Broken,Avoid/exit,11,-8.3,-5.7,-5.6,38.6,1,,Healthcare,1343229440.0,607141.92
SA,Seabridge Gold Inc.,29.42,9,6,0,7,3,2,3,30,-13.0,17.0,Broken,Avoid/exit,36,-13.7,-1.5,-7.3,44.3,1,,Basic Materials,3166266880.0,1166081.53
CWCO,Consolidated Water Co Ltd,29.92,5,12,3,2,2,3,2,29,-12.0,17.0,Broken,Avoid/exit,16,-0.9,3.0,-1.2,42.1,0,,Utilities,478725696.0,106778.78
INCM,Franklin Income Focus ETF,29.03,5,4,5,13,3,2,3,35,-18.0,17.0,Broken,Avoid/exit,43,-1.3,-0.9,-0.8,42.0,0,,nan,551580.0,305030.91
PGWFX,AMERICAN FUNDS GLOBAL GROWTH PORTFOLIO CLASS F-2,28.68,8,4,1,7,3,1,3,27,-15.0,17.0,Broken,🔥 COILED: Avoid/exit,44,-3.8,-1.0,-1.6,46.0,0,,nan,0.0,0.0
RGLCX,AMERICAN FUNDS GLOBAL GROWTH PORTFOLIO CLASS R-3,28.17,8,4,1,7,3,1,3,27,-15.0,17.0,Broken,🔥 COILED: Avoid/exit,44,-3.8,-1.1,-1.7,45.8,0,,nan,0.0,0.0
CGGFX,AMERICAN FUNDS GLOBAL GROWTH PORTFOLIO CLASS 529-F-1,28.55,8,4,1,7,3,1,3,27,-15.0,17.0,Broken,🔥 COILED: Avoid/exit,44,-3.8,-1.0,-1.7,45.9,0,,nan,0.0,0.0
RGGEX,AMERICAN FUNDS GLOBAL GROWTH PORTFOLIO CLASS R-4,28.43,8,4,1,7,3,1,3,27,-15.0,17.0,Broken,🔥 COILED: Avoid/exit,44,-3.8,-1.0,-1.7,45.9,0,,nan,0.0,0.0
PGGAX,AMERICAN FUNDS GLOBAL GROWTH PORTFOLIO CLASS A,28.51,8,4,1,7,3,1,3,27,-15.0,17.0,Broken,🔥 COILED: Avoid/exit,44,-3.8,-1.0,-1.6,45.9,0,,nan,0.0,0.0
JGLTX,GLOBAL TECHNOLOGY PORTFOLIO INSTITUTIONAL SHARES,29.54,11,4,1,7,3,0,4,30,-13.0,17.0,Broken,Avoid/exit,46,-4.9,0.7,-1.3,51.2,0,,nan,0.0,0.0
WFSAX,Wells Fargo Advantage Small Company Growth Clas,28.25,10,4,2,7,3,0,3,29,-15.0,17.0,Broken,Avoid/exit,47,-2.0,1.1,-0.5,50.7,0,,nan,0.0,0.0
CPGAX,AMERICAN FUNDS GLOBAL GROWTH PORTFOLIO CLASS 529-A,28.42,8,4,1,7,3,1,3,27,-15.0,17.0,Broken,🔥 COILED: Avoid/exit,44,-3.8,-1.0,-1.7,45.9,0,,nan,0.0,0.0
CGGEX,AMERICAN FUNDS GLOBAL GROWTH PORTFOLIO CLASS 529-E,28.19,8,4,1,7,3,1,3,27,-15.0,17.0,Broken,🔥 COILED: Avoid/exit,44,-3.8,-1.1,-1.7,45.8,0,,nan,0.0,0.0
RGGGX,AMERICAN FUNDS GLOBAL GROWTH PORTFOLIO CLASS R-6,28.96,8,4,1,7,3,1,3,27,-15.0,17.0,Broken,🔥 COILED: Avoid/exit,44,-3.8,-1.0,-1.7,45.9,0,,nan,0.0,0.0
FAAIX,FIDELITY ASSET MANAGER 70% FIDELITY ADVISOR ASSET MANAGER 70%: CLASS I,32.63,8,4,2,7,3,0,3,27,-15.0,17.0,Broken,🔥 COILED: Avoid/exit,50,-2.3,-0.9,-1.2,46.1,0,,nan,0.0,0.0
TDMRX,TEMPLETON DEVELOPING MARKETS TRUST CLASS R,33.55,8,4,1,7,3,4,3,30,-13.0,17.0,Broken,Avoid/exit,46,-6.0,-0.9,-3.0,47.3,0,,nan,0.0,0.0
FASGX,FIDELITY ASSET MANAGER 70% FIDELITY ASSET MANAGER 70%,32.64,8,4,2,7,3,0,3,27,-15.0,17.0,Broken,🔥 COILED: Avoid/exit,50,-2.3,-1.0,-1.2,46.1,0,,nan,0.0,0.0
FIQBX,FIDELITY ASSET MANAGER 70% FIDELITY ADVISOR ASSET MANAGER 70%: CLASS Z,32.56,8,4,2,7,3,0,3,27,-15.0,17.0,Broken,🔥 COILED: Avoid/exit,50,-2.3,-0.9,-1.2,46.1,0,,nan,nan,0.0
THLV,THOR Financial Technologies Trust - THOR Low Volatility ETF,32.416,13,5,3,7,3,1,3,35,-18.0,17.0,Broken,Avoid/exit,49,-1.2,0.3,-0.3,49.6,0,,nan,nan,12748.55
USE,USCF Energy Commodity Strategy Absolute Return Fund,32.164,4,4,1,8,3,3,3,26,-9.0,17.0,Broken,Avoid/exit,51,0.8,-5.4,-2.8,45.6,0,,nan,nan,1550.91
TLMPX,TIAA-CREF LIFECYCLE INDEX 2045 FUND PREMIER CLASS,38.55,8,4,1,7,3,1,3,27,-15.0,17.0,Broken,🔥 COILED: Avoid/exit,50,-2.4,-0.7,-1.1,47.3,0,,nan,0.0,0.0
MITDX,MASSACHUSETTS INVESTORS TRUST R4,38.25,6,4,3,7,3,3,3,29,-15.0,17.0,Broken,Avoid/exit,45,-2.3,-1.2,-1.2,45.2,0,,nan,0.0,0.0
JEQSX,Johnson Equity Income S,38.49,3,4,2,7,3,2,3,24,-10.0,17.0,Broken,Avoid/exit,34,-1.9,-1.1,-0.9,43.2,0,,nan,nan,0.0
FWTFX,FIDELITY WORLDWIDE FUND FIDELITY ADVISOR WORLDWIDE FUND: CLASS T,40.43,8,4,2,7,3,0,3,27,-15.0,17.0,Broken,🔥 COILED: Avoid/exit,44,-2.9,-1.0,-1.4,48.7,0,,nan,0.0,0.0
FWIFX,FIDELITY WORLDWIDE FUND FIDELITY ADVISOR WORLDWIDE FUND: CLASS I,41.57,8,4,2,7,3,0,3,27,-15.0,17.0,Broken,🔥 COILED: Avoid/exit,44,-2.9,-1.0,-1.4,48.8,0,,nan,0.0,0.0
FWAFX,FIDELITY WORLDWIDE FUND FIDELITY ADVISOR WORLDWIDE FUND: CLASS A,40.97,8,4,2,7,3,0,3,27,-15.0,17.0,Broken,🔥 COILED: Avoid/exit,44,-2.9,-1.0,-1.4,48.8,0,,nan,0.0,0.0
FWWFX,FIDELITY WORLDWIDE FUND FIDELITY WORLDWIDE FUND,42.02,8,4,2,7,3,0,3,27,-15.0,17.0,Broken,🔥 COILED: Avoid/exit,44,-2.9,-1.0,-1.4,48.8,0,,nan,0.0,0.0
FIQOX,FIDELITY WORLDWIDE FUND FIDELITY ADVISOR WORLDWIDE FUND: CLASS Z,42.24,8,4,2,7,3,0,3,27,-15.0,17.0,Broken,🔥 COILED: Avoid/exit,44,-2.9,-0.9,-1.3,48.9,0,,nan,nan,0.0
MSTB,ETF Series Solutions - LHA Market State Tactical Beta ETF,42.538,11,4,3,9,3,1,3,34,-17.0,17.0,Broken,Avoid/exit,49,-2.2,-0.7,-0.9,48.0,0,,nan,nan,14001.19
FLYU,MicroSectors Travel 3X Leveraged ETNs,42.686,10,7,4,5,3,0,2,31,-10.0,17.0,Broken,Avoid/exit,42,-5.5,7.5,1.1,52.1,0,,nan,nan,1785.65
SGLC,Rbb Fund Inc. - Sgi U.S Large Cap Core Equity Fund,42.94,8,4,3,13,3,3,4,38,-21.0,17.0,Broken,Avoid/exit,53,-2.0,0.2,-0.4,52.4,0,,nan,nan,18208.31
IBAT,iShares Energy Storage & Materials ETF,43.52,8,4,1,12,3,4,3,35,-18.0,17.0,Broken,Avoid/exit,55,-8.9,-1.7,-3.7,46.2,0,,nan,nan,22639.02
AFOS,ARS Focused Opportunity Strategy ETF,43.327,10,6,3,13,3,0,4,39,-22.0,17.0,Broken,Avoid/exit,48,-3.2,0.4,-1.1,49.9,0,,nan,nan,9031.7
EMET,VanEck ETF Trust - VanEck Copper And Green Metals ETF,42.09,3,3,3,9,3,2,2,25,-8.0,17.0,Broken,Avoid/exit,33,-7.5,-3.7,-6.4,41.0,0,,nan,nan,11354.52
FTRNX,FIDELITY TREND FUND FIDELITY TREND FUND,222.35,8,4,2,7,3,0,3,27,-15.0,17.0,Broken,🔥 COILED: Avoid/exit,44,-3.5,-0.5,-1.4,49.2,0,,nan,0.0,0.0
VFMO,Vanguard U.S. Momentum Factor,227.31,9,4,2,14,3,0,3,35,-18.0,17.0,Broken,Avoid/exit,55,-2.4,-0.4,-1.3,48.3,0,,nan,nan,38985.9
AREA,Harbor AlphaEdge Next Generation REITs ETF,220,4,11,0,4,4,2,2,27,-10.0,17.0,Broken,Avoid/exit,16,8.9,-22.0,-14.0,30.9,1,,nan,nan,2089687.5
FTUPRX,FTUPRX,229.55,3,7,3,6,0,3,2,24,-10.0,17.0,Broken,Avoid/exit,12,-0.1,0.0,-5.8,1.5,0,,nan,nan,0.0
FWNHQX,FWNHQX,238.02,3,7,4,5,0,3,2,24,-10.0,17.0,Broken,Avoid/exit,21,-0.1,0.0,-2.8,7.2,0,,nan,nan,0.0
FTXL,First Trust Nasdaq Semiconductor ETF,244.38,11,3,1,13,3,2,5,38,-21.0,17.0,Broken,Avoid/exit,54,-5.8,1.2,-1.8,51.5,0,,nan,nan,195531.51
FTBCLX,FTBCLX,240.04,3,5,3,6,0,4,3,24,-10.0,17.0,Broken,Avoid/exit,20,-0.2,-0.1,-0.2,35.1,0,,nan,nan,0.0
NET,Cloudflare Inc,250.11,16,5,3,15,3,3,2,47,-30,17,Broken,Avoid/exit,68,3.4,17.6,6.9,58.7,3,,Technology,88405442560.0,3657961.05
FANISX,FANISX,624.31,5,6,2,6,0,2,3,24,-10.0,17.0,Broken,Avoid/exit,20,-0.8,0.1,-0.5,42.0,0,,nan,nan,0.0
FSNDVX,FSNDVX,648.07,5,6,2,6,0,2,3,24,-10.0,17.0,Broken,Avoid/exit,22,-0.6,-0.1,-0.4,40.5,0,,nan,nan,0.0
MUU,Direxion Daily MU Bull 2X Shares,661.33,13,3,1,13,3,1,5,39,-22.0,17.0,Broken,Avoid/exit,59,-23.7,20.2,-5.9,51.2,2,,nan,nan,1917658.5
FKYCKX,FKYCKX,791.48,3,6,2,6,0,2,3,22,-10.0,17.0,Broken,🔥 COILED: Avoid/exit,23,-0.5,-0.1,-0.3,40.5,0,,nan,nan,0.0
FRGKBX,FRGKBX,795.61,5,6,2,6,0,2,3,24,-10.0,17.0,Broken,Avoid/exit,25,-0.7,0.2,-0.3,43.9,0,,nan,nan,0.0
FEDCMX,FEDCMX,873.21,5,6,2,6,0,2,3,24,-10.0,17.0,Broken,Avoid/exit,24,-0.8,0.2,-0.3,42.7,0,,nan,nan,0.0
FUAJGX,FUAJGX,882.11,5,6,2,6,0,2,3,24,-10.0,17.0,Broken,Avoid/exit,23,-0.8,0.0,-0.4,40.6,0,,nan,nan,0.0
FGNIBX,FGNIBX,922.94,5,6,2,6,0,2,3,24,-10.0,17.0,Broken,Avoid/exit,18,-0.8,0.1,-0.4,42.5,0,,nan,nan,0.0
FKBIOX,FKBIOX,929.52,5,6,2,6,0,2,3,24,-10.0,17.0,Broken,Avoid/exit,18,-0.8,0.2,-0.4,42.8,0,,nan,nan,0.0
FMRBHX,FMRBHX,937.23,5,6,2,6,0,2,3,24,-10.0,17.0,Broken,Avoid/exit,20,-0.7,0.2,-0.4,42.7,0,,nan,nan,0.0
FWNYBX,FWNYBX,955.65,3,6,2,6,0,2,3,22,-10.0,17.0,Broken,🔥 COILED: Avoid/exit,20,-0.8,0.0,-0.4,41.1,0,,nan,nan,0.0
CRDE,Cardinal Ethanol LLC,21500,6,4,3,3,6,3,2,27,-10.0,17.0,Broken,Avoid/exit,49,0.0,0.0,-0.9,31.5,0,,Basic Materials,163047296.0,1.27
FJXVRX,FJXVRX,1026.43,5,6,2,6,0,2,3,24,-10.0,17.0,Broken,Avoid/exit,24,-1.0,0.2,-0.5,43.5,0,,nan,nan,0.0
SSDOF,Shiseido Company Limited,20.0,3,3,4,6,3,4,3,26,-10.0,16.0,Broken,Avoid/exit,53,0.0,0.0,-0.3,23.2,1,,Consumer Defensive,7991094272.0,0.0
SIUAF,Stabilus S.A,20.0,3,3,3,5,3,3,3,23,-10.0,16.0,Broken,Avoid/exit,11,0.0,0.0,-1.2,0.0,0,,Industrials,494000000.0,67.25
FIQJX,FIDELITY INTERNATIONAL SMALL CAP OPPORTUNITIES FUND FIDELITY ADVISOR INTERNATIONAL SMALL CAP OPPORTUNITIES FUND: CLASS Z,22.63,3,3,2,7,3,0,3,21,-10.0,16.0,Broken,🔥 COILED: Avoid/exit,30,-4.2,-2.4,-2.2,41.1,0,,nan,nan,0.0
TLGWX,TIAA-CREF Life Funds - Growth & Income Fund,23.21,8,4,1,7,3,0,3,26,-15.0,16.0,Broken,🔥 COILED: Avoid/exit,42,-3.2,-1.9,-1.8,43.8,0,,Other,nan,0.0
RF-PC,Regions Financial Corporation,24.25,5,5,9,3,3,2,3,30,-14.0,16.0,Broken,Avoid/exit,32,-0.7,-0.5,-0.7,42.3,0,,Financial Services,14245946368.0,30023.67
SKPJF,SKY Perfect JSAT Holdings Inc.,25.94,17,3,5,8,6,0,5,44,-28.0,16.0,Broken,Avoid/exit,57,-7.4,270.6,46.1,89.1,2,,Communication Services,7352428032.0,0.64
PREKF,PrairieSky Royalty Ltd,24.54,11,4,2,3,5,7,3,35,-19.0,16.0,Broken,Avoid/exit,57,2.7,-2.4,-0.5,49.5,1,,Energy,5703096320.0,25231.09
CDPYF,Canadian Apartment Properties REIT,25.09,6,15,1,1,3,1,2,29,-11.0,16.0,Broken,Avoid/exit,9,-2.4,3.1,-0.5,46.1,1,,Real Estate,3880439808.0,24529.55
HDIUF,Hardwoods Distribution Inc,24.5,2,1,7,6,3,5,2,26,-10.0,16.0,Broken,Avoid/exit,34,-3.4,-3.4,-1.9,29.4,1,,Industrials,593560192.0,0.0
HELE,Helen of Troy Ltd,24.34,12,6,1,11,3,4,2,39,-23.0,16.0,Broken,Avoid/exit,54,-10.3,-1.8,-2.5,49.7,1,,Consumer Defensive,566092544.0,787841.94
LGRRX,LOOMIS SAYLES GROWTH FUND CLASS A,28.51,5,3,3,7,3,0,2,23,-10.0,16.0,Broken,Avoid/exit,31,-4.2,-2.4,-2.3,42.7,0,,nan,0.0,0.0
BIGIX,WILLIAM BLAIR INTERNATIONAL GROWTH FUND CLASS I,29.92,6,4,1,7,3,0,2,23,-10.0,16.0,Broken,Avoid/exit,34,-4.5,-1.4,-2.2,44.0,0,,nan,0.0,0.0
FGEAX,FIDELITY ADVISOR GLOBAL CAPITAL APPRECIATION FUND CLASS A,28.82,8,4,1,7,3,0,3,26,-15.0,16.0,Broken,🔥 COILED: Avoid/exit,42,-3.8,-1.2,-2.1,45.2,0,,nan,0.0,0.0
CMDT,PIMCO Commodity Strategy Active Exchange-Traded Fund,33.06,5,2,2,8,3,1,3,24,-8.0,16.0,Broken,Avoid/exit,46,-1.5,-3.4,-2.3,39.6,0,,nan,nan,129225.0
MONTX,MONETTA FUND MONETTA FUND,33.62,6,4,2,7,3,1,3,26,-15.0,16.0,Broken,🔥 COILED: Avoid/exit,44,-5.0,-1.2,-1.9,47.1,0,,nan,0.0,0.0
LGRNX,LOOMIS SAYLES GROWTH FUND CLASS N,32.34,5,3,3,7,3,0,2,23,-10.0,16.0,Broken,Avoid/exit,31,-4.1,-2.4,-2.2,42.8,0,,nan,0.0,0.0
APRP,PGIM US Large-Cap Buffer 12 ETF - April,32.277,9,3,2,8,3,1,3,29,-13.0,16.0,Broken,Avoid/exit,53,-0.8,0.3,-0.1,54.7,0,,nan,nan,3480.23
MXXVX,MATTHEW 25 FUND MATTHEW 25 FUND,38.21,6,4,3,7,3,0,3,26,-15.0,16.0,Broken,🔥 COILED: Avoid/exit,46,-2.4,-1.4,-1.3,48.5,0,,nan,0.0,0.0
OVS,Overlay Shares Small Cap Equity ETF,39.751,11,6,1,8,3,2,3,34,-18.0,16.0,Broken,Avoid/exit,43,-1.5,-0.1,-0.7,48.7,0,,nan,nan,3336.5
UNOV,Innovator S&P 500 Ultra Buffer ETF - November,39.77,11,3,4,12,3,2,3,38,-22.0,16.0,Broken,Avoid/exit,55,-0.9,-0.2,-0.2,52.6,0,,nan,nan,41505.24
COPP,Sprott Copper Miners ETF,39.39,8,4,2,11,3,2,4,34,-18.0,16.0,Broken,Avoid/exit,37,-7.1,-1.2,-4.9,45.3,0,,nan,nan,185074.21
CNEQ,The Alger ETF Trust,39.06,11,4,2,13,3,0,4,37,-21.0,16.0,Broken,Avoid/exit,48,-5.1,-2.2,-1.7,49.1,0,,nan,nan,142096.58
EMSF,Matthews Emerging Markets Sustainable Future Active ETF,38.209,10,4,0,13,3,2,2,34,-18.0,16.0,Broken,Avoid/exit,50,-5.2,-1.8,-3.4,45.4,0,,nan,nan,4525.5
EGGY,NestYield Dynamic Income ETF,38.63,7,4,1,13,3,2,4,34,-18.0,16.0,Broken,Avoid/exit,50,-5.0,-3.3,-3.1,47.3,0,,nan,nan,33469.0
CNTHO,The Connecticut Light and Power Company,43.1,3,4,4,2,3,7,3,26,-10.0,16.0,Broken,Avoid/exit,18,0.2,-4.8,-1.6,34.4,1,,Utilities,267117936.0,0.0
IDOG,ALPS International Sector Dividend Dogs ETF,42.88,7,4,7,6,3,5,3,35,-19.0,16.0,Broken,Avoid/exit,53,-1.7,-1.5,-1.3,44.8,0,,nan,nan,31077.35
OILU,MicroSectorsTM Oil & Gas Exploration & Production 3X Leveraged ETNs,42.19,2,4,2,9,0,4,4,25,-9.0,16.0,Broken,Avoid/exit,50,5.1,-9.4,-5.1,44.6,1,,nan,nan,233345.71
MEM,MAYBANK EMERGING ETF,42.613,8,4,1,14,3,2,2,34,-18.0,16.0,Broken,Avoid/exit,54,-6.4,-2.8,-3.9,43.4,0,,nan,nan,4464.0
ITWO,ProShares Russell 2000 High Income ETF,43.68,9,4,1,9,3,5,3,34,-18.0,16.0,Broken,Avoid/exit,53,-3.4,-0.8,-1.5,47.3,0,,nan,nan,30397.0
IYW,iShares U.S. Technology ETF,241.25,11,4,1,13,3,0,5,37,-21.0,16.0,Broken,Avoid/exit,45,-4.6,0.5,-1.0,52.2,0,,nan,nan,1292762.73
GMWKF,Games Workshop Group PLC,255.0,5,4,0,8,3,4,2,26,-10.0,16.0,Broken,Avoid/exit,31,-6.8,-5.6,-5.1,38.5,0,,Consumer Cyclical,8426306560.0,219.34
FTBBYX,FTBBYX,257.79,3,7,2,6,0,3,2,23,-10.0,16.0,Broken,Avoid/exit,13,-0.3,-0.2,-1.2,11.2,0,,nan,nan,0.0
FZCDUX,FZCDUX,784.15,3,6,1,6,0,2,3,21,-10.0,16.0,Broken,🔥 COILED: Avoid/exit,27,-0.6,-0.1,-0.3,40.0,0,,nan,nan,0.0
FGBALX,FGBALX,808.76,3,6,1,6,0,2,3,21,-10.0,16.0,Broken,🔥 COILED: Avoid/exit,21,-0.6,-0.1,-0.3,40.3,0,,nan,nan,0.0
FTUFOX,FTUFOX,895.14,3,2,7,6,0,2,3,23,-10.0,16.0,Broken,Avoid/exit,24,-0.2,-0.2,-0.2,34.1,0,,nan,nan,0.0
FTCIGX,FTCIGX,944.57,3,6,2,6,3,0,3,23,-10.0,16.0,Broken,Avoid/exit,25,-0.8,-0.2,-0.4,42.1,0,,nan,nan,0.0
AHIAHX,AHIAHX,1031.02,3,6,6,6,0,2,3,26,-10.0,16.0,Broken,Avoid/exit,0,-0.4,0.2,-0.4,37.9,0,,nan,nan,0.0
NLY,"Annaly Capital Management, Inc.",21.22,1,9,5,1,4,3,2,25,-8.0,15.0,Broken,Avoid/exit,19,-2.9,-1.9,-2.0,38.3,0,,Real Estate,15549511680.0,7497384.76
FIG,"Figma, Inc.",21.75,8,4,2,10,1,0,5,30,-15.0,15.0,Broken,Avoid/exit,31,-14.7,0.7,-2.9,48.8,1,,Technology,11492190208.0,12902867.21
CGASY,China Resources Gas Group Ltd ADR,21.81,3,2,2,6,3,3,3,22,-10.0,15.0,Broken,Avoid/exit,13,0.0,0.0,-2.6,0.0,0,,Utilities,4946977792.0,3.84
NIPMY,NH Foods Ltd ADR,21.0,8,3,11,5,3,2,3,35,-23.0,15.0,Broken,Avoid/exit,0,0.0,0.0,0.0,98.8,0,,Consumer Defensive,3953604608.0,0.0
CDCTF,GOLDCREST Co.Ltd,20.55,7,3,11,6,3,2,3,35,-23.0,15.0,Broken,Avoid/exit,38,0.0,0.0,0.0,96.7,0,,Real Estate,429396928.0,0.0
GMAB,Genmab AS,25.15,1,12,1,6,3,0,2,25,-8.0,15.0,Broken,Avoid/exit,10,-4.5,-7.0,-3.1,42.5,0,,Healthcare,15440440320.0,1868815.71
GLXY,Galaxy Digital Holdings Ltd,25.14,3,2,5,8,3,0,2,23,-8.0,15.0,Broken,Avoid/exit,27,-15.0,-15.0,-12.1,38.9,1,,Financial Services,9802088448.0,7159561.03
AVSFY,Avi Ltd ADR,25.0,7,3,11,6,3,2,3,35,-23.0,15.0,Broken,Avoid/exit,36,0.0,0.0,0.0,95.9,0,,Consumer Defensive,1641723264.0,0.0
SCPZX,SCOUT CORE PLUS BOND FUND INSTITUTIONAL CLASS,29.88,3,6,2,6,0,2,3,22,-10.0,15.0,Broken,Avoid/exit,20,-1.0,-0.1,-0.5,41.1,0,,nan,0.0,0.0
MIRTX,MASSACHUSETTS INVESTORS TRUST R2,33.67,6,4,3,7,3,1,3,27,-15.0,15.0,Broken,Avoid/exit,39,-2.3,-1.2,-1.2,45.0,0,,nan,0.0,0.0
IQDF,FlexShares International Quality Dividend Index Fund,33.8,8,4,5,8,3,2,3,33,-18.0,15.0,Broken,Avoid/exit,49,-2.9,-2.3,-2.1,44.0,0,,nan,nan,81978.83
IAPR,Innovator MSCI EAFE Power Buffer ETF - April,32.692,9,6,1,11,3,0,3,33,-18.0,15.0,Broken,Avoid/exit,49,-1.3,-1.0,-0.6,46.7,0,,nan,nan,30547.1
RSST,Return Stacked U.S. Stocks & Managed Futures ETF,32.25,8,4,5,13,3,0,3,36,-21.0,15.0,Broken,Avoid/exit,56,-4.9,-3.7,-3.6,41.3,0,,nan,nan,72510.5
FFLG,Fidelity Covington Trust - Fidelity Fundamental Large Cap Growth ETF,33.43,8,6,3,12,3,1,3,36,-21.0,15.0,Broken,Avoid/exit,51,-4.0,-1.5,-1.8,47.5,0,,nan,nan,74989.48
AMZZ,GraniteShares 2x Long AMZN Daily ETF,33.32,3,4,0,9,3,2,2,23,-8.0,15.0,Broken,Avoid/exit,37,-17.4,-16.6,-11.5,37.2,0,,nan,nan,320469.22
MAYU,AllianzIM U.S. Equity Buffer15 Uncapped May ETF,33.869,10,3,2,8,3,3,4,33,-18.0,15.0,Broken,Avoid/exit,49,-1.9,-0.2,-0.4,51.6,0,,nan,nan,5467.58
RTM,Invesco S&P 500® Equal Weight Materials ETF,38.62,8,10,5,2,3,3,2,33,-18.0,15.0,Broken,Avoid/exit,48,-1.4,1.3,-1.0,45.3,0,,nan,nan,24965.54
IDHQ,Invesco S&P International Developed Quality ETF,39.38,8,4,1,9,3,5,3,33,-18.0,15.0,Broken,Avoid/exit,45,-5.4,-2.6,-2.9,43.8,0,,nan,nan,81837.89
FPDPX,Fa529 Prt Cl P,39.52,8,4,1,7,3,1,3,27,-15.0,15.0,Broken,Avoid/exit,37,-1.1,-0.3,-0.5,45.4,0,,Other,0.0,0.0
DFAE,Dimensional Emerging Core Equity Market ETF,38.14,8,6,0,12,3,2,2,33,-18.0,15.0,Broken,Avoid/exit,51,-5.8,-2.3,-3.9,42.6,0,,nan,nan,970309.0
ATFV,Alger 35 ETF,39.324,12,3,1,9,3,0,4,32,-17.0,15.0,Broken,Avoid/exit,55,-2.2,-0.6,-0.4,52.0,0,,nan,nan,42688.2
RSPM,Invesco S&P 500 Equal Weight Materials ETF,38.62,8,10,5,2,3,3,2,33,-18.0,15.0,Broken,Avoid/exit,50,-1.4,1.3,-1.0,45.3,0,,nan,nan,25907.41
XDTE,Roundhill ETF Trust - Roundhill S&P 500 0DTE Covered Call Strategy ETF,38.81,5,4,7,11,3,0,3,33,-18.0,15.0,Broken,Avoid/exit,29,-3.0,-1.6,-2.0,38.7,0,,nan,nan,282702.5
TEK,iShares Technology Opportunities Active ETF,38.526,8,4,1,12,3,4,4,36,-21.0,15.0,Broken,Avoid/exit,52,-7.2,-2.4,-3.5,47.2,0,,nan,nan,5419.25
BAYZF,Bayer AG,41.5,3,11,2,6,3,0,2,27,-8.0,15.0,Broken,Avoid/exit,30,-0.5,-7.8,-3.2,40.8,2,,Healthcare,40770596864.0,4858.5
IVBIY,IVBIY,40.295,1,1,1,7,3,0,2,15,0.0,15.0,Broken,Avoid/exit,28,-6.8,-8.7,-5.7,3.9,0,,Healthcare,17474162688.0,42.0
THNPF,Technip Energies N.V,40.15,1,3,5,4,5,5,2,25,-10.0,15.0,Broken,Avoid/exit,39,-2.0,-2.0,-3.4,21.8,0,,Energy,7027659776.0,79.5
EBSH,Empire Bancshares Inc,41.11,14,3,3,4,3,1,3,31,-16.0,15.0,Broken,Avoid/exit,51,-0.4,-0.7,2.7,70.0,0,,Financial Services,27185550.0,0.0
WCPSX,MOBILE TELECOMMUNICATIONS ULTRASECTOR PROFUND MOBILE TELECOMMUNICATIONS ULTRASECTOR PROFUND SERVICE CLASS,41.8,0,2,0,7,3,1,2,15,0.0,15.0,Broken,Avoid/exit,20,-5.3,-5.9,-4.5,33.2,0,,nan,0.0,0.0
TDI,Touchstone Dynamic International ETF,43.797,6,6,1,12,3,3,2,33,-18.0,15.0,Broken,Avoid/exit,49,-4.9,-2.6,-3.0,41.7,0,,nan,2805221888.0,44372.73
AMSC,American Superconductor Corporation,42.34,3,2,0,9,3,0,2,19,-4.0,15.0,Broken,Avoid/exit,49,-16.9,-14.3,-14.3,36.4,0,,Industrials,2019382784.0,1143622.47
RYRCX,RETAILING FUND CLASS C,42.18,1,3,7,6,2,1,2,22,-10.0,15.0,Broken,Avoid/exit,24,-2.3,-1.9,-1.8,38.9,0,,nan,0.0,0.0
IMSCX,IMS CAPITAL VALUE FUND INSTITUTIONAL CLASS SHARES,42.89,8,4,3,7,3,0,3,28,-13.0,15.0,Broken,Avoid/exit,49,-2.2,-0.4,-1.0,48.7,0,,nan,0.0,0.0
FPFAX,Fa529 Pt Cl A,43.03,8,4,1,7,3,1,3,27,-15.0,15.0,Broken,Avoid/exit,38,-1.1,-0.2,-0.5,45.6,0,,Other,0.0,0.0
FQBIX,New Hampshire Higher Education Savings Plan Trust - Fidelity Advisor 529 Portfolio Fund Series 2028,43.8,8,4,1,7,3,1,3,27,-15.0,15.0,Broken,Avoid/exit,38,-1.1,-0.2,-0.5,45.7,0,,Other,nan,0.0
PJUN,Innovator S&P 500 Power Buffer ETF - New,42.87,8,2,0,11,2,0,3,26,-11.0,15.0,Broken,Avoid/exit,46,-1.2,-1.1,-0.9,36.3,0,,nan,nan,59257.43
QSIX,Pacer Metarus Nasdaq 100 Dividend Multiplier 600 ETF,42.079,8,4,3,13,3,1,4,36,-21.0,15.0,Broken,Avoid/exit,52,-4.2,-1.2,-1.6,48.5,0,,nan,nan,3713.26
TEKY,Lazard Next Gen Technologies ETF,43.787,8,4,1,12,3,4,4,36,-21.0,15.0,Broken,Avoid/exit,54,-5.1,-0.8,-2.2,48.9,0,,nan,nan,1338.5
FLLAWX,FLLAWX,235.85,3,5,3,6,0,2,3,22,-10.0,15.0,Broken,Avoid/exit,21,-0.3,-0.2,-0.3,32.0,0,,nan,nan,0.0
VICR,Vicor Corporation,271.04,11,6,1,8,3,0,4,33,-18.0,15.0,Broken,Avoid/exit,45,-19.1,1.0,-8.7,45.9,0,,Technology,12354384896.0,638188.82
MGC,Vanguard Mega Cap Index Fund ETF Shares,270.54,8,4,3,13,3,1,4,36,-21.0,15.0,Broken,Avoid/exit,56,-2.9,-1.0,-1.0,48.6,0,,nan,nan,154123.47
FATIEX,FATIEX,741.38,3,5,3,6,0,2,3,22,-10.0,15.0,Broken,Avoid/exit,19,-0.6,-0.0,-0.4,39.4,0,,nan,nan,0.0
FHEHXX,CS 608: Investment Grade Multi-Asset Income Portfolio Long Term Series 33 - Cash,758.22,6,7,3,6,1,1,3,27,-15.0,15.0,Broken,Avoid/exit,30,-0.6,1.1,-0.0,49.5,0,,nan,nan,0.0
FVLPDX,FVLPDX,808.51,3,5,3,6,0,2,3,22,-10.0,15.0,Broken,Avoid/exit,24,-0.7,0.0,-0.4,39.8,0,,nan,nan,0.0
SLMNP,A. Schulman Inc,860.0,1,3,7,4,5,2,3,25,-10.0,15.0,Broken,Avoid/exit,29,-0.6,-1.1,-0.7,32.8,0,,Basic Materials,25223501824.0,0.0
FDVOIX,FDVOIX,850.75,3,5,3,6,0,2,3,22,-10.0,15.0,Broken,Avoid/exit,17,-0.6,-0.2,-0.5,37.7,0,,nan,nan,0.0
FRXHJX,FRXHJX,850.47,3,2,6,6,0,2,3,22,-10.0,15.0,Broken,Avoid/exit,25,-0.2,-0.2,-0.2,34.0,0,,nan,nan,0.0
WTM,White Mountains Insurance Group Ltd,2065.14,3,10,2,3,3,3,3,27,-10.0,15.0,Broken,Avoid/exit,32,0.0,-3.5,-1.7,39.5,0,,Financial Services,5114670080.0,22737.79
AHIADX,AHIADX,1003.49,3,6,2,6,0,2,3,22,-10.0,15.0,Broken,Avoid/exit,28,-0.3,0.1,-0.3,38.1,0,,nan,nan,0.0
EJPRF,East Japan Railway Company,21.79,1,10,2,0,3,2,2,20,-6.0,14.0,Broken,Avoid/exit,25,1.8,-5.6,-2.6,45.8,0,,Industrials,25676886016.0,0.0
GNGBY,Getinge Industrier AB,20.3,3,4,3,6,3,7,4,30,-16.0,14.0,Broken,Avoid/exit,29,-1.0,-4.2,-0.5,48.4,1,,Healthcare,5529101824.0,2821.67
SKSBF,Skanska AB (publ),24.85,3,4,8,2,0,5,2,24,-10.0,14.0,Broken,Avoid/exit,25,-2.2,-3.3,-4.5,32.7,0,,Industrials,10289898496.0,0.0
SUMCF,Sumco Corporation,25.43,14,5,2,13,3,2,5,44,-30.0,14.0,Broken,Avoid/exit,63,-3.1,24.0,10.5,62.2,3,,Technology,8893207552.0,6891.09
VLYPO,Valley National Bancorp B Pref,25.01,5,4,7,3,3,7,3,32,-18.0,14.0,Broken,Avoid/exit,49,0.6,0.0,-0.0,49.9,1,,Financial Services,3334258176.0,6509.57
IPCFF,International Petroleum Corporation,25.55,4,4,2,3,3,2,3,21,-10.0,14.0,Broken,Avoid/exit,51,1.4,-8.3,-3.5,43.6,0,,Energy,2882723328.0,13264.96
EWA,iShares MSCI Australia ETF,28.06,3,2,6,8,2,3,2,26,-8.0,14.0,Broken,Avoid/exit,36,-4.1,-3.2,-3.3,37.3,0,,nan,1572828032.0,4280873.49
WBI,WaterBridge Infrastructure LLC,29.44,9,4,5,5,3,7,5,38,-24.0,14.0,Broken,Avoid/exit,59,0.6,-4.3,-0.9,49.9,0,,Energy,1384152832.0,0.0
USCRX,CORNERSTONE MODERATELY AGGRESSIVE FUND CORNERSTONE MODERATELY AGGRESSIVE FUND,29.24,8,4,1,7,3,0,3,26,-15.0,14.0,Broken,Avoid/exit,42,-1.6,-0.4,-0.8,47.3,0,,nan,0.0,0.0
QTR,Global X NASDAQ 100® Tail Risk ETF,33.955,6,6,2,13,3,1,4,35,-21.0,14.0,Broken,Avoid/exit,49,-4.3,-1.1,-1.6,48.6,0,,nan,nan,1582.61
WINN,Harbor Long-Term Growers ETF,32.26,8,6,2,12,3,1,3,35,-21.0,14.0,Broken,Avoid/exit,58,-4.4,-1.2,-1.7,46.6,0,,nan,nan,110884.41
PBL,PGIM ETF Trust - PGIM Portfolio Ballast ETF,32.825,9,4,3,9,3,3,4,35,-21.0,14.0,Broken,Avoid/exit,57,-1.6,0.2,-0.3,52.0,0,,nan,nan,4326.81
FHEQ,Fidelity Hedged Equity ETF,32.85,12,4,2,13,3,2,3,39,-21.0,14.0,Broken,Avoid/exit,56,-2.0,-0.6,-0.7,49.9,0,,nan,nan,125924.6
DGRE,WisdomTree Emerging Markets Quality Dividend Growth Fund,38.179,8,4,1,12,3,2,2,32,-18.0,14.0,Broken,Avoid/exit,52,-5.0,-2.1,-3.4,44.3,0,,nan,nan,19351.5
DBEM,Xtrackers MSCI Emerging Markets Hedged Equity ETF,38.84,8,4,0,13,3,4,3,35,-21.0,14.0,Broken,Avoid/exit,50,-5.2,-1.9,-3.3,44.6,0,,nan,nan,8997.0
OALC,Unified Series Trust,39.768,8,5,2,13,3,1,4,36,-22.0,14.0,Broken,Avoid/exit,62,-2.4,-0.1,-0.6,51.3,0,,nan,nan,22941.64
MSTQ,ETF Series Solutions - LHA Market State Tactical Q ETF,38.612,6,4,3,8,3,1,4,29,-13.0,14.0,Broken,Avoid/exit,50,-4.0,-0.9,-1.7,47.7,0,,nan,nan,3308.0
DEHP,Dimensional ETF Trust - Dimensional Emerging Markets High Profitability ETF,39.78,8,4,0,13,3,2,2,32,-18.0,14.0,Broken,Avoid/exit,53,-7.5,-2.4,-4.6,43.3,0,,nan,nan,27752.0
DFEM,Dimensional ETF Trust - Dimensional Emerging Markets Core Equity 2 ETF,38.68,8,4,0,13,3,2,2,32,-18.0,14.0,Broken,Avoid/exit,52,-5.9,-2.4,-3.9,42.0,0,,nan,nan,789796.0
SFLR,Innovator Equity Managed Floor ETF,38.15,12,2,2,12,3,0,4,35,-21.0,14.0,Broken,Avoid/exit,50,-1.9,-0.1,-0.3,51.7,0,,nan,nan,275662.0
SNPV,DBX ETF Trust - Xtrackers S&P 500 Value ESG ETF,39.588,13,5,3,5,3,4,4,37,-23.0,14.0,Broken,Avoid/exit,63,-1.5,1.3,0.7,60.5,0,,nan,nan,29074.76
HCMT,Direxion HCM Tactical Enhanced U.S. Equity Strategy ETF,39.86,8,4,3,13,3,0,4,35,-21.0,14.0,Broken,Avoid/exit,51,-5.9,-1.2,-2.3,47.3,0,,nan,nan,60507.21
UXOC,FT Vest U.S. Equity Uncapped Accelerator ETF - October,38.639,8,6,3,11,3,1,4,36,-22.0,14.0,Broken,Avoid/exit,53,-2.7,-0.6,-0.9,49.7,0,,nan,nan,8960.64
RBLX,Roblox Corp,41.82,2,3,5,7,0,4,2,23,-9.0,14.0,Broken,Avoid/exit,7,-11.3,-9.4,-8.7,36.1,1,,Communication Services,29942231040.0,9805609.94
TPCIX,TIMOTHY ISRAEL COMMON VALUES FUND CLASS C,43.1,5,2,1,7,3,4,2,24,-10.0,14.0,Broken,Avoid/exit,44,-8.5,-4.3,-4.4,37.9,0,,nan,0.0,0.0
EURL,Direxion Daily FTSE Europe Bull 3X Shares,42.9,7,4,6,6,3,4,2,32,-18.0,14.0,Broken,Avoid/exit,30,-6.7,-6.6,-4.3,45.0,0,,nan,nan,41417.5
MILN,Global X Millennials Consumer ETF,42.34,1,5,5,9,3,1,2,26,-8.0,14.0,Broken,Avoid/exit,24,-2.6,-1.4,-1.7,41.8,0,,nan,nan,10697.98
FCHDMX,FCHDMX,233.02,3,5,2,6,0,2,3,21,-10.0,14.0,Broken,Avoid/exit,23,-0.2,-0.1,-0.2,37.7,0,,nan,nan,0.0
APD,Air Products and Chemicals Inc,282.35,3,9,3,3,2,7,2,29,-15.0,14.0,Broken,Avoid/exit,44,1.3,-2.7,-1.9,38.0,1,,Basic Materials,62873894912.0,1323432.0
POWL,Powell Industries Inc,284.87,6,8,4,6,0,2,2,28,-14.0,14.0,Broken,Avoid/exit,32,0.2,5.2,-1.9,46.2,0,,Industrials,10378283008.0,716205.0
VOO,Vanguard S&P 500 ETF,678.0,8,4,3,13,3,1,3,35,-21.0,14.0,Broken,Avoid/exit,53,-2.5,-0.7,-0.8,49.4,0,,nan,nan,8922238.09
FECILX,FECILX,692.97,3,6,1,6,0,2,3,21,-10.0,14.0,Broken,Avoid/exit,26,-0.7,-0.0,-0.3,44.1,0,,nan,nan,0.0
SPY,SPDR S&P 500 ETF Trust,737.55,8,4,3,13,3,1,3,35,-21.0,14.0,Broken,Avoid/exit,54,-2.5,-0.7,-0.8,49.4,0,,nan,nan,75445306.0
IVV,iShares Core S&P 500 ETF,740.91,8,4,3,13,3,1,3,35,-21.0,14.0,Broken,Avoid/exit,53,-2.5,-0.7,-0.8,49.4,0,,nan,nan,8176768.69
QQQ,Invesco QQQ Trust,705.06,8,4,2,13,3,1,4,35,-21.0,14.0,Broken,Avoid/exit,50,-4.5,-1.3,-1.7,48.3,0,,nan,nan,55519395.05
ATPABX,ATPABX,732.72,3,5,2,6,0,2,3,21,-10.0,14.0,Broken,Avoid/exit,28,-0.1,-0.1,-0.1,30.7,0,,nan,nan,0.0
FGUESX,FGUESX,761.16,5,5,4,6,0,1,3,24,-10.0,14.0,Broken,Avoid/exit,18,-0.7,0.1,-0.5,37.9,0,,nan,nan,0.0
FOGSDX,FOGSDX,934.85,3,5,2,6,0,2,3,21,-10.0,14.0,Broken,Avoid/exit,29,-0.3,-0.1,-0.2,38.8,0,,nan,nan,0.0
FAFZZX,FAFZZX,956.78,3,5,2,6,0,2,3,21,-10.0,14.0,Broken,Avoid/exit,25,-0.4,-0.2,-0.3,36.9,0,,nan,nan,0.0
FICO,Fair Isaac Corporation,1137.33,5,4,2,11,3,4,3,32,-18.0,14.0,Broken,Avoid/exit,30,-9.1,-7.4,-3.9,45.6,0,,Technology,26375712768.0,319680.41
AHIAGX,AHIAGX,1050.31,3,6,1,6,0,2,3,21,-10.0,14.0,Broken,Avoid/exit,20,-0.3,0.1,-0.4,38.2,0,,nan,nan,0.0
SYIEY,Symrise Ag PK,21.98,7,7,0,5,5,4,3,31,-18.0,13.0,Broken,Avoid/exit,45,-4.5,-2.7,-1.5,46.5,0,,Basic Materials,12381123584.0,190301.34
GME,GameStop Corp.,21.8,7,7,3,0,0,2,2,21,-8.0,13.0,Broken,Avoid/exit,32,2.9,-3.1,-2.0,44.4,1,,Consumer Cyclical,9781468160.0,7690503.34
TIMB,TIM Participacoes SA,21.57,3,3,7,3,0,5,2,23,-10.0,13.0,Broken,Avoid/exit,21,-2.0,-4.7,-4.8,32.4,0,,Communication Services,10304714752.0,399613.8
WBS-PF,Webster Financial Corporation,20.56,3,2,2,6,3,5,2,23,-10.0,13.0,Broken,Avoid/exit,44,-0.9,-2.9,-1.8,35.8,0,,Financial Services,3596802560.0,12499.82
EBBNF,Enbridge Inc,24.5,8,5,6,3,5,2,3,32,-19.0,13.0,Broken,Avoid/exit,47,-0.2,-0.1,-0.2,47.3,0,,Energy,96484933632.0,7032.78
SCHW-PD,The Charles Schwab Corporation,24.29,3,7,2,6,0,3,2,23,-10.0,13.0,Broken,Avoid/exit,14,-0.4,-0.1,-0.7,39.4,0,,Financial Services,50420449280.0,45497.76
FDP,Fresh Del Monte Produce Inc,29.52,1,10,1,1,2,4,2,21,-8.0,13.0,Broken,Avoid/exit,6,-8.2,-10.6,-10.3,21.2,0,,Consumer Defensive,1404461440.0,314224.5
FLTLF,Flow Traders Ltd.,29.11,1,6,0,3,3,6,2,21,-8.0,13.0,Broken,Avoid/exit,21,-0.3,-13.5,-6.1,27.7,0,,Financial Services,1268277376.0,952.47
FEMSX,FIDELITY SERIES EMERGING MARKETS FUND FIDELITY SERIES EMERGING MARKETS FUND,29.98,8,4,0,7,3,2,2,26,-13.0,13.0,Broken,Avoid/exit,47,-5.5,-2.6,-3.9,43.6,0,,nan,0.0,0.0
SEMNX,HARTFORD SCHRODERS EMERGING MARKETS EQUITY FUND CLASS I,28.27,8,4,0,7,3,2,2,26,-13.0,13.0,Broken,Avoid/exit,47,-6.2,-2.1,-3.8,44.5,0,,nan,0.0,0.0
SEKIX,DEUTSCHE EMERGING MARKETS EQUITY FUND INSTITUTIONAL CLASS,28.13,8,4,0,7,3,2,2,26,-13.0,13.0,Broken,Avoid/exit,47,-5.2,-3.2,-3.6,44.2,0,,nan,0.0,0.0
FIATX,FIDELITY ADVISOR INTERNATIONAL CAPITAL APPRECIATION FUND CLASS T,33.31,6,4,1,7,3,2,2,25,-15.0,13.0,Broken,Avoid/exit,37,-4.1,-1.2,-2.5,43.5,0,,nan,0.0,0.0
ECON,Columbia Emerging Markets Consumer ETF,33.81,8,4,0,12,3,4,3,34,-21.0,13.0,Broken,Avoid/exit,55,-7.0,-1.1,-3.5,45.4,0,,nan,nan,25530.0
BGEDX,BAILLIE GIFFORD EMERGING MARKETS FUND CLASS 5,33.72,8,4,0,7,3,2,2,26,-13.0,13.0,Broken,Avoid/exit,48,-5.6,-3.0,-4.1,43.6,0,,nan,0.0,0.0
BGEHX,BAILLIE GIFFORD EMERGING MARKETS FUND CLASS 2,32.27,8,4,0,7,3,2,2,26,-13.0,13.0,Broken,Avoid/exit,48,-5.6,-3.0,-4.1,43.6,0,,nan,0.0,0.0
BGKEX,The Emerging Markets Fund Class K,32.11,8,4,0,7,3,2,2,26,-13.0,13.0,Broken,Avoid/exit,48,-5.6,-3.0,-4.1,43.6,0,,nan,0.0,0.0
BGEPX,BAILLIE GIFFORD EMERGING MARKETS FUND CLASS 4,32.62,8,4,0,7,3,2,2,26,-13.0,13.0,Broken,Avoid/exit,48,-5.6,-3.0,-4.1,43.6,0,,nan,0.0,0.0
BGEGX,BAILLIE GIFFORD EMERGING MARKETS FUND INSTITUTIONAL CLASS,32.07,8,4,0,7,3,2,2,26,-13.0,13.0,Broken,Avoid/exit,48,-5.6,-3.1,-4.1,43.5,0,,nan,nan,0.0
XXXX,MAX S&P 500 4X Leveraged ETN,32.2,4,4,4,12,3,4,3,34,-21.0,13.0,Broken,Avoid/exit,35,-10.5,-4.4,-5.1,45.3,0,,nan,nan,964748.51
PRJZX,PRUDENTIAL JENNISON GLOBAL OPPORTUNITIES FUND CLASS Z,39.47,6,4,1,7,3,2,2,25,-15.0,13.0,Broken,Avoid/exit,31,-4.2,-2.8,-2.7,45.0,0,,nan,0.0,0.0
EUDG,WisdomTree Europe Quality Dividend Growth Fund,38.11,10,4,5,3,3,3,3,31,-18.0,13.0,Broken,Avoid/exit,39,-2.1,-1.2,-0.7,47.9,0,,nan,nan,10157.16
FLXR,TCW Flexible Income ETF,38.96,1,3,1,11,0,2,3,21,-8.0,13.0,Broken,Avoid/exit,19,-0.9,-0.4,-0.5,38.9,0,,nan,0.0,403986.5
PRJBX,PGIM Jennison Global Opportunities Fund-Class R2,38.12,6,4,1,7,3,2,2,25,-15.0,13.0,Broken,Avoid/exit,31,-4.3,-2.8,-2.7,44.9,0,,nan,nan,0.0
PRJDX,PGIM Jennison Global Opportunities Fund-Class R4,39.12,6,4,1,7,3,2,2,25,-15.0,13.0,Broken,Avoid/exit,31,-4.3,-2.8,-2.7,44.9,0,,nan,nan,0.0
ADRNY,Koninklijke Ahold Delhaize NV ADR,41.38,1,9,2,1,3,5,2,23,-10.0,13.0,Broken,Avoid/exit,29,-1.8,-4.5,-3.0,35.2,0,,Consumer Defensive,36438364160.0,76066.71
KOP,Koppers Holdings Inc,40.81,11,8,1,3,3,2,3,31,-18.0,13.0,Broken,Avoid/exit,56,0.0,3.0,-1.1,49.3,1,,Basic Materials,784850816.0,178038.0
EMCR,Xtrackers Emerging Markets Carbon Reduction and Climate Improvers ETF,42.406,8,4,1,12,3,4,2,34,-21.0,13.0,Broken,Avoid/exit,44,-5.4,-1.9,-3.5,43.7,0,,nan,nan,5928.91
CGUS,Capital Group Core Equity ETF,43.16,8,4,3,12,3,1,3,34,-21.0,13.0,Broken,Avoid/exit,58,-2.4,-1.0,-1.0,47.7,0,,nan,nan,1104426.0
YALL,Yorkville America Investment Trust,42.219,1,2,2,10,3,1,2,21,-8.0,13.0,Broken,Avoid/exit,20,-4.0,-3.5,-3.0,31.7,0,,nan,nan,7519.65
AMZN,Amazon.com Inc,246.03,4,2,1,7,3,2,2,21,-8.0,13.0,Broken,Avoid/exit,49,-9.1,-8.4,-5.6,37.8,0,,Consumer Cyclical,2646571745280.0,46292946.95
TXN,Texas Instruments Incorporated,285.06,8,4,2,9,3,2,3,31,-18.0,13.0,Broken,Avoid/exit,58,-6.7,-4.5,-4.3,46.5,0,,Technology,259431055360.0,7631341.5
RNR,Renaissancere Holdings Ltd,288.48,3,10,2,1,3,2,2,23,-8.0,13.0,Broken,Avoid/exit,42,2.9,-4.0,-0.5,46.2,0,,Financial Services,12298779648.0,393652.18
CASY,Caseys General Stores Inc,761.91,5,4,0,3,7,4,2,25,-10.0,13.0,Broken,Avoid/exit,39,-0.7,-7.6,-4.2,38.7,1,,Consumer Cyclical,28241666048.0,425555.0
FTPYIX,The First Trust Combined Series 587: Investment Grade Multi-Asset Income Portfolio Long Term Series 30,778.34,7,5,2,6,0,3,2,25,-15.0,13.0,Broken,Avoid/exit,16,-0.6,1.0,-0.8,38.6,0,,nan,nan,0.0
SWZCF,Swisscom AG,807.85,1,3,9,7,0,3,2,25,-8.0,13.0,Broken,Avoid/exit,28,-6.4,-4.6,-4.5,25.7,0,,Communication Services,43422388224.0,0.0
FSNIBX,FSNIBX,902.54,5,5,3,6,0,1,3,23,-10.0,13.0,Broken,Avoid/exit,14,-0.6,0.0,-0.4,38.5,0,,nan,nan,0.0
FTXIOX,FTXIOX,902.01,3,5,1,6,0,2,3,20,-10.0,13.0,Broken,Avoid/exit,29,-0.3,-0.2,-0.2,39.1,0,,nan,nan,0.0
AHIACX,AHIACX,994.69,3,4,2,6,0,2,3,20,-10.0,13.0,Broken,Avoid/exit,25,-0.3,-0.0,-0.4,35.3,0,,nan,nan,0.0
FHSDFX,FHSDFX,981.86,3,5,1,6,0,2,3,20,-10.0,13.0,Broken,Avoid/exit,17,-0.5,-0.2,-0.3,38.6,0,,nan,nan,0.0
FWNVFX,FWNVFX,984.58,3,5,1,6,0,2,3,20,-10.0,13.0,Broken,Avoid/exit,17,-0.4,-0.2,-0.3,38.5,0,,nan,nan,0.0
MPWR,Monolithic Power Systems Inc,1481.05,10,4,0,9,3,3,2,31,-18.0,13.0,Broken,Avoid/exit,53,-5.4,-5.1,-6.2,44.5,0,,Technology,72763990016.0,623038.0
BYCBF,Barry Callebaut AG,1450.0,4,1,9,3,3,1,2,23,-10.0,13.0,Broken,Avoid/exit,26,-4.3,-4.5,-3.6,23.6,0,,Consumer Defensive,7949916672.0,0.0
EFGIF,EFG International AG,21.0,5,3,2,3,4,3,2,22,-10.0,12.0,Broken,Avoid/exit,0,0.0,-6.7,-2.6,6.1,0,,Financial Services,6295673856.0,0.0
PPEM,PortfolioPlus Emerging Markets ETF,23.445,9,8,7,4,7,2,5,42,-28.0,12.0,Broken,Avoid/exit,37,-0.1,4.3,2.2,61.4,0,,nan,nan,9935.92
CABGY,Carlsberg AS,25.39,1,8,1,6,5,4,2,27,-13.0,12.0,Broken,Avoid/exit,18,-5.6,-6.2,-3.7,40.0,0,,Consumer Defensive,16779243520.0,62353.52
INTA,Intapp Inc,24.35,15,10,3,6,3,1,4,42,-30,12,Broken,Avoid/exit,37,5.5,19.8,6.9,57.1,4,,Technology,1876449792.0,959910.15
VNT,Vontier Corp,28.15,5,9,5,0,2,3,2,26,-14.0,12.0,Broken,Avoid/exit,9,-0.8,-2.7,-4.7,29.4,1,,Technology,3963520000.0,1238363.0
NRES,Xtrackers RREEF Global Natural Resources ETF,32.943,4,1,2,4,6,3,2,22,-10.0,12.0,Broken,Avoid/exit,46,-2.2,-2.7,-2.8,36.4,0,,nan,nan,1313.19
DRIV,Global X Autonomous & Electric Vehicles ETF,38.62,8,4,0,10,3,2,3,30,-18.0,12.0,Broken,Avoid/exit,55,-7.2,-2.2,-3.9,45.7,0,,nan,nan,61868.96
AFMC,First Trust Active Factor Mid Cap ETF,39.48,15,5,4,5,3,4,4,40,-28.0,12.0,Broken,Avoid/exit,63,-0.3,1.4,0.3,54.5,0,,nan,nan,22448.68
FEBZ,Listed Funds Trust - TrueShares Structured Outcome (February) ETF,39.982,11,4,4,8,3,4,4,38,-22.0,12.0,Broken,Avoid/exit,59,-1.8,-0.3,-0.5,50.5,0,,nan,nan,2771.4
RSEE,Collaborative Investment Series Trust - Rareview Systematic Equity ETF,38.049,8,3,2,14,3,1,3,34,-22.0,12.0,Broken,Avoid/exit,50,-4.1,-1.4,-1.9,46.6,0,,nan,nan,5568.78
CGGO,Capital Group Global Growth Equity ETF,39.2,8,4,2,12,3,1,3,33,-21.0,12.0,Broken,Avoid/exit,50,-4.5,-0.8,-1.8,47.6,0,,nan,nan,1161006.43
FDLS,Northern Lights Fund Trust IV - Inspire Fidelis Multi Factor ESG ETF,39.76,6,6,6,2,3,5,2,30,-18.0,12.0,Broken,Avoid/exit,48,-1.9,-1.3,-1.7,43.8,0,,nan,nan,27933.24
MAYT,AllianzIM U.S. Equity Buffer10 May ETF,38.608,9,3,1,13,3,1,3,33,-21.0,12.0,Broken,Avoid/exit,53,-1.2,-0.3,-0.3,49.7,0,,nan,nan,30839.16
PRXG,Praxis Impact Large Cap Growth ETF,38.74,8,4,2,12,3,1,3,33,-21.0,12.0,Broken,Avoid/exit,53,-4.0,-1.8,-1.7,46.6,0,,nan,nan,10152.12
BBBK,Baker Boyer Bancorp,42.01,1,1,7,3,3,5,2,22,-10.0,12.0,Broken,Avoid/exit,36,-2.3,-2.3,-2.1,19.4,0,,Financial Services,55416272.0,0.0
TAGG,TagLikeMe Corp,42.23,5,8,3,5,0,2,3,26,-14.0,12.0,Broken,Avoid/exit,14,-0.4,-0.0,-0.3,41.3,0,,nan,4230.0,120313.25
EWG,iShares MSCI Germany ETF,42.11,11,4,2,6,3,1,3,30,-18.0,12.0,Broken,Avoid/exit,37,-3.0,-2.2,-1.6,45.1,0,,nan,nan,2211546.21
ICOW,Pacer Developed Markets International Cash Cows 100 ETF,43.63,5,2,4,11,3,2,3,30,-18.0,12.0,Broken,Avoid/exit,51,-3.6,-3.6,-2.8,39.5,0,,nan,nan,177893.48
PNOV,Innovator S&P 500 Power Buffer ETF - November,43.9,11,5,2,9,3,0,3,33,-21.0,12.0,Broken,Avoid/exit,55,-1.1,-0.2,-0.2,52.7,0,,nan,nan,112012.95
MUSI,American Century Multisector Income ETF,43.37,3,3,2,11,0,2,3,24,-8.0,12.0,Broken,Avoid/exit,17,-0.9,-0.2,-0.5,39.0,0,,nan,nan,19717.0
FELG,Fidelity Covington Trust,43.37,8,4,2,12,3,1,3,33,-21.0,12.0,Broken,Avoid/exit,41,-3.9,-1.7,-1.7,45.9,0,,nan,nan,604391.5
EMCS,Xtrackers MSCI Emerging Markets Climate Selection ETF,43.818,8,4,0,13,3,2,3,33,-21.0,12.0,Broken,Avoid/exit,49,-5.0,-1.1,-3.0,46.4,0,,nan,nan,159245.5
ELFY,ALPS Electrification Infrastructure ETF,43.58,11,4,0,9,3,0,3,30,-18.0,12.0,Broken,Avoid/exit,53,-2.1,-0.3,-1.6,47.2,0,,nan,nan,35809.0
FDEANX,FDEANX,227.83,3,5,3,6,0,2,3,22,-10.0,12.0,Broken,Avoid/exit,20,-0.4,-0.1,-0.3,34.9,0,,nan,nan,0.0
WBREIX,WBREIX,225.489,8,4,0,7,3,5,3,30,-18.0,12.0,Broken,Avoid/exit,47,-4.3,-0.3,-2.2,46.7,0,,nan,nan,0.0
FGWQXX,FGWQXX,942.64,3,3,2,6,0,2,3,19,-10.0,12.0,Broken,Avoid/exit,29,-0.3,-0.1,-0.2,37.7,0,,nan,nan,0.0
AZO,AutoZone Inc,3116.43,1,11,1,1,4,2,2,22,-10.0,12.0,Broken,Avoid/exit,19,6.2,-9.4,-2.9,39.7,1,,Consumer Cyclical,51012841472.0,175742.01
ZKBHF,ZKB Gold ETF,1330.0,4,3,4,3,3,3,2,22,-10.0,12.0,Broken,Avoid/exit,36,0.0,0.0,-1.1,7.0,0,,nan,nan,6.5
DTW,DTE Energy Co Pref Series E,20.85,2,8,3,1,2,1,2,19,-8.0,11.0,Broken,Avoid/exit,15,-0.9,-1.4,-1.6,33.1,0,,nan,3891055872.0,25259.04
MITEF,Mitsubishi Estate Co. Ltd,25.15,1,3,5,3,3,4,2,21,-10.0,11.0,Broken,Avoid/exit,43,2.5,-7.6,-5.0,23.9,0,,Real Estate,30342723584.0,0.0
AMRC,Ameresco Inc,28.46,2,4,0,10,3,0,2,21,-10.0,11.0,Broken,Avoid/exit,30,-20.9,-5.8,-11.8,41.4,0,,Industrials,1506997248.0,582253.84
SGRKX,WELLS FARGO GROWTH FUND ADMINISTRATOR CLASS,33.04,6,3,2,7,3,0,2,23,-15.0,11.0,Broken,Avoid/exit,29,-3.3,-1.6,-2.2,43.8,0,,nan,0.0,0.0
DFCEX,EMERGING MARKETS CORE EQUITY PORTFOLIO EMERGING MARKETS CORE EQUITY PORTFOLIO - INSTITUTIONAL CLASS,33.95,8,4,0,7,3,0,2,24,-13.0,11.0,Broken,Avoid/exit,48,-4.0,-1.0,-2.7,44.3,0,,nan,0.0,0.0
SPIB,SPDR Barclays Intermediate Term Corporate Bond,33.24,2,5,0,7,0,2,3,19,-8.0,11.0,Broken,Avoid/exit,21,-0.9,-0.3,-0.5,39.1,0,,nan,nan,6589920.83
SWAN,Amplify BlackSwan Growth & Treasury Core ETF,33.25,9,3,0,10,3,2,3,30,-19.0,11.0,Broken,Avoid/exit,48,-2.1,-0.2,-0.9,47.0,0,,nan,nan,40846.09
ROMO,Strategy Shares Newfound/ReSolve Robust Momentum ETF,33.089,6,3,8,6,3,0,3,29,-18.0,11.0,Broken,Avoid/exit,43,-2.5,-1.1,-1.2,45.4,0,,nan,nan,2531.13
ESGN,Columbia Sustainable International Equity Income ETF,38.987,3,4,8,4,3,5,2,29,-18.0,11.0,Broken,Avoid/exit,39,-3.3,-3.8,-2.6,36.0,0,,nan,nan,16279.53
CEFA,Global X S&P Catholic Values Developed ex-U.S. ETF,38.951,11,3,6,1,3,3,3,30,-18.0,11.0,Broken,Avoid/exit,42,-2.4,-1.7,-1.4,45.1,0,,nan,nan,5279.08
INEQ,Columbia International Equity Income ETF,38.987,3,4,8,4,3,5,2,29,-18.0,11.0,Broken,Avoid/exit,39,-3.3,-3.8,-2.6,36.0,0,,nan,nan,16987.5
VOXP,VOXP,38.172,11,4,2,7,3,2,4,33,-22.0,11.0,Broken,Avoid/exit,51,-2.4,-0.6,-0.7,50.1,0,,nan,nan,129.07
TPG,TPG Inc,41.19,2,6,5,5,5,0,2,25,-14.0,11.0,Broken,Avoid/exit,26,-3.2,-1.3,-2.2,44.9,0,,Financial Services,15829825536.0,2538292.5
AFJK,"Aimei Health Technology Co., Ltd Ordinary Share",40.4,6,6,8,3,4,0,2,29,-18.0,11.0,Broken,Avoid/exit,32,-3.8,-0.2,-2.9,47.4,0,,Financial Services,127919816.0,73985.79
BIRDF,Bird Construction Inc,43.75,15,3,3,6,3,6,5,41,-30,11,Broken,Avoid/exit,65,4.5,4.6,5.0,60.7,0,,Industrials,2423894272.0,21430.61
REMYF,Rémy Cointreau SA,43.85,1,1,6,4,6,1,2,21,-10.0,11.0,Broken,Avoid/exit,20,-4.6,-4.6,-3.8,17.1,0,,Consumer Defensive,2345634816.0,275.5
MEMRX,MFS EMERGING MARKETS EQUITY FUND R1,42.63,8,4,0,7,3,0,2,24,-13.0,11.0,Broken,Avoid/exit,43,-3.2,-0.2,-1.7,47.3,0,,nan,0.0,0.0
FICVX,FIDELITY CONVERTIBLE SECURITIES FUND FIDELITY ADVISOR CONVERTIBLE SECURITIES FUND: CLASS I,43.27,8,4,1,7,3,3,3,29,-18.0,11.0,Broken,Avoid/exit,47,-2.9,-0.5,-1.2,48.8,0,,nan,0.0,0.0
FACVX,FIDELITY CONVERTIBLE SECURITIES FUND FIDELITY ADVISOR CONVERTIBLE SECURITIES FUND: CLASS A,43.03,8,4,1,7,3,3,3,29,-18.0,11.0,Broken,Avoid/exit,47,-2.9,-0.5,-1.2,48.8,0,,nan,0.0,0.0
FCCVX,FIDELITY CONVERTIBLE SECURITIES FUND FIDELITY ADVISOR CONVERTIBLE SECURITIES FUND: CLASS C,42.64,8,4,1,7,3,3,3,29,-18.0,11.0,Broken,Avoid/exit,47,-2.9,-0.5,-1.3,48.6,0,,nan,0.0,0.0
FTCVX,FIDELITY CONVERTIBLE SECURITIES FUND FIDELITY ADVISOR CONVERTIBLE SECURITIES FUND: CLASS T,43.12,8,4,1,7,3,3,3,29,-18.0,11.0,Broken,Avoid/exit,47,-2.9,-0.5,-1.2,48.7,0,,nan,0.0,0.0
MEMCX,Mfs Emerging Markets Equity Fund Class,43.53,8,4,0,7,3,0,2,24,-13.0,11.0,Broken,Avoid/exit,43,-3.2,-0.2,-1.7,47.3,0,,nan,0.0,0.0
FCVSX,FIDELITY CONVERTIBLE SECURITIES FUND FIDELITY CONVERTIBLE SECURITIES FUND,43.38,8,4,1,7,3,3,3,29,-18.0,11.0,Broken,Avoid/exit,47,-2.9,-0.5,-1.2,48.8,0,,nan,0.0,0.0
SGRNX,WELLS FARGO GROWTH FUND INSTITUTIONAL CLASS,42.98,6,3,2,7,3,0,2,23,-15.0,11.0,Broken,Avoid/exit,32,-3.3,-1.6,-2.2,43.9,0,,nan,0.0,0.0
SGRHX,WELLS FARGO GROWTH FUND CLASS R6,43.55,6,3,2,7,3,0,2,23,-15.0,11.0,Broken,Avoid/exit,32,-3.3,-1.6,-2.2,43.9,0,,nan,0.0,0.0
THRO,iShares U.S. Thematic Rotation Active ETF,42.19,8,3,3,10,3,1,4,32,-21.0,11.0,Broken,Avoid/exit,56,-2.9,-0.8,-1.0,49.7,0,,nan,nan,1377952.29
IQDG,WisdomTree International Quality Dividend Growth Fund,42.23,9,4,6,3,3,1,3,29,-18.0,11.0,Broken,Avoid/exit,40,-2.5,-0.7,-1.0,46.8,0,,nan,nan,68989.82
FIQVX,FIDELITY CONVERTIBLE SECURITIES FUND FIDELITY ADVISOR CONVERTIBLE SECURITIES FUND: CLASS Z,43.22,8,4,1,7,3,3,3,29,-18.0,11.0,Broken,Avoid/exit,47,-2.9,-0.5,-1.2,48.8,0,,nan,nan,0.0
EMM,Global X Emerging Markets ex-China ETF,42.272,8,6,1,9,3,2,3,32,-21.0,11.0,Broken,Avoid/exit,43,-5.6,-1.2,-3.2,45.5,0,,nan,nan,18592.19
ALAI,The Alger ETF Trust,43.27,11,3,2,12,3,0,5,36,-21.0,11.0,Broken,Avoid/exit,55,-5.3,-0.6,-1.1,51.6,0,,nan,nan,102077.5
GRMN,Garmin Ltd,236.57,8,7,5,4,0,3,2,29,-18.0,11.0,Broken,Avoid/exit,41,1.1,-1.3,-0.9,46.7,1,,Technology,45623996416.0,919421.68
FTAI,FTAI Aviation Ltd.,234.05,4,6,2,6,3,2,2,25,-14.0,11.0,Broken,Avoid/exit,33,-10.1,-5.0,-5.9,43.0,0,,Industrials,24009545728.0,1365412.5
ANPDY,ANTA Sports Products Ltd ADR,233.33,0,5,4,7,0,1,2,19,-8.0,11.0,Broken,Avoid/exit,8,-3.8,-4.5,-4.2,31.9,0,,Consumer Cyclical,25857626112.0,1515.51
HVRRF,Hannover Rück SE,271.7,3,3,3,0,3,7,2,21,-10.0,11.0,Broken,Avoid/exit,13,0.0,-6.7,-3.7,22.6,0,,Financial Services,32766242816.0,10.79
PRI,Primerica Inc,265.84,4,12,1,3,8,2,2,32,-21.0,11.0,Broken,Avoid/exit,36,-1.5,-5.4,-1.2,46.0,0,,Financial Services,8289956352.0,202104.0
TILT,FlexShares Morningstar US Market Factors Tilt Index Fund,270.19,8,3,3,9,3,2,4,32,-21.0,11.0,Broken,Avoid/exit,61,-1.8,0.0,-0.3,51.8,0,,nan,nan,9093.48
FBPVNX,FBPVNX,633.33,3,5,2,6,0,2,3,21,-10.0,11.0,Broken,Avoid/exit,17,-0.4,-0.2,-0.4,34.3,0,,nan,nan,0.0
FCILTX,FCILTX,881.18,3,5,2,6,0,2,3,21,-10.0,11.0,Broken,Avoid/exit,16,-0.8,-0.3,-0.5,39.2,0,,nan,nan,0.0
FJYGRX,FJYGRX,867.98,6,5,2,6,1,0,3,23,-15.0,11.0,Broken,Avoid/exit,34,-0.8,0.8,-0.1,49.0,0,,nan,nan,0.0
COST,Costco Wholesale Corp,971.87,3,9,0,2,2,4,2,22,-11.0,11.0,Broken,Avoid/exit,43,1.6,-7.5,-2.5,41.2,1,,Consumer Defensive,431003762688.0,2347174.54
AHIABX,AHIABX,965.96,3,6,2,6,0,1,3,21,-10.0,11.0,Broken,Avoid/exit,20,-0.3,0.0,-0.3,34.6,0,,nan,nan,0.0
ISVAF,iShares VII Public Limited Company -  iShares NASDAQ 100 UCITS ETF,1661.341,8,4,1,12,3,1,4,33,-22.0,11.0,Broken,Avoid/exit,53,-4.8,-1.0,-1.9,48.1,0,,Other,nan,1102.25
TBB,AT&T Inc. 5.35% GLB NTS 66,20.69,1,6,3,1,2,1,2,16,-6.0,10.0,Broken,Avoid/exit,12,-1.6,-1.5,-1.9,21.8,0,,nan,132557856768.0,80797.07
CHWY,Chewy Inc,20.64,4,9,3,0,2,0,2,20,-10.0,10.0,Broken,Avoid/exit,8,-8.4,3.6,-5.4,38.0,0,,Consumer Cyclical,8441422336.0,7952434.59
DOCS,Doximity Inc,20.59,3,9,2,6,2,0,2,24,-14.0,10.0,Broken,Avoid/exit,23,-3.8,6.2,-4.0,43.2,0,,Healthcare,3765335552.0,2928492.95
EAI,Entergy Arkansas LLC Deb 2066,20.14,1,7,1,3,5,1,2,20,-10.0,10.0,Broken,Avoid/exit,24,0.0,-0.6,-1.1,38.8,0,,nan,972959872.0,22434.21
GLIBK,"GCI Liberty, Inc.",21.56,4,10,0,1,4,2,2,23,-13.0,10.0,Broken,Avoid/exit,13,-3.6,-16.4,-12.4,27.8,1,,Communication Services,860351616.0,510300.98
WEBNF,Westpac Banking Corporation,24.9,2,3,4,5,2,2,2,20,-10.0,10.0,Broken,Avoid/exit,25,-4.5,-2.4,-4.2,43.2,1,,Financial Services,85031190528.0,0.0
TOST,Toast Inc,24.64,5,5,2,6,0,0,2,20,-10.0,10.0,Broken,Avoid/exit,22,-5.3,6.9,-2.2,46.0,0,,Technology,14291200000.0,9980131.76
ILKAY,Iluka Resources Ltd ADR,25.0,3,2,0,8,3,0,2,18,-8.0,10.0,Broken,Avoid/exit,39,-8.4,-9.1,-10.6,36.7,1,,Basic Materials,2155974912.0,4284.67
ZYME,Zymeworks Inc. Common Stock,24.04,2,4,7,3,2,2,2,22,-17.0,10.0,Broken,🔥 COILED: Avoid/exit,40,-4.3,-4.3,-3.8,42.2,1,,Healthcare,1768717696.0,820509.01
KMPR,Kemper Corporation,24.75,1,11,0,1,3,2,2,20,-8.0,10.0,Broken,Avoid/exit,14,0.3,-16.6,-8.9,33.9,0,,Financial Services,1457137280.0,987822.5
CLCGY,Clicks Group Ltd,28.39,0,5,2,9,0,0,2,18,-8.0,10.0,Broken,Avoid/exit,5,-3.8,-6.2,-6.1,29.9,0,,Healthcare,3319513856.0,7547.78
POGHF,Pilot Corporation,29.0,0,11,0,7,3,0,2,23,-13.0,10.0,Broken,Avoid/exit,28,-10.8,-8.1,-5.6,46.8,0,,Industrials,1160971904.0,0.0
CNSAX,INVESCO CONVERTIBLE SECURITIES FUND CLASS A,28.98,8,4,1,7,3,1,4,28,-18.0,10.0,Broken,Avoid/exit,49,-2.5,-0.0,-1.0,49.5,0,,nan,0.0,0.0
QLVE,FlexShares Emerging Markets Quality Low Volatility Index Fund,32.681,8,4,0,12,3,1,3,31,-21.0,10.0,Broken,Avoid/exit,47,-4.1,-1.3,-2.7,44.2,0,,nan,nan,1159.34
ARP,Advisors Inner Circle Fund II - Pmv Adaptive Risk Parity Etf,32.385,5,4,6,8,3,0,2,28,-18.0,10.0,Broken,Avoid/exit,51,-3.3,-2.8,-2.7,36.0,0,,nan,nan,7059.55
XB,BondBloxx B Rated USD High Yield Corporate Bond ETF,39.003,1,5,2,6,3,0,3,20,-10.0,10.0,Broken,Avoid/exit,32,-1.0,-0.3,-0.4,44.1,0,,nan,nan,9033.32
BCHI,GMO Beyond China ETF,38.506,8,4,0,12,3,2,2,31,-21.0,10.0,Broken,Avoid/exit,48,-5.1,-1.2,-3.0,46.1,0,,nan,nan,2488.62
INSP,Inspire Medical Systems Inc,41.19,3,9,8,4,0,2,2,28,-18.0,10.0,Broken,Avoid/exit,17,-0.4,-7.9,-5.2,38.5,0,,Healthcare,1186813696.0,1292473.33
IMOM,Alpha Architect International Quantitative Momentum ETF,43.01,5,2,4,7,3,5,2,28,-18.0,10.0,Broken,Avoid/exit,40,-6.2,-4.1,-4.0,37.8,0,,nan,nan,17526.77
AFLG,First Trust Active Factor Large Cap ETF,43.01,8,4,3,7,3,3,3,31,-21.0,10.0,Broken,Avoid/exit,59,-1.8,-0.6,-0.8,49.1,0,,nan,nan,74198.99
BINV,2023 ETF Series Trust - Brandes International ETF,42.232,5,4,8,2,3,3,3,28,-18.0,10.0,Broken,Avoid/exit,38,-1.7,-1.9,-1.1,44.6,0,,nan,nan,54628.37
XMTIF,iShares VII plc - iShares Core MSCI EMU UCITS ETF,269.409,11,4,2,3,3,2,3,28,-18.0,10.0,Broken,Avoid/exit,46,-2.0,-1.2,-0.7,48.8,0,,nan,nan,2037.87
CSTNL,iShares VII Public Limited Company - iShares Core S&P 500 UCITS ETF,792.668,9,3,2,12,3,0,3,32,-22.0,10.0,Broken,Avoid/exit,51,-2.6,-0.7,-1.1,48.3,0,,nan,nan,15018.41
LDSVF,Chocoladefabriken Lindt & Sprüngli AG,11406.01,2,3,7,2,3,1,2,20,-10.0,10.0,Broken,Avoid/exit,7,-3.7,-3.7,-3.7,27.8,0,,Consumer Defensive,27453751296.0,2.65
GGT-PE,The Gabelli Multimedia Trust Inc. 5.125% PFD SER E,20.1,6,2,0,9,0,1,3,21,-8.0,9.0,Broken,Avoid/exit,7,-1.2,-0.2,-1.0,35.4,0,,Other,503330592.0,1143.13
FPAIX,Fidelity Advisor 529 College Portfolio,23.3,8,4,1,6,3,1,3,26,-20.0,9.0,Broken,Avoid/exit,39,-0.7,-0.1,-0.3,45.5,0,,Other,nan,0.0
CJPRF,Central Japan Railway Company,24.05,1,1,3,5,3,4,2,19,-10.0,9.0,Broken,Avoid/exit,0,0.0,-17.8,-8.0,18.1,0,,Industrials,22973888512.0,0.0
GLAPF,Glanbia plc,24.77,12,3,3,4,3,2,5,32,-23.0,9.0,Broken,Avoid/exit,47,-1.0,-0.9,1.4,61.1,0,,Consumer Defensive,5986692608.0,0.0
SCHG,Schwab U.S. Large-Cap Growth ETF,33.75,8,4,3,8,3,1,3,30,-21.0,9.0,Broken,Avoid/exit,47,-3.9,-1.6,-1.6,46.4,0,,nan,nan,13829161.12
HDEF,Xtrackers MSCI EAFE High Dividend Yield Equity ETF,32.17,3,2,2,5,3,5,3,23,-14.0,9.0,Broken,Avoid/exit,31,-1.6,-3.5,-1.5,39.7,0,,nan,nan,160188.4
FAAR,First Trust Alternative Absolute Return Strategy ETF,33.39,10,2,9,2,0,1,3,27,-18.0,9.0,Broken,Avoid/exit,50,-1.4,-1.9,-1.4,38.5,0,,nan,nan,38635.71
NUEM,NuShares ETF Trust - Nuveen ESG Emerging Markets Equity ETF,39.95,5,3,1,12,3,1,2,27,-18.0,9.0,Broken,Avoid/exit,48,-6.0,-1.7,-3.8,40.6,0,,nan,nan,23936.0
JHEM,John Hancock Multifactor Emerging Markets ETF,38.6,8,4,1,12,3,4,2,34,-21.0,9.0,Broken,Avoid/exit,51,-5.7,-1.3,-3.3,44.0,0,,nan,nan,70469.42
FNGG,Direxion Daily Select Large Caps & FANGs Bull 2X Shares,227.819,6,4,1,8,3,4,4,30,-21.0,9.0,Broken,Avoid/exit,50,-14.4,-3.6,-6.4,44.9,0,,nan,nan,11244.28
BYSTF,BYSTF,262.1,1,1,2,6,3,4,2,19,-10.0,9.0,Broken,Avoid/exit,22,0.0,-12.0,-5.3,0.1,1,,Industrials,541067456.0,1.61
CLH,Clean Harbors Inc,283.03,3,6,2,2,0,5,3,21,-12.0,9.0,Broken,Avoid/exit,46,0.7,0.2,-1.9,43.1,1,,Industrials,14957011968.0,516433.61
MOD,Modine Manufacturing Company,276.51,15,7,1,3,3,4,4,37,-28.0,9.0,Broken,Avoid/exit,55,-0.9,10.6,-0.3,51.4,2,,Consumer Cyclical,14604093440.0,1143347.32
HII,Huntington Ingalls Industries Inc,293.04,1,7,2,1,4,0,2,17,-8.0,9.0,Broken,Avoid/exit,18,-4.9,-7.7,-7.1,29.0,0,,Industrials,11546956800.0,506821.0
TDY,Teledyne Technologies Incorporated,602.27,3,6,6,5,2,3,2,27,-18.0,9.0,Broken,Avoid/exit,36,-2.8,-0.8,-3.0,41.4,0,,Technology,27902650368.0,332165.83
FREMSX,FREMSX,649.6,3,3,2,6,0,2,3,19,-10.0,9.0,Broken,Avoid/exit,17,-0.6,-0.4,-0.5,37.9,0,,nan,nan,0.0
ISMCF,iShares VII Public Limited Company - iShares MSCI USA UCITS ETF,762.972,11,3,2,8,3,0,4,31,-22.0,9.0,Broken,Avoid/exit,51,-2.4,-0.5,-0.8,49.8,0,,nan,nan,996.8
CADE,Cadence Bancorp,21.06,7,6,8,0,0,1,4,26,-18.0,8.0,Broken,Avoid/exit,15,-1.6,-0.7,-1.1,43.9,0,,Financial Services,7845388288.0,2388054.09
NLY-PF,Annaly Capital Management Inc,25.544,2,7,1,4,9,2,3,28,-18.0,8.0,Broken,Avoid/exit,42,-1.9,-1.6,-1.1,35.5,0,,Real Estate,13558870016.0,52762.07
GLOP-PA,GasLog Partners LP,25.221,1,2,3,11,0,1,3,21,-13.0,8.0,Broken,Avoid/exit,19,-2.2,-1.9,-1.7,33.4,1,,Energy,1174544256.0,4861.15
VKTX,Viking Therapeutics Inc,28.45,0,3,5,7,0,0,2,17,-9.0,8.0,Broken,Avoid/exit,23,-13.1,-7.3,-7.2,37.8,1,,Healthcare,3303205632.0,3545928.04
HTFL,"Heartflow, Inc. Common Stock",28.1,4,6,6,4,5,0,2,27,-19.0,8.0,Broken,Avoid/exit,33,-9.3,-3.8,-4.1,45.5,1,,Healthcare,2423367424.0,966606.35
TEPLX,TEMPLETON GROWTH FUND INC. CLASS A,28.35,3,3,2,7,3,0,2,20,-15.0,8.0,Broken,Avoid/exit,29,-3.5,-1.9,-2.4,40.5,0,,nan,0.0,0.0
TGADX,TEMPLETON GROWTH FUND INC. ADVISOR CLASS,28.62,3,3,2,7,3,0,2,20,-15.0,8.0,Broken,Avoid/exit,29,-3.5,-1.9,-2.3,40.7,0,,nan,0.0,0.0
XOEX,DBX ETF Trust - Xtrackers S&P 100 Ex Top 20 ETF,39.588,13,5,3,5,3,5,4,38,-30,8,Broken,Avoid/exit,60,-1.5,1.3,0.6,57.6,0,,nan,nan,30505.47
TYG,Tortoise Energy Infrastructure Closed Fund,43.2,1,8,3,1,2,1,2,18,-10.0,8.0,Broken,Avoid/exit,24,-1.8,-6.9,-4.6,29.9,1,,Financial Services,929409216.0,120827.0
EMTL,SPDR® DoubleLine® Emerging Markets Fixed Income ETF,42.654,2,4,5,7,3,2,3,26,-18.0,8.0,Broken,Avoid/exit,21,-0.7,-0.1,-0.3,42.0,0,,nan,nan,16448.84
AEMOX,ALLIANZGI EMERGING MARKETS OPPORTUNITIES FUND R6,43.52,8,4,1,7,3,0,3,26,-18.0,8.0,Broken,Avoid/exit,48,-4.5,1.4,-1.4,49.4,0,,nan,0.0,0.0
MNRS,Grayscale Bitcoin Miners ETF,43.267,11,4,2,5,3,2,4,31,-23.0,8.0,Broken,Avoid/exit,50,-12.8,-5.1,-4.9,48.2,0,,nan,nan,11042.81
DSDVF,DSV Panalpina A/S,241.095,7,7,5,0,0,4,4,27,-19.0,8.0,Broken,Avoid/exit,31,-1.0,3.0,-1.5,47.0,0,,Industrials,57516941312.0,1024.39
BE,Bloom Energy Corp,263.61,8,4,6,6,3,2,4,33,-25.0,8.0,Broken,Avoid/exit,55,-7.5,-14.4,-5.7,47.3,1,,Industrials,74982244352.0,12336554.95
PWR,Quanta Services Inc,695.11,7,5,0,5,3,0,2,22,-14.0,8.0,Broken,Avoid/exit,52,-2.3,-3.0,-2.7,46.7,0,,Industrials,104308301824.0,1059619.78
^W5000,Wilshire 5000 Total Market Index,73741.477,8,4,3,7,3,1,3,29,-21.0,8.0,Broken,Avoid/exit,54,-2.5,-0.6,-0.9,49.2,0,,Other,nan,0.0
PRS,"Prudential Financial, Inc. 5.62",21.96,0,6,1,5,0,1,2,15,-8.0,7.0,Broken,Avoid/exit,4,-2.4,-2.5,-2.4,22.6,0,,nan,44132130000.0,36380.48
QUIK,QuickLogic Corporation,20.0,14,3,1,6,3,5,5,37,-30,7,Broken,Avoid/exit,58,-3.5,-0.8,-1.5,51.9,1,,Technology,354480000.0,273255.85
AAUC,Allied Gold Corporation,25.5,2,5,1,9,0,2,2,21,-14.0,7.0,Broken,Avoid/exit,31,-2.6,-4.0,-6.6,31.1,1,,Basic Materials,3209971456.0,649544.11
OLN,Olin Corporation,24.54,2,4,3,2,2,2,2,17,-10.0,7.0,Broken,Avoid/exit,31,-5.1,-5.7,-6.4,35.6,1,,Basic Materials,2795051264.0,2689331.0
ACHC,Acadia Healthcare Company Inc,24.48,6,6,4,4,3,2,3,28,-21.0,7.0,Broken,Avoid/exit,60,5.5,6.3,-1.0,47.9,1,,Healthcare,2251352832.0,3158944.65
MOTI,VanEck Morningstar International Moat ETF,33.865,1,5,8,6,2,1,2,25,-18.0,7.0,Broken,Avoid/exit,15,-3.1,-3.3,-2.3,37.4,0,,nan,nan,27185.4
CBLS,Clough Hedged Equity ETF,32.704,16,7,1,3,3,2,4,36,-29.0,7.0,Broken,Avoid/exit,63,0.3,1.3,-0.2,51.7,0,,nan,nan,5599.3
EMGAX,WELLS FARGO EMERGING MARKETS EQUITY FUND CLASS A,38.97,8,4,0,7,3,1,2,25,-18.0,7.0,Broken,Avoid/exit,47,-5.3,-1.7,-3.3,44.8,0,,nan,0.0,0.0
WIP,SPDR® FTSE International Government Inflation-Protected Bond ETF,39.69,2,5,1,3,2,1,3,17,-10.0,7.0,Broken,Avoid/exit,23,-2.5,-1.2,-1.4,40.6,0,,nan,nan,80807.25
WWJD,Inspire International ESG ETF,38.28,6,4,4,1,3,5,2,25,-18.0,7.0,Broken,Avoid/exit,37,-3.0,-2.4,-2.4,39.8,0,,nan,nan,55833.46
PRAE,Northern Lights Fund Trust III,39.493,7,5,5,6,3,0,3,29,-25.0,7.0,Broken,Avoid/exit,57,-2.9,-1.8,-2.3,42.0,0,,nan,nan,391.98
HSYDF,Harmonic Drive Systems Inc,41.705,14,6,1,6,3,0,5,35,-28.0,7.0,Broken,Avoid/exit,52,-18.2,-1.9,-4.4,49.5,0,,Industrials,3948078848.0,2212.77
EMGNX,WELLS FARGO EMERGING MARKETS EQUITY FUND INSTITUTIONAL,40.59,8,4,0,7,3,1,2,25,-18.0,7.0,Broken,Avoid/exit,47,-5.3,-1.6,-3.3,44.9,0,,nan,0.0,0.0
PIO,Invesco Global Water ETF,43.68,6,8,3,0,3,3,2,25,-18.0,7.0,Broken,Avoid/exit,21,-1.1,0.3,-1.4,40.9,0,,nan,nan,11167.14
UXAP,FT Vest U.S. Equity Uncapped Accelerator ETF - April,42.406,8,3,3,7,3,1,4,29,-22.0,7.0,Broken,Avoid/exit,59,-2.7,-0.5,-0.8,50.1,0,,nan,nan,728.61
EME,EMCOR Group Inc,817.44,4,3,1,4,3,4,2,21,-14.0,7.0,Broken,Avoid/exit,48,-1.1,-3.7,-4.2,38.8,1,,Industrials,36402704384.0,453342.0
WFC-PL,Wells Fargo & Company,1156.51,1,5,1,3,2,1,2,15,-8.0,7.0,Broken,Avoid/exit,7,-1.4,-1.7,-1.6,34.7,0,,Financial Services,187783643136.0,6992.57
WFC-P-L,Wells Fargo & Company 7.50% Non-Cumulative Perpetual Convertible Class A Preferred Stock Series L,1156.51,1,5,1,3,2,1,2,15,-8.0,7.0,Broken,Avoid/exit,7,-1.4,-1.7,-1.6,34.7,0,,Other,nan,6992.59
EPR-PG,EPR Properties,20.202,3,4,7,2,1,1,3,21,-18.0,6.0,Broken,Avoid/exit,34,-0.5,-1.9,-1.0,44.3,0,,Real Estate,4653672448.0,7653.73
BVILF,Breville Group Limited,21.25,1,1,2,6,3,1,2,16,-10.0,6.0,Broken,Avoid/exit,0,-4.7,-4.7,-3.9,6.3,0,,Consumer Cyclical,3077819392.0,0.0
MFA-PB,MFA Financial Inc,20.09,1,2,3,2,5,1,2,16,-10.0,6.0,Broken,Avoid/exit,22,-2.3,-2.1,-2.0,34.4,0,,Real Estate,2687555072.0,14118.63
GDV-PH,The Gabelli Dividend & Income Trust,21.74,3,7,1,2,2,1,3,19,-13.0,6.0,Broken,Avoid/exit,9,-1.6,-0.5,-1.1,37.7,0,,Financial Services,1577355648.0,3524.91
GLIBA,"GCI Liberty, Inc. - Series A GCI Group",21.68,1,10,0,1,3,2,2,19,-13.0,6.0,Broken,Avoid/exit,13,-2.8,-16.1,-12.2,27.3,1,,Communication Services,865140224.0,57878.92
CTRI,"Centuri Holdings, Inc.",29.84,5,6,1,4,0,6,2,24,-18.0,6.0,Broken,Avoid/exit,41,-2.9,-1.1,-4.9,41.3,0,,Utilities,3011890432.0,1753292.32
IDYA,Ideaya Biosciences Inc,28.29,3,8,8,5,0,0,3,27,-21.0,6.0,Broken,Avoid/exit,28,-4.0,-4.2,-2.4,43.4,1,,Healthcare,2485585408.0,1080183.66
GDV,Gabelli Dividend & Income Closed Fund,28.57,6,2,6,5,3,5,3,30,-24.0,6.0,Broken,Avoid/exit,42,-2.3,-1.6,-1.6,38.0,0,,Financial Services,2149390000.0,115101.5
THDCX,THORNBURG DEVELOPING WORLD FUND THORNBURG DEVELOPING WORLD FUND CLASS C,28.98,8,4,0,7,3,0,2,24,-18.0,6.0,Broken,Avoid/exit,46,-5.3,-2.1,-3.0,44.4,0,,nan,0.0,0.0
PTEU,Pacer Trendpilot European Index ETF,32.04,9,4,2,3,3,2,3,26,-20.0,6.0,Broken,Avoid/exit,52,-2.6,-1.5,-1.0,47.5,0,,nan,nan,4168.39
NOVP,PGIM US Large-Cap Buffer 12 ETF - November,32.198,11,3,4,6,3,4,3,34,-28.0,6.0,Broken,Avoid/exit,53,-1.2,-0.0,-0.2,53.2,0,,nan,nan,4720.22
SRS,ProShares UltraShort Real Estate,39.93,3,6,2,0,0,2,3,16,-10.0,6.0,Broken,Avoid/exit,16,-3.3,-1.1,-2.9,41.5,0,,nan,nan,12553.2
INDH,WisdomTree India Hedged Equity Fund,38.242,1,1,2,6,3,1,2,16,-10.0,6.0,Broken,Avoid/exit,12,-2.4,-2.7,-2.3,38.0,0,,nan,nan,1484.15
CTRN,Citi Trends Inc,43.06,10,7,1,4,0,0,2,24,-18.0,6.0,Broken,Avoid/exit,40,-6.4,12.6,-3.4,46.6,2,,Consumer Cyclical,360027008.0,105121.85
HEEM,iShares Currency Hedged MSCI Emerging Markets ETF,42.006,8,4,0,8,3,1,3,27,-21.0,6.0,Broken,Avoid/exit,52,-4.8,-1.2,-2.9,45.1,0,,nan,nan,23769.21
VEGI,iShares MSCI Global Agriculture Producers ETF,43.99,8,7,1,1,0,5,2,24,-18.0,6.0,Broken,Avoid/exit,44,0.1,0.2,-1.5,41.7,1,,nan,nan,42848.54
ADSK,Autodesk Inc,229.96,5,4,3,6,0,4,2,24,-18.0,6.0,Broken,Avoid/exit,20,-0.6,-4.3,-3.1,44.1,0,,Technology,48554962944.0,1868528.0
ZBRA,Zebra Technologies Corporation,232.11,5,4,2,0,3,2,4,20,-14.0,6.0,Broken,Avoid/exit,24,-4.7,-4.2,-4.8,43.4,0,,Technology,11056186368.0,753663.87
CME,CME Group Inc,257.4,1,7,0,0,4,0,2,14,-8.0,6.0,Broken,Avoid/exit,10,-5.9,-11.0,-6.3,30.9,0,,Financial Services,93004472320.0,2195901.16
RNMBY,Rheinmetall AG ADR,276.2,4,8,3,1,2,0,2,20,-14.0,6.0,Broken,Avoid/exit,7,-8.0,-2.1,-4.1,39.2,0,,Industrials,64274526208.0,70678.84
EWH,iShares MSCI Hong Kong ETF,21.82,0,6,1,6,0,4,2,19,-14.0,5.0,Broken,Avoid/exit,26,-5.6,-8.4,-6.0,25.1,0,,nan,2083284096.0,3887374.14
BCAX,Bicara Therapeutics Inc. Common Stock,20.0,3,6,4,4,7,0,2,26,-21.0,5.0,Broken,Avoid/exit,42,-8.0,-4.0,-4.6,42.2,1,,Healthcare,1314077312.0,569194.29
BAESF,BAE Systems PLC,25.55,2,4,7,3,2,0,2,20,-11.0,5.0,Broken,Avoid/exit,21,-6.4,-3.3,-3.9,39.4,0,,Industrials,74978492416.0,28806.34
NTGR,NETGEAR Inc,24.09,2,3,1,7,3,0,2,18,-13.0,5.0,Broken,Avoid/exit,37,-7.3,-3.2,-6.0,41.2,1,,Technology,646573312.0,486479.43
FLSA,Franklin FTSE Saudi Arabia ETF,32.33,1,2,8,5,0,5,2,23,-18.0,5.0,Broken,Avoid/exit,30,-3.1,-3.1,-2.6,35.7,0,,nan,nan,5526.57
KDEF,PLUS Korea Defense Industry Index ETF,42.01,0,2,0,7,0,2,2,13,-8.0,5.0,Broken,Avoid/exit,19,-16.0,-19.6,-18.5,22.6,0,,nan,nan,100524.84
CSW,"CSW Industrials, Inc.",266.37,4,6,4,6,2,0,2,24,-20.0,5.0,Broken,Avoid/exit,17,-3.8,1.4,-2.3,44.9,0,,Industrials,4347020800.0,153031.24
KORU,Direxion Daily South Korea Bull 3X Shares,610.01,6,4,0,9,3,3,2,27,-18.0,5.0,Broken,Avoid/exit,47,-44.0,-27.3,-33.3,40.8,0,,nan,nan,471914.02
GEV,GE Vernova LLC,933.61,2,2,1,5,3,0,2,15,-10.0,5.0,Broken,Avoid/exit,44,-3.6,-10.6,-6.9,37.2,0,,Industrials,250879672320.0,2877428.48
FNMFO,Federal National Mortgage Association,37000,0,1,0,9,0,0,2,12,-10.0,5.0,Broken,Avoid/exit,24,-15.9,-14.0,-11.3,26.9,0,,Financial Services,15187920896.0,26.0
ZKBGF,ZKB Gold ETF,4065.97,4,2,2,5,0,1,3,17,-8.0,5.0,Broken,Avoid/exit,22,-7.1,-7.1,-4.5,24.6,0,,Other,nan,28.0
CGHLY,China Gas Holdings Ltd ADR,21.32,1,1,2,5,3,0,2,14,-10.0,4.0,Broken,Avoid/exit,9,0.0,-8.7,-4.7,21.7,0,,Utilities,4646184448.0,0.0
GARPY,Golden Agri-Resources,20.0,1,1,2,0,3,5,2,14,-10.0,4.0,Broken,Avoid/exit,14,-4.9,-14.0,-7.4,12.4,0,,Consumer Defensive,2536334592.0,0.0
NPPSF,Nippon Sharyo Ltd Ord,21.04,1,1,0,5,3,2,2,14,-10.0,4.0,Broken,Avoid/exit,11,0.0,-27.7,-13.5,0.0,0,,Industrials,414424768.0,0.85
GUT-PC,The Gabelli Utility Trust,21.96,1,4,4,2,0,1,2,14,-10.0,4.0,Broken,Avoid/exit,10,-0.8,-0.4,-0.9,36.0,0,,Financial Services,324931040.0,3846.1
NRUC,National Rural Utilities Cooperative Finance Corp,23.31,1,2,1,4,3,1,2,14,-10.0,4.0,Broken,Avoid/exit,18,-1.8,-1.9,-1.9,33.4,0,,Financials,nan,15650.28
IBIDY,Ibiden Co.Ltd.,25.53,6,4,3,4,3,0,2,22,-18.0,4.0,Broken,Avoid/exit,32,-31.3,-12.2,-11.7,45.8,0,,Technology,28516554752.0,2286.75
SKBSY,Skanska AB ser. B ADR,25.73,0,5,4,6,0,1,2,18,-14.0,4.0,Broken,Avoid/exit,15,-4.9,-2.6,-3.2,39.9,0,,Industrials,10654288896.0,9397.61
OCANF,OceanaGold Corporation,25.75,0,1,0,9,0,0,2,12,-8.0,4.0,Broken,Avoid/exit,22,-14.7,-12.4,-13.1,33.4,0,,Basic Materials,7741185536.0,93274.87
OGC,OceanaGold Corporation,25.75,0,1,0,9,0,0,2,12,-8.0,4.0,Broken,Avoid/exit,22,-14.7,-12.4,-13.1,33.4,0,,Basic Materials,5761944064.0,93992.34
FLGR,Franklin FTSE Germany ETF,33.125,8,5,2,1,3,1,3,23,-19.0,4.0,Broken,Avoid/exit,38,-3.4,-2.2,-1.8,44.5,0,,nan,nan,11548.19
TUR,iShares MSCI Turkey ETF,38.09,5,5,1,2,0,3,2,18,-14.0,4.0,Broken,Avoid/exit,30,-0.3,3.8,-4.2,40.1,0,,nan,nan,276564.92
HRNNF,Hydro One Limited,40.856,3,9,1,1,3,1,2,20,-16.0,4.0,Broken,Avoid/exit,29,-0.8,-4.5,-2.1,39.3,0,,Utilities,24517521408.0,71825.95
THNPY,Technip Energies NV ADR,40.155,1,6,3,5,3,2,2,22,-18.0,4.0,Broken,Avoid/exit,34,-3.0,-4.2,-4.3,35.6,0,,Energy,7028534272.0,6054.0
IPAY,"Amplify Digital Payments ETF
",43.169,0,2,4,4,2,0,2,14,-10.0,4.0,Broken,Avoid/exit,13,-6.9,-4.8,-4.5,36.1,0,,nan,nan,25680.57
FB,ProShares Trust ProShares S&P 500 Dynamic Buffer ETF,43.93,6,5,1,7,3,0,3,25,-21.0,4.0,Broken,Avoid/exit,46,-1.4,-1.5,-1.0,39.1,0,,nan,nan,1653.35
HELNF,Helvetia Holding AG,250.0,2,1,1,5,3,0,2,14,-10.0,4.0,Broken,Avoid/exit,26,-8.1,-8.1,-5.4,11.0,0,,Financial Services,25375123456.0,2.98
IHSFF,iShares II Public Limited Company - iShares $ TIPS UCITS ETF,257.011,5,4,2,3,3,2,3,22,-18.0,4.0,Broken,Avoid/exit,35,-0.5,0.3,-0.3,46.6,0,,Other,nan,1785.14
ORANY,Orange S.A.,20.04,2,2,2,6,2,5,2,21,-18.0,3.0,Broken,Avoid/exit,43,-4.4,-6.4,-4.0,35.2,0,,Communication Services,53292032000.0,161615.17
WDS,Woodside Energy Group Ltd,21.33,2,2,6,6,0,3,2,21,-18.0,3.0,Broken,Avoid/exit,40,-2.3,-5.5,-4.4,37.1,0,,Energy,40550465536.0,936488.5
DFKCY,Daifuku Co. Ltd,20.85,5,5,0,2,5,2,2,21,-18.0,3.0,Broken,Avoid/exit,44,-8.7,-1.3,-5.5,41.4,0,,Industrials,15333500928.0,45520.0
JPM-P-D,JPMorgan Chase Bank N A London Branch Depositary Shs Repstg 1400th Pfd Ser O,23.84,1,4,1,3,0,1,3,13,-10.0,3.0,Broken,Avoid/exit,9,-0.7,-0.8,-1.0,35.4,0,,Other,nan,112651.74
LKQ,LKQ Corporation,25.22,0,7,2,0,2,0,2,13,-10.0,3.0,Broken,Avoid/exit,6,-7.0,-6.2,-5.3,34.4,0,,Consumer Cyclical,6425824768.0,3300956.95
PUTKY,United Tractors Tbk PT ADR,24.14,0,6,1,2,0,4,2,15,-13.0,3.0,Broken,Avoid/exit,20,-8.8,-12.0,-13.6,12.4,0,,Basic Materials,4256976128.0,12847.03
GLOP-PB,GasLog Partners LP,25.13,1,2,1,10,0,0,2,16,-13.0,3.0,Broken,Avoid/exit,10,-2.4,-2.1,-2.2,35.9,1,,Energy,1092471040.0,3157.4
BLKB,Blackbaud Inc,28.31,0,7,1,1,2,0,2,13,-10.0,3.0,Broken,Avoid/exit,9,-7.8,-4.4,-9.4,34.2,0,,Technology,1300337792.0,457675.03
FLAU,Franklin FTSE Australia ETF,33.537,3,1,6,6,0,3,2,21,-18.0,3.0,Broken,Avoid/exit,31,-3.9,-2.9,-3.0,38.3,0,,nan,nan,16575.41
FLIN,Franklin FTSE India ETF,33.97,1,6,5,3,3,1,2,21,-18.0,3.0,Broken,Avoid/exit,12,-2.7,-1.3,-1.8,41.2,0,,nan,nan,676042.13
VCLN,Virtus Duff & Phelps Clean Energy ETF,32.963,11,6,2,3,3,2,4,31,-28.0,3.0,Broken,Avoid/exit,49,-7.4,-2.8,-2.9,47.1,0,,nan,nan,3606.72
FDFF,Fidelity Disruptive Finance ETF,32.11,1,4,6,4,3,1,2,21,-18.0,3.0,Broken,Avoid/exit,17,-4.4,-3.6,-2.9,38.6,0,,nan,nan,4480.0
BETH,ProShares Bitcoin & Ether Market Cap Weight ETF,33.052,0,5,2,5,0,4,2,18,-11.0,3.0,Broken,Avoid/exit,18,-18.7,-23.2,-17.4,18.0,0,,nan,nan,5245.0
KEAT,Keating Active ETF,32.655,3,1,2,4,0,1,2,13,-10.0,3.0,Broken,Avoid/exit,33,-2.2,-3.4,-2.5,31.2,0,,nan,nan,3664.05
MAYP,PGIM US Large-Cap Buffer 12 ETF - May,32.132,8,6,1,4,3,1,3,26,-23.0,3.0,Broken,Avoid/exit,53,-1.2,-0.1,-0.4,49.1,0,,nan,nan,4186.12
EWO,iShares MSCI Austria ETF,40.07,11,5,2,3,3,3,4,31,-28.0,3.0,Broken,Avoid/exit,48,-2.7,0.8,-0.2,51.6,0,,nan,92648000.0,39741.3
NEBX,Tradr 2X Long NBIS Daily ETF,42.22,0,4,0,10,0,0,2,16,-13.0,3.0,Broken,Avoid/exit,33,-68.8,-66.1,-57.7,37.9,0,,nan,nan,0.0
RYMPX,PRECIOUS METALS FUND CLASS H,229.89,0,2,0,6,0,0,2,10,-10.0,3.0,Broken,Avoid/exit,21,-11.8,-8.0,-9.5,36.4,0,,nan,0.0,0.0
RYMNX,PRECIOUS METALS FUND CLASS A,239.94,0,2,0,6,0,0,2,10,-10.0,3.0,Broken,Avoid/exit,21,-11.8,-8.0,-9.5,36.4,0,,nan,0.0,0.0
RYPMX,PRECIOUS METALS FUND INVESTOR CLASS,260.63,0,2,0,6,0,0,2,10,-10.0,3.0,Broken,Avoid/exit,21,-11.8,-8.0,-9.5,36.4,0,,nan,0.0,0.0
USB-PP,U.S. Bancorp,21.64,1,3,2,3,0,1,2,12,-10.0,2.0,Broken,Avoid/exit,12,-1.3,-1.4,-1.4,32.7,0,,Financial Services,69334327296.0,44049.26
CIADY,China Mengniu Dairy Co Ltd ADR,20.1,0,2,3,3,0,2,2,12,-10.0,2.0,Broken,Avoid/exit,31,-6.7,-9.6,-7.0,31.4,0,,Consumer Defensive,7776078336.0,10869.95
DMRA,"Damora Therapeutics, Inc.",21.01,2,2,6,4,5,0,2,21,-19.0,2.0,Broken,Avoid/exit,28,-15.6,-15.5,-12.3,31.0,1,,Healthcare,1293232640.0,1288871.04
MCFT,MCBC Holdings Inc,21.97,3,6,1,0,4,0,2,16,-14.0,2.0,Broken,Avoid/exit,40,-5.7,-5.7,-5.7,40.1,0,,Consumer Cyclical,532163264.0,150151.37
AMX,America Movil SAB de CV ADR,24.84,2,3,2,3,3,5,2,20,-18.0,2.0,Broken,Avoid/exit,49,-2.1,-5.7,-4.2,34.2,0,,Communication Services,74619363328.0,2015346.39
EOCT,Innovator ETFs Trust - Innovator Emerging Markets Power Buffer ETF - July,33.484,8,3,6,6,3,1,3,30,-28.0,2.0,Broken,Avoid/exit,47,-1.6,-0.8,-1.1,41.0,0,,nan,nan,20502.17
FIS,Fidelity National Information Services Inc,40.95,0,5,3,4,2,0,2,16,-14.0,2.0,Broken,Avoid/exit,11,-4.7,-6.1,-4.6,37.7,0,,Technology,21166200832.0,4886487.13
FTWO,Strive Natural Resources and Security ETF,43.714,3,4,2,6,0,3,2,20,-18.0,2.0,Broken,Avoid/exit,31,-2.4,-2.1,-2.9,39.0,0,,nan,nan,12274.2
TNGX,Tango Therapeutics Inc,20.22,4,6,0,3,3,2,2,20,-19.0,1.0,Broken,Avoid/exit,42,-8.0,-6.5,-6.7,43.9,1,,Healthcare,2924782080.0,3053582.5
NGLOY,Anglo American PLC ADR,25.6,10,6,1,4,3,2,3,29,-28.0,1.0,Broken,Avoid/exit,52,-4.8,0.5,-2.8,47.5,1,,Basic Materials,54860181504.0,563306.35
GAM-PB,General American Investors Company Inc.,24.658,1,4,0,11,0,1,3,20,-19.0,1.0,Broken,Avoid/exit,21,-1.5,-1.2,-1.2,35.7,0,,nan,849178560.0,9915.27
MCDIF,Mcdermott International Ltd,24.5,3,1,3,2,5,0,2,16,-15.0,1.0,Broken,Avoid/exit,40,-2.0,-9.3,-4.6,23.5,1,,Industrials,731920896.0,43137.5
FPLSF,5N Plus Inc,29.25,11,4,1,3,3,2,5,29,-28.0,1.0,Broken,Avoid/exit,59,-4.7,-4.7,-2.6,49.5,0,,Basic Materials,2630608128.0,31805.51
SMID,Smith-Midland Corp,29.91,2,6,2,2,3,2,2,19,-18.0,1.0,Broken,Avoid/exit,18,-6.7,1.4,-4.1,43.6,0,,Basic Materials,158719024.0,8855.81
AGGNX,GLOBAL GOLD FUND INSTITUTIONAL CLASS,28.86,0,2,1,6,0,0,2,11,-10.0,1.0,Broken,Avoid/exit,22,-11.4,-8.5,-9.7,34.3,0,,nan,0.0,0.0
SEF,ProShares Short Financials,32.45,3,4,8,3,2,0,3,23,-20.0,1.0,Broken,Avoid/exit,32,-1.3,-0.8,-1.1,43.0,0,,nan,nan,16803.58
TMFS,The RBB Fund Inc. - MFAM Small-Cap Growth ETF,32.993,1,3,4,5,3,1,2,19,-18.0,1.0,Broken,Avoid/exit,18,-2.5,-3.1,-2.6,39.5,0,,nan,nan,7720.28
NVIR,Listed Funds Trust - Horizon Kinetics Energy and Remediation ETF,38.65,3,3,0,4,0,7,3,20,-19.0,1.0,Broken,Avoid/exit,46,-0.2,-4.9,-2.6,41.0,0,,nan,nan,1106.14
AMZW,Roundhill ETF Trust - Roundhill AMZN WeeklyPay ETF,38.43,1,4,1,6,3,2,2,19,-18.0,1.0,Broken,Avoid/exit,17,-11.6,-11.1,-7.7,35.4,0,,nan,nan,34201.5
GLDAX,GABELLI GOLD FUND INC CLASS A,42.82,0,2,1,6,0,0,2,11,-10.0,1.0,Broken,Avoid/exit,15,-12.1,-8.2,-10.1,33.8,0,,nan,0.0,0.0
FAZ,Direxion Daily Financial Bear 3X Shares,42.92,3,4,6,4,2,0,2,21,-20.0,1.0,Broken,Avoid/exit,38,-4.5,-3.2,-4.2,41.6,0,,nan,nan,1221789.35
FKRCX,FRANKLIN GOLD & PRECIOUS METALS FUND CLASS A,43.85,0,2,1,6,0,0,2,11,-10.0,1.0,Broken,Avoid/exit,25,-12.2,-8.2,-10.1,34.0,0,,nan,0.0,0.0
CGCYX,Columbia Greater China Class Y,42.3,0,2,0,6,0,1,2,11,-10.0,1.0,Broken,Avoid/exit,18,-2.9,-4.3,-4.8,34.9,0,,nan,0.0,0.0
LNGZX,COLUMBIA GREATER CHINA FUND COLUMBIA GREATER CHINA FUND CLASS Z,42.21,0,2,0,6,0,1,2,11,-10.0,1.0,Broken,Avoid/exit,18,-2.9,-4.3,-4.8,34.8,0,,nan,0.0,0.0
SIFI,Harbor Scientific Alpha Income,43.39,1,6,3,6,3,0,3,22,-21.0,1.0,Broken,Avoid/exit,29,-0.8,-0.2,-0.3,42.9,0,,nan,nan,208.92
ISMJF,iShares VII Public Limited Company - iShares Core MSCI Pacific ex Japan UCITS ETF,229.179,3,3,4,2,2,3,2,19,-18.0,1.0,Broken,Avoid/exit,30,-4.4,-4.2,-3.7,34.6,0,,nan,nan,1800.4
